{
  "metadata": {
    "analysis_date": "2026-01-17T20:19:43",
    "program_version": "1.0",
    "structure_id": "01551498-f2b",
    "sampling_rate_hz": 100.0,
    "recording_duration_sec": null
  },
  "modal_parameters": {
    "original_state": {
      "natural_frequencies_hz": [
        13.18359375,
        18.212890625,
        23.291015625,
        33.88671875,
        41.357421875
      ],
      "mode_shapes": [
        [
          0.7980773549855884,
          1.0,
          0.12616057099490596,
          0.12698370058823624,
          0.20692829313773908,
          0.05158436514782366
        ],
        [
          0.4661667997278246,
          1.0,
          0.12496904283435768,
          0.06526871381678989,
          0.022204479900325667,
          0.047503131127116155
        ],
        [
          0.23195417742320187,
          1.0,
          0.11660046074634844,
          0.2729225650788159,
          0.19021645779182725,
          0.04745224499461143
        ],
        [
          0.2503654761977683,
          0.10047669294156211,
          0.012219021711147842,
          0.5262755345226909,
          1.0,
          0.02032599421486494
        ],
        [
          0.4930914838430129,
          1.0,
          0.09254873562230576,
          0.06760119511014892,
          0.1329147667102057,
          0.022208469324526147
        ]
      ],
      "damping_ratios": [
        0.02,
        0.02,
        0.02,
        0.02,
        0.02
      ]
    },
    "damaged_state": {
      "natural_frequencies_hz": [
        18.115234375,
        24.0234375,
        29.443359375,
        34.033203125,
        40.625
      ],
      "mode_shapes": [
        [
          0.08379421233517304,
          0.09027205259865556,
          0.01913759784626269,
          0.22360130057779853,
          1.0,
          0.054199260445117955
        ],
        [
          0.5656064780315623,
          0.7921673474240145,
          0.10201540580304258,
          0.0666219840034774,
          1.0,
          0.07231055946504937
        ],
        [
          0.12826815685425658,
          0.2852014693368968,
          0.020280524022166083,
          0.11946916103048937,
          1.0,
          0.10080491483233123
        ],
        [
          0.1994996877644639,
          0.05374216479212008,
          0.04191583332520873,
          0.1184080387256467,
          1.0,
          0.09545878002652611
        ],
        [
          0.026539574576864983,
          0.291590780712696,
          0.07088942955571242,
          0.130791025870817,
          1.0,
          0.06771326921343578
        ]
      ],
      "damping_ratios": [
        0.02,
        0.02,
        0.02,
        0.02,
        0.02
      ]
    },
    "repaired_state": {
      "natural_frequencies_hz": [
        1.5625,
        19.3359375,
        24.21875,
        33.837890625,
        41.650390625
      ],
      "mode_shapes": [
        [
          0.4568432554754028,
          1.0,
          0.025621214853325674,
          0.3026726783281493,
          0.3643212579103345,
          0.07053953022232859
        ],
        [
          0.19839011299067894,
          1.0,
          0.026147926094346973,
          0.24915485828991138,
          0.28668665982486,
          0.012013352299082243
        ],
        [
          0.2791751185078186,
          1.0,
          0.0997214964143339,
          0.1308589872421583,
          0.3925148739192636,
          0.038081304433470964
        ],
        [
          0.20284703916272723,
          0.8733121613245755,
          0.04116418162493427,
          0.5428567443033275,
          1.0,
          0.030012681339590005
        ],
        [
          0.24373963386389944,
          1.0,
          0.07155592042017729,
          0.10899460997324345,
          0.20203526350181486,
          0.027351966440971008
        ]
      ],
      "damping_ratios": [
        0.02,
        0.02,
        0.02,
        0.02,
        0.02
      ]
    }
  },
  "quality_assessment": {
    "overall_score": 0.946495689650374,
    "breakdown": {
      "frequency_recovery": 0.96984126984127,
      "mode_shape_match": 0.8719168490991303,
      "damping_recovery": 1.0
    },
    "per_mode_analysis": [
      {
        "mode": 1,
        "frequency_recovery": 1.0,
        "mac_value": 0.8944050434688372,
        "damping_recovery": 1.0
      },
      {
        "mode": 2,
        "frequency_recovery": 1.0,
        "mac_value": 0.8525154603020094,
        "damping_recovery": 1.0
      },
      {
        "mode": 3,
        "frequency_recovery": 0.8492063492063492,
        "mac_value": 0.9495039115137428,
        "damping_recovery": 1.0
      },
      {
        "mode": 4,
        "frequency_recovery": 1.0,
        "mac_value": 0.716069092852874,
        "damping_recovery": 1.0
      },
      {
        "mode": 5,
        "frequency_recovery": 1.0,
        "mac_value": 0.9470907373581883,
        "damping_recovery": 1.0
      }
    ],
    "interpretation": "Very Good - Highly Effective Repair",
    "interpretation_code": "VERY_GOOD",
    "confidence_level": "high"
  },
  "statistics": {
    "frequency_changes": {
      "original_to_damaged_percent": [
        37.4,
        31.9,
        26.4,
        0.4,
        -1.8
      ],
      "damaged_to_repaired_percent": [
        -91.4,
        -19.5,
        -17.7,
        -0.6,
        2.5
      ],
      "recovery_percent": [
        335.6,
        80.7,
        84.9,
        133.3,
        140.0
      ]
    },
    "average_stiffness_loss_percent": 18.877461468474277,
    "average_stiffness_recovery_percent": 154.91396030359337
  },
  "mode_mapping": {
    "damaged_to_original": null,
    "repaired_to_original": null
  },
  "mac_matrices": {
    "original_vs_damaged": [
      [
        0.08633297482634532,
        0.6454573553082835,
        0.19806446445159676,
        0.10825772922646142,
        0.15788346084814764
      ],
      [
        0.02209692712762518,
        0.49469575237266106,
        0.10500647346577886,
        0.026261237323029322,
        0.08718206189257592
      ],
      [
        0.10607568808341739,
        0.5665990116749294,
        0.22409537200384133,
        0.08745610143697267,
        0.218098641950997
      ],
      [
        0.9151461761219544,
        0.5966060799480827,
        0.836293091655536,
        0.8703489259803576,
        0.815825635084578
      ],
      [
        0.05864761258351572,
        0.5931287307072721,
        0.17026124292366943,
        0.06572327786545547,
        0.145702794510946
      ]
    ],
    "original_vs_repaired": [
      [
        0.8944050434659796,
        0.7734029977815362,
        0.8249140751872912,
        0.482089863490063,
        0.8290942016255464
      ],
      [
        0.8722107533527301,
        0.8525154602989116,
        0.863403428384877,
        0.4088620543512409,
        0.9300688314906147
      ],
      [
        0.9411816368964966,
        0.9827943963657546,
        0.9495039115103031,
        0.6452180512399873,
        0.9751389270692046
      ],
      [
        0.2820432574684219,
        0.2020889717581455,
        0.23596571047814102,
        0.7160690928506533,
        0.11815003890729119
      ],
      [
        0.919024553527944,
        0.8844509299981897,
        0.9095042871470936,
        0.4916783475981579,
        0.9470907373547186
      ]
    ]
  },
  "recommendations": [
    "Structure suitable for normal operating loads",
    "Schedule follow-up inspection in 6 months",
    "Document repair in maintenance records",
    "Monitor vibration behavior periodically"
  ]
}