{
  "metadata": {
    "analysis_date": "2026-01-16T14:50:11",
    "program_version": "1.0",
    "structure_id": "02bcb84c-eb5",
    "sampling_rate_hz": 100.0,
    "recording_duration_sec": null
  },
  "modal_parameters": {
    "original_state": {
      "natural_frequencies_hz": [
        8.0078125,
        13.232421875,
        17.87109375,
        23.974609375,
        39.94140625
      ],
      "mode_shapes": [
        [
          0.7376418700018403,
          1.0,
          0.9638523945169942,
          0.23076619159504638,
          0.1295462257156221,
          0.08229158627024936
        ],
        [
          1.0,
          0.40307066841654604,
          0.7226322299925942,
          0.2437651218866151,
          0.4980783834932664,
          0.693652292681032
        ],
        [
          0.3323115891961724,
          0.17782608660615773,
          1.0,
          0.45409026351375575,
          0.18147596498315605,
          0.18186422126371962
        ],
        [
          0.7706157803013707,
          1.0,
          0.8809277586911614,
          0.13944993984740028,
          0.05335728581815384,
          0.09803236222579643
        ],
        [
          0.7932325172877068,
          0.7888056170616813,
          1.0,
          0.12525233774972228,
          0.25051776238272616,
          0.093134236576387
        ]
      ],
      "damping_ratios": [
        0.02,
        0.02,
        0.02,
        0.02,
        0.02
      ]
    },
    "damaged_state": {
      "natural_frequencies_hz": [
        7.91015625,
        15.91796875,
        23.876953125,
        31.93359375,
        39.84375
      ],
      "mode_shapes": [
        [
          0.7378147977224486,
          1.0,
          0.8265542519974644,
          0.060596218239004185,
          0.11878993831997216,
          0.10479480017484838
        ],
        [
          0.7405196236071843,
          0.929083510276167,
          1.0,
          0.09766982006158895,
          0.07643252521447425,
          0.09101686026363742
        ],
        [
          0.4450639356263581,
          0.8559056804922239,
          1.0,
          0.08043552822104173,
          0.16268082224090982,
          0.13132185910026717
        ],
        [
          0.4212836275971805,
          1.0,
          0.7868168391075125,
          0.5280856509173029,
          0.2023224379823698,
          0.45162192164391635
        ],
        [
          0.3739443612622436,
          0.8960808999652059,
          1.0,
          0.45260183994592085,
          0.4895546002266834,
          0.33304478138358923
        ]
      ],
      "damping_ratios": [
        0.02,
        0.02,
        0.02,
        0.02,
        0.02
      ]
    },
    "repaired_state": {
      "natural_frequencies_hz": [
        8.056640625,
        16.11328125,
        24.12109375,
        32.32421875,
        40.380859375
      ],
      "mode_shapes": [
        [
          0.6437344036148701,
          1.0,
          0.692290076963863,
          0.012839679722008552,
          0.01559462625846648,
          0.016199058998629556
        ],
        [
          0.6703791592109175,
          0.9641910470922923,
          1.0,
          0.11793252198719453,
          0.08007681041318354,
          0.07088291670431493
        ],
        [
          0.3494983470335312,
          0.6098928840801677,
          1.0,
          0.08566907992604986,
          0.21322731189943636,
          0.2900433037904294
        ],
        [
          0.8607954374677211,
          1.0,
          0.7605363589013497,
          0.17993000509071205,
          0.16711616236908886,
          0.2466986262845746
        ],
        [
          1.0,
          0.7939595568029492,
          0.7463695563740393,
          0.15508310600232755,
          0.23636212937129658,
          0.6126200956599704
        ]
      ],
      "damping_ratios": [
        0.02,
        0.02,
        0.02,
        0.02,
        0.02
      ]
    }
  },
  "quality_assessment": {
    "overall_score": 0.8070154520591462,
    "breakdown": {
      "frequency_recovery": 0.711111111111111,
      "mode_shape_match": 0.8381996550119686,
      "damping_recovery": 1.0
    },
    "per_mode_analysis": [
      {
        "mode": 1,
        "frequency_recovery": 1.0,
        "mac_value": 0.9555571346995562,
        "damping_recovery": 1.0
      },
      {
        "mode": 2,
        "frequency_recovery": 0.0,
        "mac_value": 0.6066874993226982,
        "damping_recovery": 1.0
      },
      {
        "mode": 3,
        "frequency_recovery": 0.5555555555555556,
        "mac_value": 0.7958771412552763,
        "damping_recovery": 1.0
      },
      {
        "mode": 4,
        "frequency_recovery": 1.0,
        "mac_value": 0.975716964940616,
        "damping_recovery": 1.0
      },
      {
        "mode": 5,
        "frequency_recovery": 1.0,
        "mac_value": 0.8571595348416959,
        "damping_recovery": 1.0
      }
    ],
    "interpretation": "Good - Acceptable Repair",
    "interpretation_code": "GOOD",
    "confidence_level": "high"
  },
  "statistics": {
    "frequency_changes": {
      "original_to_damaged_percent": [
        -1.2,
        20.3,
        33.6,
        33.2,
        -0.2
      ],
      "damaged_to_repaired_percent": [
        1.9,
        1.2,
        1.0,
        1.2,
        1.3
      ],
      "recovery_percent": [
        150.0,
        -7.3,
        -4.1,
        -4.9,
        550.0
      ]
    },
    "average_stiffness_loss_percent": 17.127061072919453,
    "average_stiffness_recovery_percent": 136.7508513233487
  },
  "mode_mapping": {
    "damaged_to_original": null,
    "repaired_to_original": null
  },
  "mac_matrices": {
    "original_vs_damaged": [
      [
        0.9836190170395047,
        0.9897387619391056,
        0.9569183960834363,
        0.8589574697706257,
        0.8529813739383859
      ],
      [
        0.6365790354734088,
        0.6395363830214058,
        0.5929538379338498,
        0.6529007337037983,
        0.6754610519478033
      ],
      [
        0.5441264789379584,
        0.6412258678296607,
        0.6897191771457863,
        0.6525012816545954,
        0.7599000851738138
      ],
      [
        0.9947208139612339,
        0.9907902846568911,
        0.9380851801444314,
        0.8267460709726808,
        0.7971793462069622
      ],
      [
        0.9574978958899915,
        0.9781012801751586,
        0.9440883763266067,
        0.788665914349889,
        0.8388818441879184
      ]
    ],
    "original_vs_repaired": [
      [
        0.9555571346969706,
        0.9918246697081698,
        0.870552836228279,
        0.9656929308605038,
        0.8320020071753081
      ],
      [
        0.5255645815517478,
        0.6066874993211439,
        0.6717958524572865,
        0.7387313517193028,
        0.9107601143830183
      ],
      [
        0.4480778796580428,
        0.639981995376583,
        0.7958771412526913,
        0.5527994746218626,
        0.558371473599943
      ],
      [
        0.978661740345626,
        0.9886218113123691,
        0.8380512558892709,
        0.975716964938108,
        0.8453552666611108
      ],
      [
        0.9018082144398154,
        0.9686235885089649,
        0.896779077894777,
        0.9426835838541445,
        0.8571595348395199
      ]
    ]
  },
  "recommendations": [
    "Structure suitable for normal operating loads",
    "Schedule follow-up inspection in 6 months",
    "Document repair in maintenance records",
    "Monitor vibration behavior periodically"
  ]
}