{
  "metadata": {
    "analysis_date": "2026-01-19T13:05:33",
    "program_version": "1.0",
    "structure_id": "07ed26ec-955",
    "sampling_rate_hz": 100.0,
    "recording_duration_sec": null
  },
  "modal_parameters": {
    "original_state": {
      "natural_frequencies_hz": [
        3.125,
        10.0341796875,
        16.30859375,
        23.6572265625,
        29.7607421875
      ],
      "mode_shapes": [
        [
          0.033543122099261885,
          0.004585633989609944,
          0.007713515407957455,
          0.1166698708313896,
          0.025071356309149206,
          1.0
        ],
        [
          0.03469572918395814,
          0.00297720907203317,
          0.012610938678958118,
          0.16199654257054313,
          0.02107011073860872,
          1.0
        ],
        [
          0.1537260409414228,
          0.027967829200128122,
          0.03302712829122266,
          0.1037602144301091,
          0.02323424449042188,
          1.0
        ],
        [
          0.059671962738203,
          0.011522239469959427,
          0.0212840355547941,
          0.14607848490647177,
          0.030311991565600004,
          1.0
        ],
        [
          1.0,
          0.11001858208476079,
          0.21041461538699846,
          0.0038338836691995714,
          0.0021186367504216234,
          0.04273867485450739
        ]
      ],
      "damping_ratios": [
        0.02,
        0.02,
        0.02,
        0.02,
        0.02
      ]
    },
    "damaged_state": {
      "natural_frequencies_hz": [
        1.9287109375,
        6.4208984375,
        11.2548828125,
        17.822265625,
        28.3203125
      ],
      "mode_shapes": [
        [
          0.03646801969166895,
          0.023082937418911823,
          0.025987803982523705,
          0.338010662994546,
          0.03125537193333577,
          1.0
        ],
        [
          0.5024339676157317,
          0.15831860038226306,
          0.2027104153442555,
          0.3698982726330776,
          0.24389680178277223,
          1.0
        ],
        [
          0.038446636812567415,
          0.005322202589445472,
          0.0404012555987256,
          0.29023990388304927,
          0.002947843564636532,
          1.0
        ],
        [
          0.6135431997160573,
          0.20920463758579055,
          0.4563672299470792,
          0.0690156695629861,
          0.6909492086510155,
          1.0
        ],
        [
          0.3038582704077172,
          0.14728396482166445,
          0.1898225636460971,
          0.242919262340294,
          0.13101058559889658,
          1.0
        ]
      ],
      "damping_ratios": [
        0.02,
        0.02,
        0.02,
        0.02,
        0.02
      ]
    },
    "repaired_state": {
      "natural_frequencies_hz": [
        7.4951171875,
        14.892578125,
        20.947265625,
        28.1005859375,
        43.0908203125
      ],
      "mode_shapes": [
        [
          0.35422305471546345,
          1.0,
          0.20835433714405313,
          0.028478502876734726,
          0.03167622540244718,
          0.0237056038109704
        ],
        [
          1.0,
          0.42862741239415464,
          0.39441314960028057,
          0.6372609927820855,
          0.2727834556754725,
          0.8952123707098313
        ],
        [
          1.0,
          0.24249262462770893,
          0.18449640355991975,
          0.20870281209855482,
          0.34076225843885566,
          0.30420957840829427
        ],
        [
          0.5464371562608262,
          1.0,
          0.3716315104219079,
          0.6109562224201468,
          0.027189314509014757,
          0.1303200687167111
        ],
        [
          0.5757877954844808,
          0.9767109262670789,
          0.33815623873316497,
          0.39747168025881724,
          0.8099899782145901,
          1.0
        ]
      ],
      "damping_ratios": [
        0.02,
        0.02,
        0.02,
        0.02,
        0.02
      ]
    }
  },
  "quality_assessment": {
    "overall_score": 0.6757565265030385,
    "breakdown": {
      "frequency_recovery": 0.8,
      "mode_shape_match": 0.25252175501012813,
      "damping_recovery": 1.0
    },
    "per_mode_analysis": [
      {
        "mode": 1,
        "frequency_recovery": 1.0,
        "mac_value": 0.0017711503157547977,
        "damping_recovery": 1.0
      },
      {
        "mode": 2,
        "frequency_recovery": 1.0,
        "mac_value": 0.40535043119637565,
        "damping_recovery": 1.0
      },
      {
        "mode": 3,
        "frequency_recovery": 1.0,
        "mac_value": 0.17954130921787576,
        "damping_recovery": 1.0
      },
      {
        "mode": 4,
        "frequency_recovery": 1.0,
        "mac_value": 0.390808183475483,
        "damping_recovery": 1.0
      },
      {
        "mode": 5,
        "frequency_recovery": 0.0,
        "mac_value": 0.2851377008451514,
        "damping_recovery": 1.0
      }
    ],
    "interpretation": "Fair - Partial Improvement",
    "interpretation_code": "FAIR",
    "confidence_level": "high"
  },
  "statistics": {
    "frequency_changes": {
      "original_to_damaged_percent": [
        -38.3,
        -36.0,
        -31.0,
        -24.7,
        -4.8
      ],
      "damaged_to_repaired_percent": [
        288.6,
        131.9,
        86.1,
        57.7,
        52.2
      ],
      "recovery_percent": [
        465.3,
        234.5,
        191.8,
        176.2,
        1025.4
      ]
    },
    "average_stiffness_loss_percent": -26.95672836183069,
    "average_stiffness_recovery_percent": 418.62547559011756
  },
  "mode_mapping": {
    "damaged_to_original": null,
    "repaired_to_original": null
  },
  "mac_matrices": {
    "original_vs_damaged": [
      [
        0.9561327471874991,
        0.7420550103925659,
        0.9712056468926523,
        0.5148322279302878,
        0.8752612081182606
      ],
      [
        0.9723985655313359,
        0.7566114964333452,
        0.9842351000536013,
        0.5113951095722644,
        0.8837244033241209
      ],
      [
        0.93851611498066,
        0.8164321685737135,
        0.9548990322252643,
        0.5922667128408983,
        0.926547526949541
      ],
      [
        0.9670527737896388,
        0.774715105925139,
        0.979746955217724,
        0.538172113597459,
        0.8983438574988422
      ],
      [
        0.0066329860846057265,
        0.229969152473062,
        0.007258449361919527,
        0.2703386315339008,
        0.1257502333814419
      ]
    ],
    "original_vs_repaired": [
      [
        0.0017711503157480093,
        0.38702004016683744,
        0.10196217261891335,
        0.02802533004786682,
        0.3661120820583026
      ],
      [
        0.0018252655202021374,
        0.40535043119507513,
        0.10604945021106135,
        0.035011840602398224,
        0.37196491605041326
      ],
      [
        0.01121452176057457,
        0.4835955326260169,
        0.1795413092172135,
        0.05356193575251429,
        0.42287450293012113
      ],
      [
        0.0036146049086651344,
        0.4252114849032433,
        0.12260479932997215,
        0.03956313071532404,
        0.3908081834742755
      ],
      [
        0.20925107561161826,
        0.4947133845459125,
        0.8194952329707328,
        0.28513770084417517,
        0.1883545320963573
      ]
    ]
  },
  "recommendations": [
    "Further repair recommended",
    "Schedule follow-up inspection in 6 months",
    "Document repair in maintenance records",
    "Monitor vibration behavior periodically"
  ]
}