{
  "metadata": {
    "analysis_date": "2026-01-22T10:01:22",
    "program_version": "1.0",
    "structure_id": "0b13ba30-09c",
    "sampling_rate_hz": 100.0,
    "recording_duration_sec": null
  },
  "modal_parameters": {
    "original_state": {
      "natural_frequencies_hz": [
        13.18359375,
        18.26171875,
        23.291015625,
        33.88671875,
        41.357421875
      ],
      "mode_shapes": [
        [
          0.9200835172041795,
          1.0,
          0.15691707829063897,
          0.14189188631319807,
          0.3699912012894707,
          0.06788694136541541
        ],
        [
          0.8050778253350627,
          1.0,
          0.06069790682524782,
          0.045231347951244026,
          0.26590061760353256,
          0.042250928524481264
        ],
        [
          0.3101483173789556,
          1.0,
          0.12651787881199952,
          0.25702161442539245,
          0.23963694182024958,
          0.04544524374598442
        ],
        [
          0.3074794981844683,
          0.06584539274244772,
          0.037196636109548015,
          0.5654882539039587,
          1.0,
          0.026892801182987387
        ],
        [
          0.4788731289158201,
          1.0,
          0.09165623937027792,
          0.07933674143297044,
          0.14068706096722977,
          0.02978425657328762
        ]
      ],
      "damping_ratios": [
        0.02,
        0.02,
        0.02,
        0.02,
        0.02
      ]
    },
    "damaged_state": {
      "natural_frequencies_hz": [
        4.833984375,
        14.306640625,
        18.408203125,
        22.607421875,
        30.95703125
      ],
      "mode_shapes": [
        [
          0.6237856057976844,
          1.0,
          0.07491342142401143,
          0.07339131534952256,
          0.3539440873138154,
          0.03602234043300806
        ],
        [
          0.21605244451625594,
          1.0,
          0.048831420707423974,
          0.14624708197376193,
          0.31433830238568816,
          0.02670285349618832
        ],
        [
          1.0,
          0.943599590616809,
          0.1795831913422795,
          0.17034356435592712,
          0.17903804332462753,
          0.061435325627578405
        ],
        [
          0.3217248592182644,
          0.4966067912165912,
          0.05598874328586358,
          0.2573448656567113,
          1.0,
          0.06494720419715799
        ],
        [
          1.0,
          0.17785904045109324,
          0.044698159610046743,
          0.4429972146544116,
          0.17867050797188602,
          0.1032553200262168
        ]
      ],
      "damping_ratios": [
        0.02,
        0.02,
        0.02,
        0.02,
        0.02
      ]
    },
    "repaired_state": {
      "natural_frequencies_hz": [
        13.18359375,
        18.212890625,
        23.291015625,
        33.88671875,
        41.357421875
      ],
      "mode_shapes": [
        [
          0.8151713314489333,
          1.0,
          0.13042988007477363,
          0.1288605733991704,
          0.22959493156282282,
          0.053743454282512385
        ],
        [
          0.4630241901998675,
          1.0,
          0.12358001322241027,
          0.06582281436514748,
          0.022144974630807876,
          0.048031164828043475
        ],
        [
          0.24373613704327762,
          1.0,
          0.11812481931938337,
          0.27057239758094676,
          0.19765464462721605,
          0.04708504247661323
        ],
        [
          0.25836776865802136,
          0.08644571812826282,
          0.015730873777931274,
          0.5317866992194756,
          1.0,
          0.020671734956339893
        ],
        [
          0.4910377706472015,
          1.0,
          0.09238736495660023,
          0.06928269006337594,
          0.1338360879204741,
          0.023159927108145194
        ]
      ],
      "damping_ratios": [
        0.02,
        0.02,
        0.02,
        0.02,
        0.02
      ]
    }
  },
  "quality_assessment": {
    "overall_score": 0.9932339723751278,
    "breakdown": {
      "frequency_recovery": 1.0,
      "mode_shape_match": 0.9774465745837594,
      "damping_recovery": 1.0
    },
    "per_mode_analysis": [
      {
        "mode": 1,
        "frequency_recovery": 1.0,
        "mac_value": 0.9886507292489021,
        "damping_recovery": 1.0
      },
      {
        "mode": 2,
        "frequency_recovery": 1.0,
        "mac_value": 0.9064158954352765,
        "damping_recovery": 1.0
      },
      {
        "mode": 3,
        "frequency_recovery": 1.0,
        "mac_value": 0.9951264573661884,
        "damping_recovery": 1.0
      },
      {
        "mode": 4,
        "frequency_recovery": 1.0,
        "mac_value": 0.9972976113694679,
        "damping_recovery": 1.0
      },
      {
        "mode": 5,
        "frequency_recovery": 1.0,
        "mac_value": 0.9997421794989616,
        "damping_recovery": 1.0
      }
    ],
    "interpretation": "Excellent - Nearly Perfect Repair",
    "interpretation_code": "EXCELLENT",
    "confidence_level": "high"
  },
  "statistics": {
    "frequency_changes": {
      "original_to_damaged_percent": [
        -63.3,
        -21.7,
        -21.0,
        -33.3,
        -25.1
      ],
      "damaged_to_repaired_percent": [
        172.7,
        27.3,
        26.5,
        49.9,
        33.6
      ],
      "recovery_percent": [
        100.0,
        98.8,
        100.0,
        100.0,
        100.0
      ]
    },
    "average_stiffness_loss_percent": -32.877666043544956,
    "average_stiffness_recovery_percent": 99.75308641975309
  },
  "mode_mapping": {
    "damaged_to_original": null,
    "repaired_to_original": null
  },
  "mac_matrices": {
    "original_vs_damaged": [
      [
        0.9638253100827203,
        0.7609831694478527,
        0.9766849578741631,
        0.5078302494535493,
        0.5953226393631336
      ],
      [
        0.978241848977696,
        0.7963168722275781,
        0.962733348441346,
        0.4394721715958537,
        0.5091316363838293
      ],
      [
        0.9057501582745999,
        0.9734722556267021,
        0.7584596497716417,
        0.4722061232210249,
        0.27242400688741303
      ],
      [
        0.1989114644609423,
        0.17016971762727814,
        0.15115173404435217,
        0.8112256903210034,
        0.3134760306529739
      ],
      [
        0.9611547494956145,
        0.9165609907738932,
        0.8708071021758428,
        0.3723874142529698,
        0.32588966195644803
      ]
    ],
    "original_vs_repaired": [
      [
        0.9886507292460216,
        0.8550586942134353,
        0.7631801913250171,
        0.21677190934884322,
        0.9013792564966335
      ],
      [
        0.9923703541418561,
        0.9064158954322664,
        0.7867454003080537,
        0.14662408110345246,
        0.9444452557239659
      ],
      [
        0.8519707403344563,
        0.915198976196542,
        0.9951264573625732,
        0.17728461986283647,
        0.9368364891785804
      ],
      [
        0.15690301981583674,
        0.042560298529176414,
        0.14642634577264763,
        0.9972976113660825,
        0.08579516862431107
      ],
      [
        0.9433137179552262,
        0.9874999829443258,
        0.9240705445616091,
        0.09091551446809246,
        0.9997421794954112
      ]
    ]
  },
  "recommendations": [
    "Structure suitable for normal operating loads",
    "Schedule follow-up inspection in 6 months",
    "Document repair in maintenance records",
    "Monitor vibration behavior periodically"
  ]
}