{
  "metadata": {
    "analysis_date": "2026-01-17T20:08:49",
    "program_version": "1.0",
    "structure_id": "0b27a58a-a65",
    "sampling_rate_hz": 100.0,
    "recording_duration_sec": null
  },
  "modal_parameters": {
    "original_state": {
      "natural_frequencies_hz": [
        13.18359375,
        18.26171875,
        23.291015625,
        33.88671875,
        41.357421875
      ],
      "mode_shapes": [
        [
          0.9200835172041795,
          1.0,
          0.15691707829063897,
          0.14189188631319807,
          0.3699912012894707,
          0.06788694136541541
        ],
        [
          0.8050778253350627,
          1.0,
          0.06069790682524782,
          0.045231347951244026,
          0.26590061760353256,
          0.042250928524481264
        ],
        [
          0.3101483173789556,
          1.0,
          0.12651787881199952,
          0.25702161442539245,
          0.23963694182024958,
          0.04544524374598442
        ],
        [
          0.3074794981844683,
          0.06584539274244772,
          0.037196636109548015,
          0.5654882539039587,
          1.0,
          0.026892801182987387
        ],
        [
          0.4788731289158201,
          1.0,
          0.09165623937027792,
          0.07933674143297044,
          0.14068706096722977,
          0.02978425657328762
        ]
      ],
      "damping_ratios": [
        0.02,
        0.02,
        0.02,
        0.02,
        0.02
      ]
    },
    "damaged_state": {
      "natural_frequencies_hz": [
        4.833984375,
        14.306640625,
        18.408203125,
        22.607421875,
        30.95703125
      ],
      "mode_shapes": [
        [
          0.6237856057976844,
          1.0,
          0.07491342142401143,
          0.07339131534952256,
          0.3539440873138154,
          0.03602234043300806
        ],
        [
          0.21605244451625594,
          1.0,
          0.048831420707423974,
          0.14624708197376193,
          0.31433830238568816,
          0.02670285349618832
        ],
        [
          1.0,
          0.943599590616809,
          0.1795831913422795,
          0.17034356435592712,
          0.17903804332462753,
          0.061435325627578405
        ],
        [
          0.3217248592182644,
          0.4966067912165912,
          0.05598874328586358,
          0.2573448656567113,
          1.0,
          0.06494720419715799
        ],
        [
          1.0,
          0.17785904045109324,
          0.044698159610046743,
          0.4429972146544116,
          0.17867050797188602,
          0.1032553200262168
        ]
      ],
      "damping_ratios": [
        0.02,
        0.02,
        0.02,
        0.02,
        0.02
      ]
    },
    "repaired_state": {
      "natural_frequencies_hz": [
        13.18359375,
        18.359375,
        23.291015625,
        33.88671875,
        41.30859375
      ],
      "mode_shapes": [
        [
          1.0,
          0.9750627413229459,
          0.17927888852132268,
          0.15318344744002887,
          0.4988883806024679,
          0.0809742282954085
        ],
        [
          0.8318221647192346,
          1.0,
          0.10811766250913217,
          0.04898277161630451,
          0.14406644314895073,
          0.025629786952215614
        ],
        [
          0.3677748207379824,
          1.0,
          0.13352278397163964,
          0.24488583973281383,
          0.2760811760041841,
          0.044684969934029845
        ],
        [
          0.3568369615624152,
          0.15287273798854684,
          0.058666677766882856,
          0.5992159255574903,
          1.0,
          0.037134787301464064
        ],
        [
          0.43487143160324204,
          1.0,
          0.11287824485337464,
          0.10640457447154945,
          0.2826106544664129,
          0.04448650671958736
        ]
      ],
      "damping_ratios": [
        0.02,
        0.02,
        0.02,
        0.02,
        0.02
      ]
    }
  },
  "quality_assessment": {
    "overall_score": 0.9300181011928985,
    "breakdown": {
      "frequency_recovery": 0.8657276995305164,
      "mode_shape_match": 0.9905141714254679,
      "damping_recovery": 1.0
    },
    "per_mode_analysis": [
      {
        "mode": 1,
        "frequency_recovery": 1.0,
        "mac_value": 0.9914778714910201,
        "damping_recovery": 1.0
      },
      {
        "mode": 2,
        "frequency_recovery": 0.3333333333333333,
        "mac_value": 0.9895476112017907,
        "damping_recovery": 1.0
      },
      {
        "mode": 3,
        "frequency_recovery": 1.0,
        "mac_value": 0.9966178094228608,
        "damping_recovery": 1.0
      },
      {
        "mode": 4,
        "frequency_recovery": 1.0,
        "mac_value": 0.9930495179644183,
        "damping_recovery": 1.0
      },
      {
        "mode": 5,
        "frequency_recovery": 0.9953051643192489,
        "mac_value": 0.9818780470472495,
        "damping_recovery": 1.0
      }
    ],
    "interpretation": "Very Good - Highly Effective Repair",
    "interpretation_code": "VERY_GOOD",
    "confidence_level": "high"
  },
  "statistics": {
    "frequency_changes": {
      "original_to_damaged_percent": [
        -63.3,
        -21.7,
        -21.0,
        -33.3,
        -25.1
      ],
      "damaged_to_repaired_percent": [
        172.7,
        28.3,
        26.5,
        49.9,
        33.4
      ],
      "recovery_percent": [
        100.0,
        102.5,
        100.0,
        100.0,
        99.5
      ]
    },
    "average_stiffness_loss_percent": -32.877666043544956,
    "average_stiffness_recovery_percent": 100.39993044687881
  },
  "mode_mapping": {
    "damaged_to_original": null,
    "repaired_to_original": null
  },
  "mac_matrices": {
    "original_vs_damaged": [
      [
        0.9638253100827203,
        0.7609831694478527,
        0.9766849578741633,
        0.5078302494535493,
        0.5953226393631336
      ],
      [
        0.978241848977696,
        0.7963168722275781,
        0.962733348441346,
        0.4394721715958537,
        0.5091316363838293
      ],
      [
        0.9057501582745999,
        0.9734722556267024,
        0.7584596497716417,
        0.4722061232210249,
        0.2724240068874129
      ],
      [
        0.1989114644609423,
        0.17016971762727814,
        0.15115173404435217,
        0.8112256903210034,
        0.3134760306529739
      ],
      [
        0.9611547494956145,
        0.9165609907738932,
        0.8708071021758426,
        0.3723874142529698,
        0.32588966195644803
      ]
    ],
    "original_vs_repaired": [
      [
        0.9914778714883102,
        0.9686525320238304,
        0.856329343358729,
        0.2918543682624285,
        0.9014776980225757
      ],
      [
        0.9579379350678499,
        0.9895476111987783,
        0.8674248164449695,
        0.20846114059929832,
        0.9259481786160011
      ],
      [
        0.7723975148719513,
        0.8148517780274928,
        0.9966178094193151,
        0.23681985521376767,
        0.9689452352040075
      ],
      [
        0.29041243277446493,
        0.10108671437497567,
        0.19600523492580782,
        0.9930495179611379,
        0.1630581361736776
      ],
      [
        0.8454499401940839,
        0.9401699707188169,
        0.9536626326049713,
        0.140331720117427,
        0.9818780470437771
      ]
    ]
  },
  "recommendations": [
    "Structure suitable for normal operating loads",
    "Schedule follow-up inspection in 6 months",
    "Document repair in maintenance records",
    "Monitor vibration behavior periodically"
  ]
}