{
  "metadata": {
    "analysis_date": "2026-01-27T14:05:30",
    "program_version": "1.0",
    "structure_id": "0c93096c-bf5",
    "sampling_rate_hz": 100.0,
    "recording_duration_sec": null
  },
  "modal_parameters": {
    "original_state": {
      "natural_frequencies_hz": [
        2.44140625,
        7.2509765625,
        16.4306640625,
        23.5595703125,
        31.9091796875
      ],
      "mode_shapes": [
        [
          0.5227585225697282,
          0.10427300703958302,
          0.1522456297513572,
          1.0,
          0.09243524377816727,
          0.7617146478486998
        ],
        [
          0.10450160230579185,
          0.037863668686398066,
          0.05439420601649092,
          1.0,
          0.12451502951680514,
          0.42865712006036594
        ],
        [
          0.16038171290408987,
          0.0077895945270038775,
          0.14132692050101456,
          0.11941603664232384,
          0.09695887746988087,
          1.0
        ],
        [
          1.0,
          0.06022899113614736,
          0.39126023545552885,
          0.08985546547360135,
          0.04596776945615948,
          0.42117278215957643
        ],
        [
          1.0,
          0.0353546373346567,
          0.41942079457373505,
          0.01256874879389121,
          0.002783595587316954,
          0.007057268721943781
        ]
      ],
      "damping_ratios": [
        0.02,
        0.02,
        0.02,
        0.02,
        0.02
      ]
    },
    "damaged_state": {
      "natural_frequencies_hz": [
        1.7822265625,
        6.103515625,
        11.42578125,
        24.658203125,
        30.1025390625
      ],
      "mode_shapes": [
        [
          0.013951143384660643,
          0.005324227026688216,
          0.0088681200046506,
          0.4384176118151923,
          0.009058600670346664,
          1.0
        ],
        [
          0.09952687250773865,
          0.04169085373846675,
          0.02595656188692108,
          0.14967894006038462,
          0.06457650424648517,
          1.0
        ],
        [
          0.03287867759666667,
          0.012244429668900466,
          0.03605248638086374,
          0.47773058258352913,
          0.017178147163993237,
          1.0
        ],
        [
          0.1584495815865306,
          0.07910768580172482,
          0.07148385215501542,
          0.45346336662098224,
          0.0492797518653238,
          1.0
        ],
        [
          1.0,
          0.14975034767762763,
          0.34466350566956083,
          0.06587679870125504,
          0.03307229457136072,
          0.07689963056187799
        ]
      ],
      "damping_ratios": [
        0.02,
        0.02,
        0.02,
        0.02,
        0.02
      ]
    },
    "repaired_state": {
      "natural_frequencies_hz": [
        2.4658203125,
        10.693359375,
        15.0390625,
        23.14453125,
        30.76171875
      ],
      "mode_shapes": [
        [
          0.1089456477320664,
          0.010394975341233894,
          0.014161663270879737,
          1.0,
          0.058163488885081056,
          0.6678240696869755
        ],
        [
          0.05100686269880743,
          0.02492393767579034,
          0.048639467233969315,
          1.0,
          0.2606091455636525,
          0.6845987773737887
        ],
        [
          0.6126240855974153,
          0.12901500088193288,
          0.3353438290835279,
          1.0,
          0.12331509272268998,
          0.4874851305646659
        ],
        [
          1.0,
          0.06549128081688475,
          0.1960958923851243,
          0.037225417903622326,
          0.03400544303617257,
          0.07016690858678991
        ],
        [
          1.0,
          0.04700446819767129,
          0.24899261281086063,
          0.02980798387169071,
          0.014066213848442869,
          0.049116703527683936
        ]
      ],
      "damping_ratios": [
        0.02,
        0.02,
        0.02,
        0.02,
        0.02
      ]
    }
  },
  "quality_assessment": {
    "overall_score": 0.8494473370345699,
    "breakdown": {
      "frequency_recovery": 0.8173632168754119,
      "mode_shape_match": 0.8025524286562133,
      "damping_recovery": 1.0
    },
    "per_mode_analysis": [
      {
        "mode": 1,
        "frequency_recovery": 1.0,
        "mac_value": 0.8942980640124365,
        "damping_recovery": 1.0
      },
      {
        "mode": 2,
        "frequency_recovery": 1.0,
        "mac_value": 0.9512497627879475,
        "damping_recovery": 1.0
      },
      {
        "mode": 3,
        "frequency_recovery": 0.7219512195121951,
        "mac_value": 0.31183046927914065,
        "damping_recovery": 1.0
      },
      {
        "mode": 4,
        "frequency_recovery": 1.0,
        "mac_value": 0.8808127686789945,
        "damping_recovery": 1.0
      },
      {
        "mode": 5,
        "frequency_recovery": 0.36486486486486486,
        "mac_value": 0.9745710785225475,
        "damping_recovery": 1.0
      }
    ],
    "interpretation": "Good - Acceptable Repair",
    "interpretation_code": "GOOD",
    "confidence_level": "high"
  },
  "statistics": {
    "frequency_changes": {
      "original_to_damaged_percent": [
        -27.0,
        -15.8,
        -30.5,
        4.7,
        -5.7
      ],
      "damaged_to_repaired_percent": [
        38.4,
        75.2,
        31.6,
        -6.1,
        2.2
      ],
      "recovery_percent": [
        103.7,
        400.0,
        72.2,
        137.8,
        36.5
      ]
    },
    "average_stiffness_loss_percent": -14.856829685008979,
    "average_stiffness_recovery_percent": 150.0326179838375
  },
  "mode_mapping": {
    "damaged_to_original": null,
    "repaired_to_original": null
  },
  "mac_matrices": {
    "original_vs_damaged": [
      [
        0.6476521292630555,
        0.485261036911385,
        0.6855484075438774,
        0.7402870256842524,
        0.23613338465912312
      ],
      [
        0.5229613065107079,
        0.2850860996769859,
        0.5591951330886235,
        0.5498902800163863,
        0.03840894359380289
      ],
      [
        0.8756222780153593,
        0.9812034429713586,
        0.8683128252255423,
        0.9009956062415415,
        0.07215960690615433
      ],
      [
        0.14295128999555085,
        0.2164327665802744,
        0.15878448771914114,
        0.2567271607850975,
        0.9043287163153572
      ],
      [
        0.0006604107701284977,
        0.011970885410706181,
        0.002613090990707791,
        0.028435299800833598,
        0.9768037482197977
      ]
    ],
    "original_vs_repaired": [
      [
        0.8942980640096582,
        0.85614035812994,
        0.9376035291448206,
        0.21430742358401417,
        0.19860577653289002
      ],
      [
        0.9609292363275549,
        0.9512497627846892,
        0.8058559758434066,
        0.028059343735955956,
        0.02292968169279171
      ],
      [
        0.4222952713834554,
        0.4324635093837917,
        0.3118304692780669,
        0.063244113984873,
        0.05472709781189961
      ],
      [
        0.12166188743560365,
        0.10282721844998408,
        0.4688872419203441,
        0.8808127686757561,
        0.880629436728558
      ],
      [
        0.010232672685365533,
        0.00450214767417057,
        0.2896950316662091,
        0.9531554712846759,
        0.9745710785188637
      ]
    ]
  },
  "recommendations": [
    "Structure suitable for normal operating loads",
    "Schedule follow-up inspection in 6 months",
    "Document repair in maintenance records",
    "Monitor vibration behavior periodically"
  ]
}