{
  "metadata": {
    "analysis_date": "2026-01-16T17:56:10",
    "program_version": "1.0",
    "structure_id": "11923d0e-018",
    "sampling_rate_hz": 100.0,
    "recording_duration_sec": null
  },
  "modal_parameters": {
    "original_state": {
      "natural_frequencies_hz": [
        3.61328125,
        8.056640625,
        16.357421875,
        27.783203125,
        43.06640625
      ],
      "mode_shapes": [
        [
          0.9003505983263249,
          1.0,
          0.16153054696697575,
          0.009913659626324825,
          0.01192096528581341,
          0.04002798544629254
        ],
        [
          0.8723844136909809,
          1.0,
          0.9276150632594963,
          0.022655726426166013,
          0.017806035459673544,
          0.08864311748739255
        ],
        [
          0.5794247546635932,
          1.0,
          0.2773374554400456,
          0.0436558124202721,
          0.017003505071236207,
          0.11412411211598024
        ],
        [
          0.5155232616759271,
          1.0,
          0.7602455563459675,
          0.034360522870003886,
          0.05455817852127777,
          0.3059605158539156
        ],
        [
          0.03597104703149469,
          0.06135310355506072,
          0.2161357738607986,
          0.17480939134069823,
          0.07983402150973562,
          1.0
        ]
      ],
      "damping_ratios": [
        0.02,
        0.02,
        0.02,
        0.02,
        0.02
      ]
    },
    "damaged_state": {
      "natural_frequencies_hz": [
        1.26953125,
        12.744140625,
        29.58984375,
        35.791015625,
        43.017578125
      ],
      "mode_shapes": [
        [
          0.15136854250807086,
          0.4570908280007902,
          0.3993992551163395,
          0.24173343114940268,
          0.046559728019836065,
          1.0
        ],
        [
          0.020305668800579175,
          0.021489085108473024,
          0.015726729400179683,
          0.20285230701987975,
          0.08596955373646846,
          1.0
        ],
        [
          0.08745068409064591,
          0.20662581258465676,
          0.0816875380692191,
          0.1891168818541654,
          0.13855843725883116,
          1.0
        ],
        [
          0.6363192214947112,
          0.6618286749888834,
          1.0,
          0.00513338489047242,
          0.029354611737980978,
          0.40552215728511565
        ],
        [
          0.00729149856330471,
          0.003309674081036287,
          0.007780421562799023,
          0.21884045406211436,
          0.08426216962424163,
          1.0
        ]
      ],
      "damping_ratios": [
        0.02,
        0.02,
        0.02,
        0.02,
        0.02
      ]
    },
    "repaired_state": {
      "natural_frequencies_hz": [
        1.806640625,
        12.40234375,
        35.44921875,
        43.359375
      ],
      "mode_shapes": [
        [
          0.13179122182060796,
          0.08162264091716588,
          0.38207672068821985,
          0.2909032419031196,
          0.13314497251061075,
          1.0
        ],
        [
          0.3319169409528272,
          0.08030714660882124,
          0.10313361290571858,
          0.34143453021209286,
          0.07685415697802209,
          1.0
        ],
        [
          0.6172209748038503,
          0.5867834044029692,
          0.924621127068496,
          0.1975050098901886,
          0.07853216864295991,
          1.0
        ],
        [
          0.0813702652719933,
          0.07068790988790671,
          0.18319671307621624,
          0.3355200231894622,
          0.10169806864203042,
          1.0
        ]
      ],
      "damping_ratios": [
        0.02,
        0.02,
        0.02,
        0.02
      ]
    }
  },
  "quality_assessment": {
    "overall_score": 0.5510691852620826,
    "breakdown": {
      "frequency_recovery": 0.4689532520325203,
      "mode_shape_match": 0.3886418641527416,
      "damping_recovery": 1.0
    },
    "per_mode_analysis": [
      {
        "mode": 1,
        "frequency_recovery": 0.22916666666666666,
        "mac_value": 0.04015702369761596,
        "damping_recovery": 1.0
      },
      {
        "mode": 2,
        "frequency_recovery": 0.07291666666666667,
        "mac_value": 0.09652530177388478,
        "damping_recovery": 1.0
      },
      {
        "mode": 3,
        "frequency_recovery": 1.0,
        "mac_value": 0.10437338530294785,
        "damping_recovery": 1.0
      },
      {
        "mode": 4,
        "frequency_recovery": 0.042682926829268296,
        "mac_value": 0.7269533746315687,
        "damping_recovery": 1.0
      },
      {
        "mode": 5,
        "frequency_recovery": 1.0,
        "mac_value": 0.9752002353576907,
        "damping_recovery": 1.0
      }
    ],
    "interpretation": "Fair - Partial Improvement",
    "interpretation_code": "FAIR",
    "confidence_level": "high"
  },
  "statistics": {
    "frequency_changes": {
      "original_to_damaged_percent": [
        -64.9,
        58.2,
        80.9,
        28.8
      ],
      "damaged_to_repaired_percent": [
        42.3,
        -2.7,
        19.8,
        21.1
      ],
      "recovery_percent": [
        22.9,
        7.3,
        -44.3,
        -94.5
      ]
    },
    "average_stiffness_loss_percent": 25.758742827834975,
    "average_stiffness_recovery_percent": -27.14607614826148
  },
  "mode_mapping": {
    "damaged_to_original": null,
    "repaired_to_original": null
  },
  "mac_matrices": {
    "original_vs_damaged": [
      [
        0.18400908655533935,
        0.003776921997863627,
        0.05724799854141579,
        0.5406625560488519,
        0.001521785234130819
      ],
      [
        0.29121347471965064,
        0.007994149755239072,
        0.07049996483742961,
        0.9006562706683726,
        0.004519212208371816
      ],
      [
        0.29423596707332755,
        0.017522778624795923,
        0.10314692399405191,
        0.6401577661098679,
        0.012061739696109757
      ],
      [
        0.473695484215795,
        0.06413733531990233,
        0.18608424198704834,
        0.9025905920985958,
        0.053502802037373974
      ],
      [
        0.8597497375771329,
        0.960669792181857,
        0.9591982809764903,
        0.21674245090599895,
        0.9545318362884672
      ]
    ],
    "original_vs_repaired": [
      [
        0.04015702369748552,
        0.08430966272625083,
        0.3691013391953396,
        0.022150633932243393
      ],
      [
        0.12571226738555047,
        0.09652530177359303,
        0.6249958253610944,
        0.05462479000792504
      ],
      [
        0.08502916307681116,
        0.10437338530258644,
        0.4682807583273782,
        0.05365298911136671
      ],
      [
        0.23582509618993497,
        0.17504556132925111,
        0.7269533746296277,
        0.1457607106631135
      ],
      [
        0.9610527834193628,
        0.8973847449058651,
        0.5902161226390682,
        0.9752002353540163
      ]
    ]
  },
  "recommendations": [
    "Further repair recommended",
    "Schedule follow-up inspection in 6 months",
    "Document repair in maintenance records",
    "Monitor vibration behavior periodically"
  ]
}