{
  "metadata": {
    "analysis_date": "2026-01-09T12:21:19",
    "program_version": "1.0",
    "structure_id": "19344da3-16b",
    "sampling_rate_hz": 1000.0,
    "recording_duration_sec": null
  },
  "modal_parameters": {
    "original_state": {
      "natural_frequencies_hz": [
        5.0048828125,
        15.0146484375,
        24.96337890625
      ],
      "mode_shapes": [
        [
          0.9761907688770098,
          0.9956818577692921,
          0.9936176905916266,
          0.9934163981866247,
          1.0
        ],
        [
          0.9826876190350987,
          0.9588796127153975,
          1.0,
          0.9762875694535501,
          0.9922115057227291
        ],
        [
          0.958177013039297,
          0.9177763740028121,
          0.9459647646974891,
          1.0,
          0.9819850952709309
        ]
      ],
      "damping_ratios": [
        0.02,
        0.02,
        0.02
      ]
    },
    "damaged_state": {
      "natural_frequencies_hz": [
        5.0048828125,
        15.0146484375,
        25.0244140625,
        30.029296875
      ],
      "mode_shapes": [
        [
          1.0,
          0.9554938394078278,
          0.9869306438277343,
          0.9811386777152674,
          0.965882824668885
        ],
        [
          0.9402049963700069,
          1.0,
          0.9868994780645106,
          0.9028453212655426,
          0.8987519711267221
        ],
        [
          0.9047064706952335,
          0.9826879074037762,
          1.0,
          0.8007768839266259,
          0.8209033580581188
        ],
        [
          0.9786065439526295,
          1.0,
          0.9895347562948953,
          0.9639368814684299,
          0.9475464923530479
        ]
      ],
      "damping_ratios": [
        0.02,
        0.02,
        0.02,
        0.02
      ]
    },
    "repaired_state": {
      "natural_frequencies_hz": [
        5.0048828125,
        15.0146484375,
        25.0244140625,
        30.029296875
      ],
      "mode_shapes": [
        [
          0.9793790484623865,
          0.9878928525314893,
          0.993714594814084,
          1.0,
          0.9894141081585323
        ],
        [
          0.9410295613231086,
          1.0,
          0.9391640017859958,
          0.922352791484896,
          0.9099077753378907
        ],
        [
          0.8733006601398908,
          0.9441865025705051,
          1.0,
          0.8843327010607747,
          0.8236287284915643
        ],
        [
          0.9718450762208843,
          1.0,
          0.9973753521545222,
          0.9703325280355451,
          0.9451844254734426
        ]
      ],
      "damping_ratios": [
        0.02,
        0.02,
        0.02,
        0.02
      ]
    }
  },
  "quality_assessment": {
    "overall_score": 0.4990044502304151,
    "breakdown": {
      "frequency_recovery": 0.0,
      "mode_shape_match": 0.9966815007680504,
      "damping_recovery": 1.0
    },
    "per_mode_analysis": [
      {
        "mode": 1,
        "frequency_recovery": 0.0,
        "mac_value": 0.9999569036902688,
        "damping_recovery": 1.0
      },
      {
        "mode": 2,
        "frequency_recovery": 0.0,
        "mac_value": 0.9980228914040661,
        "damping_recovery": 1.0
      },
      {
        "mode": 3,
        "frequency_recovery": -0.0,
        "mac_value": 0.9920647072098164,
        "damping_recovery": 1.0
      }
    ],
    "interpretation": "Poor - Minimal Improvement",
    "interpretation_code": "POOR",
    "confidence_level": "high"
  },
  "statistics": {
    "frequency_changes": {
      "original_to_damaged_percent": [
        0.0,
        0.0,
        0.2
      ],
      "damaged_to_repaired_percent": [
        0.0,
        0.0,
        0.0
      ],
      "recovery_percent": [
        0.0,
        0.0,
        -0.0
      ]
    },
    "average_stiffness_loss_percent": 0.08149959250203749,
    "average_stiffness_recovery_percent": 0.0
  },
  "mode_mapping": {
    "damaged_to_original": null,
    "repaired_to_original": null
  },
  "mac_matrices": {
    "original_vs_damaged": [
      [
        0.9994662256931959,
        0.9979520898676876,
        0.9917280997896066,
        0.9994986765800561
      ],
      [
        0.9997679164798332,
        0.9975253039686416,
        0.9916019571288038,
        0.9992107567735801
      ],
      [
        0.9991381384523288,
        0.9947167650786783,
        0.9862383941980352,
        0.9977729478635741
      ]
    ],
    "original_vs_repaired": [
      [
        0.9999569036884637,
        0.9988302685922489,
        0.9954616974503178,
        0.9994811190584663
      ],
      [
        0.9997648789471401,
        0.9980228914022106,
        0.9953015811828159,
        0.9991791950699791
      ],
      [
        0.9992593434552245,
        0.9963255544842681,
        0.9920647072079148,
        0.9977541831202064
      ]
    ]
  },
  "recommendations": [
    "Further repair recommended",
    "Schedule follow-up inspection in 6 months",
    "Document repair in maintenance records",
    "Monitor vibration behavior periodically"
  ]
}