{
  "metadata": {
    "analysis_date": "2026-01-17T20:55:26",
    "program_version": "1.0",
    "structure_id": "1dad2442-43b",
    "sampling_rate_hz": 100.0,
    "recording_duration_sec": null
  },
  "modal_parameters": {
    "original_state": {
      "natural_frequencies_hz": [
        3.857421875,
        9.08203125,
        16.796875,
        24.51171875,
        42.333984375
      ],
      "mode_shapes": [
        [
          0.02786975005906524,
          0.05561120498661459,
          0.21314392360248605,
          0.049874778362527725,
          0.11237256720903871,
          1.0
        ],
        [
          0.019091879844091154,
          0.01565202209862612,
          0.2197421118392663,
          0.09565334891268518,
          0.13709600975179856,
          1.0
        ],
        [
          0.01931505910250626,
          0.004338525026924071,
          0.22301339008705193,
          0.06562741338491611,
          0.04263024624291957,
          1.0
        ],
        [
          0.017480267680465164,
          0.0042469168851389585,
          0.22422452296154496,
          0.04455227870013321,
          0.14623242341010326,
          1.0
        ],
        [
          0.015643022059092383,
          0.0014164153291447877,
          0.2287655639819965,
          0.10134850986918234,
          0.13138910651019853,
          1.0
        ]
      ],
      "damping_ratios": [
        0.02,
        0.02,
        0.02,
        0.02,
        0.02
      ]
    },
    "damaged_state": {
      "natural_frequencies_hz": [
        15.0390625,
        24.658203125,
        34.423828125,
        40.8203125,
        45.1171875
      ],
      "mode_shapes": [
        [
          0.011995594293899922,
          0.45986695674634404,
          0.34846853016943197,
          0.007373566727774433,
          0.23549363790232014,
          1.0
        ],
        [
          0.010812449037596027,
          1.0,
          0.5626704714944254,
          0.008169178174889628,
          0.10947467707104079,
          0.8517828103193215
        ],
        [
          0.007394874957800706,
          1.0,
          0.21220394816622298,
          0.007364001888548501,
          0.16013311667188088,
          0.48736355120427327
        ],
        [
          0.011390482082062763,
          1.0,
          0.560294087494164,
          0.009808436243630867,
          0.057327928700243336,
          0.746771850705241
        ],
        [
          0.010284838578656308,
          1.0,
          0.4095782282412497,
          0.011493196123821096,
          0.11868220922301576,
          0.6587898399003846
        ]
      ],
      "damping_ratios": [
        0.02,
        0.02,
        0.02,
        0.02,
        0.02
      ]
    },
    "repaired_state": {
      "natural_frequencies_hz": [
        6.25,
        18.701171875,
        27.5390625,
        37.548828125,
        47.75390625
      ],
      "mode_shapes": [
        [
          0.060347379436006265,
          0.3658549834057586,
          1.0,
          0.007896612192363602,
          0.013566426928857157,
          0.030486948815899324
        ],
        [
          0.02321542631464118,
          0.40587932882162175,
          1.0,
          0.008266876252521545,
          0.047180889137961486,
          0.030218432274421322
        ],
        [
          0.0977297030111611,
          0.7424257939007405,
          1.0,
          0.012594397692444725,
          0.06130022125411976,
          0.04743320270162213
        ],
        [
          0.12865176727064367,
          0.7898494901022236,
          1.0,
          0.014500347197487167,
          0.03716236449339263,
          0.051422357197486994
        ],
        [
          0.07870751532063419,
          0.23511242859578857,
          1.0,
          0.007773730435694422,
          0.010616393686492776,
          0.030205035294699256
        ]
      ],
      "damping_ratios": [
        0.02,
        0.02,
        0.02,
        0.02,
        0.02
      ]
    }
  },
  "quality_assessment": {
    "overall_score": 0.46623262211828453,
    "breakdown": {
      "frequency_recovery": 0.5000579027853693,
      "mode_shape_match": 0.05401223575199959,
      "damping_recovery": 1.0
    },
    "per_mode_analysis": [
      {
        "mode": 1,
        "frequency_recovery": 0.8849765258215962,
        "mac_value": 0.059072969378839775,
        "damping_recovery": 1.0
      },
      {
        "mode": 2,
        "frequency_recovery": 0.0,
        "mac_value": 0.04829739286695566,
        "damping_recovery": 1.0
      },
      {
        "mode": 3,
        "frequency_recovery": 0.9207317073170732,
        "mac_value": 0.05393025377319698,
        "damping_recovery": 1.0
      },
      {
        "mode": 4,
        "frequency_recovery": 0.6945812807881774,
        "mac_value": 0.048621657642517926,
        "damping_recovery": 1.0
      },
      {
        "mode": 5,
        "frequency_recovery": 0.0,
        "mac_value": 0.06013890509848762,
        "damping_recovery": 1.0
      }
    ],
    "interpretation": "Poor - Minimal Improvement",
    "interpretation_code": "POOR",
    "confidence_level": "high"
  },
  "statistics": {
    "frequency_changes": {
      "original_to_damaged_percent": [
        289.9,
        171.5,
        104.9,
        66.5,
        6.6
      ],
      "damaged_to_repaired_percent": [
        -58.4,
        -24.2,
        -20.0,
        -8.0,
        5.8
      ],
      "recovery_percent": [
        78.6,
        38.2,
        39.1,
        20.1,
        -94.7
      ]
    },
    "average_stiffness_loss_percent": 127.88578270724436,
    "average_stiffness_recovery_percent": 16.24566881466589
  },
  "mode_mapping": {
    "damaged_to_original": null,
    "repaired_to_original": null
  },
  "mac_matrices": {
    "original_vs_damaged": [
      [
        0.8593717695256777,
        0.49496125422284876,
        0.26438210711842336,
        0.43245931347445316,
        0.3869867407184538
      ],
      [
        0.8344143350432791,
        0.4584657762226469,
        0.2325984010278608,
        0.3963143683918892,
        0.3514064722233194
      ],
      [
        0.8107537708123216,
        0.44897017427876007,
        0.21610792992824363,
        0.39043647050248353,
        0.3388032380179007
      ],
      [
        0.833760799463866,
        0.45212971233635185,
        0.22564069792709632,
        0.38951579304317524,
        0.3442036058190447
      ],
      [
        0.8248317220001733,
        0.44824704736302795,
        0.2213077735448431,
        0.38677399321986206,
        0.3403893015361622
      ]
    ],
    "original_vs_repaired": [
      [
        0.05907296937861451,
        0.05961359661559623,
        0.05840426173871168,
        0.057394097723140344,
        0.059861094418237656
      ],
      [
        0.055013807338591084,
        0.055396825017082145,
        0.04993542471945452,
        0.048297392866787234,
        0.05787255780591915
      ],
      [
        0.05506599918496622,
        0.05393025377299224,
        0.04703063463384366,
        0.046065331435657046,
        0.05872248207830796
      ],
      [
        0.05513244833424505,
        0.055471148730086926,
        0.048621657642346376,
        0.04674106081531893,
        0.05864856377331349
      ],
      [
        0.056367218121106115,
        0.05646716368832925,
        0.049045694953231384,
        0.04723547487411109,
        0.06013890509825515
      ]
    ]
  },
  "recommendations": [
    "Further repair recommended",
    "Schedule follow-up inspection in 6 months",
    "Document repair in maintenance records",
    "Monitor vibration behavior periodically"
  ]
}