{
  "metadata": {
    "analysis_date": "2026-01-17T20:56:56",
    "program_version": "1.0",
    "structure_id": "1ed3caf1-090",
    "sampling_rate_hz": 100.0,
    "recording_duration_sec": null
  },
  "modal_parameters": {
    "original_state": {
      "natural_frequencies_hz": [
        7.12890625,
        14.404296875,
        18.5546875,
        29.98046875,
        44.287109375
      ],
      "mode_shapes": [
        [
          0.039123343147780314,
          0.45344810826126786,
          1.0,
          0.0011425916854809664,
          0.027940360456120097,
          0.0009377308937603697
        ],
        [
          0.045123617389968354,
          0.46868638014477904,
          1.0,
          0.0012530762889285726,
          0.02414472962176215,
          0.0005045515940266414
        ],
        [
          0.034966601741695434,
          0.4310050162581042,
          1.0,
          0.0010553841751908106,
          0.03048513779023295,
          0.0006493461916615537
        ],
        [
          0.05019248132401183,
          0.3662240564658369,
          1.0,
          0.002596280298928443,
          0.02721372848752283,
          0.0003219771914837259
        ],
        [
          0.03239541450207837,
          0.38701807287456275,
          1.0,
          0.0003908864234029965,
          0.011596663508046005,
          0.0009960828141287014
        ]
      ],
      "damping_ratios": [
        0.02,
        0.02,
        0.02,
        0.02,
        0.02
      ]
    },
    "damaged_state": {
      "natural_frequencies_hz": [
        1.806640625,
        13.134765625,
        18.408203125,
        33.30078125,
        48.2421875
      ],
      "mode_shapes": [
        [
          0.024194594488762152,
          0.022503556772023498,
          1.0,
          0.1599394670446245,
          0.05355422164021509,
          0.06729049447111747
        ],
        [
          0.023890721984142903,
          0.09276031467544257,
          1.0,
          0.16061028060653565,
          0.05254028789060105,
          0.09198469190975654
        ],
        [
          0.0242252436263681,
          0.08713300445327887,
          1.0,
          0.06957913725867128,
          0.055483343538953234,
          0.09812463315043912
        ],
        [
          0.024769195018098142,
          0.017140240652696058,
          1.0,
          0.0742377747170175,
          0.055312559351565656,
          0.05563673533913527
        ],
        [
          0.024549166256009596,
          0.08534214758296167,
          1.0,
          0.19683484619737873,
          0.051586592985024306,
          0.09099446005526794
        ]
      ],
      "damping_ratios": [
        0.02,
        0.02,
        0.02,
        0.02,
        0.02
      ]
    },
    "repaired_state": {
      "natural_frequencies_hz": [
        3.466796875,
        19.62890625,
        26.85546875,
        35.83984375,
        43.06640625
      ],
      "mode_shapes": [
        [
          0.031132242780822123,
          0.03025686379672269,
          1.0,
          0.06693681243467113,
          0.0008397309679305654,
          0.6741307617811148
        ],
        [
          0.02817643571819655,
          0.04177358464676409,
          1.0,
          0.06357308886758153,
          0.0015833163290334647,
          0.5812702068870674
        ],
        [
          0.02688257860540516,
          0.03871522632338975,
          1.0,
          0.05943555560482507,
          0.003399169209706521,
          0.5445558680658615
        ],
        [
          0.027318218080969705,
          0.04453819778357228,
          1.0,
          0.0618275037280969,
          0.0017136299949783577,
          0.6121984591899174
        ],
        [
          0.027014286290964126,
          0.04083182903746248,
          1.0,
          0.05918274886093604,
          0.0015423939830786799,
          0.5621594074774314
        ]
      ],
      "damping_ratios": [
        0.02,
        0.02,
        0.02,
        0.02,
        0.02
      ]
    }
  },
  "quality_assessment": {
    "overall_score": 0.7249469341241124,
    "breakdown": {
      "frequency_recovery": 0.6623853211009174,
      "mode_shape_match": 0.6458475785788458,
      "damping_recovery": 1.0
    },
    "per_mode_analysis": [
      {
        "mode": 1,
        "frequency_recovery": 0.3119266055045872,
        "mac_value": 0.5846120908876304,
        "damping_recovery": 1.0
      },
      {
        "mode": 2,
        "frequency_recovery": 1.0,
        "mac_value": 0.6346773552156256,
        "damping_recovery": 1.0
      },
      {
        "mode": 3,
        "frequency_recovery": 1.0,
        "mac_value": 0.6700703256217624,
        "damping_recovery": 1.0
      },
      {
        "mode": 4,
        "frequency_recovery": 0.0,
        "mac_value": 0.6597201249962239,
        "damping_recovery": 1.0
      },
      {
        "mode": 5,
        "frequency_recovery": 1.0,
        "mac_value": 0.6801579961729869,
        "damping_recovery": 1.0
      }
    ],
    "interpretation": "Good - Acceptable Repair",
    "interpretation_code": "GOOD",
    "confidence_level": "high"
  },
  "statistics": {
    "frequency_changes": {
      "original_to_damaged_percent": [
        -74.7,
        -8.8,
        -0.8,
        11.1,
        8.9
      ],
      "damaged_to_repaired_percent": [
        91.9,
        49.4,
        45.9,
        7.6,
        -10.7
      ],
      "recovery_percent": [
        31.2,
        511.5,
        5766.7,
        -76.5,
        130.9
      ]
    },
    "average_stiffness_loss_percent": -12.851021688697326,
    "average_stiffness_recovery_percent": 1272.7582796102313
  },
  "mode_mapping": {
    "damaged_to_original": null,
    "repaired_to_original": null
  },
  "mac_matrices": {
    "original_vs_damaged": [
      [
        0.8213655697191719,
        0.8636920058623988,
        0.8766216239051168,
        0.8347169318189486,
        0.8489709929538043
      ],
      [
        0.8121544957383592,
        0.8557288534239875,
        0.8683655378229552,
        0.8252112556036549,
        0.8409874208005366
      ],
      [
        0.834372196584871,
        0.8747334705464404,
        0.8880562314687085,
        0.8481567610057966,
        0.8600754560182727
      ],
      [
        0.8696520527280804,
        0.9038091878981505,
        0.9179379963283127,
        0.884404646818289,
        0.8895801677810872
      ],
      [
        0.8575109916011824,
        0.893817859834668,
        0.9078550145088833,
        0.8721088834286309,
        0.879354011675557
      ]
    ],
    "original_vs_repaired": [
      [
        0.584612090885599,
        0.6415244078817676,
        0.660439346342697,
        0.625925597998648,
        0.651824799338436
      ],
      [
        0.5781538798323529,
        0.6346773552133824,
        0.6533327037410287,
        0.6192719388125129,
        0.6448512510960582
      ],
      [
        0.5932818531890934,
        0.6507672051681799,
        0.6700703256193584,
        0.6348622748107684,
        0.6612564415052927
      ],
      [
        0.6176799278612539,
        0.6765170428016868,
        0.6968240154853432,
        0.6597201249938636,
        0.6874779255258008
      ],
      [
        0.6108358698753675,
        0.6693154181031927,
        0.6892924589373791,
        0.652818861820044,
        0.6801579961705355
      ]
    ]
  },
  "recommendations": [
    "Structure suitable for normal operating loads",
    "Schedule follow-up inspection in 6 months",
    "Document repair in maintenance records",
    "Monitor vibration behavior periodically"
  ]
}