{
  "metadata": {
    "analysis_date": "2026-01-17T16:00:29",
    "program_version": "1.0",
    "structure_id": "1fbe2faf-af9",
    "sampling_rate_hz": 100.0,
    "recording_duration_sec": null
  },
  "modal_parameters": {
    "original_state": {
      "natural_frequencies_hz": [
        12.060546875,
        18.310546875,
        22.4609375,
        36.376953125,
        41.455078125
      ],
      "mode_shapes": [
        [
          0.45955729844113236,
          1.0,
          0.18422853835462855,
          0.18486397842958163,
          0.2348510692726921,
          0.04763176693052682
        ],
        [
          0.38706603624072045,
          1.0,
          0.10386487413854201,
          0.07231413417813691,
          0.10494240637069346,
          0.030932748958310035
        ],
        [
          0.35429762290097067,
          1.0,
          0.08585064155718763,
          0.13752734889403892,
          0.29206476706772805,
          0.041181150454141745
        ],
        [
          0.2408367368433232,
          1.0,
          0.0742469961656946,
          0.34683547137895004,
          0.42327417040777165,
          0.10155953159113482
        ],
        [
          0.6950905936026195,
          1.0,
          0.039681149192960216,
          0.07863865692787003,
          0.19213751484638433,
          0.04800743494081302
        ]
      ],
      "damping_ratios": [
        0.02,
        0.02,
        0.02,
        0.02,
        0.02
      ]
    },
    "damaged_state": {
      "natural_frequencies_hz": [
        15.771484375,
        24.51171875,
        32.568359375,
        38.720703125,
        48.73046875
      ],
      "mode_shapes": [
        [
          0.05701952232399406,
          0.17841696266203208,
          0.03035714519403076,
          0.2311140145936056,
          1.0,
          0.044359692669625986
        ],
        [
          0.1618275666427001,
          0.5469098437546375,
          0.12730883186563377,
          0.08274087577929026,
          1.0,
          0.012065402140538075
        ],
        [
          0.2134965917727763,
          0.5481540845485704,
          0.140841037505073,
          0.13120097508372647,
          1.0,
          0.05582238390921292
        ],
        [
          0.1114467701386807,
          0.5038495429626316,
          0.04973984243401588,
          0.1607106129982017,
          1.0,
          0.09409519975580723
        ],
        [
          0.3254402828644266,
          0.011270372889494066,
          0.0076518548773002555,
          0.2621668078642454,
          1.0,
          0.057635670672251046
        ]
      ],
      "damping_ratios": [
        0.02,
        0.02,
        0.02,
        0.02,
        0.02
      ]
    },
    "repaired_state": {
      "natural_frequencies_hz": [
        2.978515625,
        13.76953125,
        26.513671875,
        30.76171875,
        36.328125
      ],
      "mode_shapes": [
        [
          0.7231429328164964,
          0.6130696248708093,
          0.16612857780136928,
          0.3018063562961195,
          1.0,
          0.13449134726723688
        ],
        [
          0.5737537211362063,
          1.0,
          0.06915939007944912,
          0.035117819340462895,
          0.20396892907525924,
          0.03331194976884772
        ],
        [
          0.37174624740770534,
          1.0,
          0.08270021115639237,
          0.13933489219860973,
          0.3034389325814175,
          0.015206973494522578
        ],
        [
          0.09762292826939606,
          0.1838440449930226,
          0.02445556351366873,
          0.12354081060816688,
          1.0,
          0.04518464159526549
        ],
        [
          0.08114194983688522,
          0.14899981800141832,
          0.023243922583029215,
          0.13723256231014921,
          1.0,
          0.03660551830015168
        ]
      ],
      "damping_ratios": [
        0.02,
        0.02,
        0.02,
        0.02,
        0.02
      ]
    }
  },
  "quality_assessment": {
    "overall_score": 0.8390897531061905,
    "breakdown": {
      "frequency_recovery": 0.9198067632850242,
      "mode_shape_match": 0.5972879048789282,
      "damping_recovery": 1.0
    },
    "per_mode_analysis": [
      {
        "mode": 1,
        "frequency_recovery": 1.0,
        "mac_value": 0.5956110796512644,
        "damping_recovery": 1.0
      },
      {
        "mode": 2,
        "frequency_recovery": 1.0,
        "mac_value": 0.9693071666760863,
        "damping_recovery": 1.0
      },
      {
        "mode": 3,
        "frequency_recovery": 0.5990338164251208,
        "mac_value": 0.999152938324137,
        "damping_recovery": 1.0
      },
      {
        "mode": 4,
        "frequency_recovery": 1.0,
        "mac_value": 0.3171735776550884,
        "damping_recovery": 1.0
      },
      {
        "mode": 5,
        "frequency_recovery": 1.0,
        "mac_value": 0.10519476208806514,
        "damping_recovery": 1.0
      }
    ],
    "interpretation": "Good - Acceptable Repair",
    "interpretation_code": "GOOD",
    "confidence_level": "high"
  },
  "statistics": {
    "frequency_changes": {
      "original_to_damaged_percent": [
        30.8,
        33.9,
        45.0,
        6.4,
        17.6
      ],
      "damaged_to_repaired_percent": [
        -81.1,
        -43.8,
        -18.6,
        -20.6,
        -25.5
      ],
      "recovery_percent": [
        344.7,
        173.2,
        59.9,
        339.6,
        170.5
      ]
    },
    "average_stiffness_loss_percent": 26.72578186976935,
    "average_stiffness_recovery_percent": 217.58434043910393
  },
  "mode_mapping": {
    "damaged_to_original": null,
    "repaired_to_original": null
  },
  "mac_matrices": {
    "original_vs_damaged": [
      [
        0.16451121670301835,
        0.4448284050065335,
        0.4707585194061065,
        0.3985088139567556,
        0.1276123605528957
      ],
      [
        0.08301556291249731,
        0.33927368918354467,
        0.3552392742436027,
        0.29382705842063694,
        0.05011835825010509
      ],
      [
        0.2053407867254308,
        0.5056913663960538,
        0.5236604076682043,
        0.4640727589740428,
        0.14354937263213036
      ],
      [
        0.3291218929073542,
        0.5936813478547692,
        0.6178006061796927,
        0.584601497356879,
        0.23019012353147253
      ],
      [
        0.11159648373986579,
        0.36150691765070186,
        0.38807819501143803,
        0.3149692993967338,
        0.11398624232119606
      ]
    ],
    "original_vs_repaired": [
      [
        0.595611079649399,
        0.9638221060814435,
        0.9810997936682445,
        0.17137025619596657,
        0.14597527543578717
      ],
      [
        0.4521398577171617,
        0.9693071666726486,
        0.9645313554913507,
        0.09218354935489209,
        0.07223759459851423
      ],
      [
        0.5928094035581679,
        0.9523243758214432,
        0.9991529383205586,
        0.21483530155064345,
        0.18632807341278623
      ],
      [
        0.6434645929715401,
        0.8194120572390122,
        0.9404009821931731,
        0.31717357765393134,
        0.28852525440120746
      ],
      [
        0.5804947624454219,
        0.9904805932209935,
        0.922173534083027,
        0.1284429453957447,
        0.1051947620876897
      ]
    ]
  },
  "recommendations": [
    "Structure suitable for normal operating loads",
    "Schedule follow-up inspection in 6 months",
    "Document repair in maintenance records",
    "Monitor vibration behavior periodically"
  ]
}