{
  "metadata": {
    "analysis_date": "2026-01-15T20:16:20",
    "program_version": "1.0",
    "structure_id": "2c0a4ba1-76f",
    "sampling_rate_hz": 100.0,
    "recording_duration_sec": null
  },
  "modal_parameters": {
    "original_state": {
      "natural_frequencies_hz": [
        7.861328125,
        12.060546875,
        17.7734375,
        23.876953125,
        31.8359375
      ],
      "mode_shapes": [
        [
          1.0,
          0.0748460490864067,
          0.6253792620155086,
          0.5684512082481702,
          0.2561107624445535,
          0.2600867778268626
        ],
        [
          1.0,
          0.7773754982698884,
          0.4877457966872648,
          0.9048564391848241,
          0.17921344211808252,
          0.8565554009200189
        ],
        [
          0.44816404948979505,
          0.39889369992471524,
          1.0,
          0.41573472499537395,
          0.055524047147237986,
          0.4203233199528064
        ],
        [
          0.6106921653120423,
          0.8575889169417289,
          1.0,
          0.12263286510193797,
          0.15904171027781916,
          0.0356260005878177
        ],
        [
          1.0,
          0.9745719266189001,
          0.6598822939204403,
          0.5807762432146684,
          0.3344865930970041,
          0.20148468100705313
        ]
      ],
      "damping_ratios": [
        0.02,
        0.02,
        0.02,
        0.02,
        0.02
      ]
    },
    "damaged_state": {
      "natural_frequencies_hz": [
        7.91015625,
        15.869140625,
        23.828125,
        31.884765625,
        45.703125
      ],
      "mode_shapes": [
        [
          0.5339215442850719,
          1.0,
          0.6759146560904444,
          0.0423032266681948,
          0.022533779326892142,
          0.16837142771955535
        ],
        [
          0.7229868091092061,
          1.0,
          0.9854668514046145,
          0.07331650495435395,
          0.12604843912278793,
          0.18569475122132395
        ],
        [
          0.7858978467775909,
          1.0,
          0.7656045455691852,
          0.07161748111419332,
          0.06418550891773282,
          0.168267114036451
        ],
        [
          0.6678357579448247,
          0.821226175007908,
          1.0,
          0.30388583223115156,
          0.43881918162026257,
          0.22964326928475257
        ],
        [
          1.0,
          0.23201822110734413,
          0.9767927988710224,
          0.7233959107890019,
          0.9399523175665269,
          0.7685328445004191
        ]
      ],
      "damping_ratios": [
        0.02,
        0.02,
        0.02,
        0.02,
        0.02
      ]
    },
    "repaired_state": {
      "natural_frequencies_hz": [
        8.056640625,
        16.11328125,
        24.12109375,
        32.32421875,
        40.380859375
      ],
      "mode_shapes": [
        [
          0.6437344036148701,
          1.0,
          0.692290076963863,
          0.012839679722008552,
          0.01559462625846648,
          0.016199058998629556
        ],
        [
          0.6703791592109175,
          0.9641910470922923,
          1.0,
          0.11793252198719453,
          0.08007681041318354,
          0.07088291670431493
        ],
        [
          0.3494983470335312,
          0.6098928840801677,
          1.0,
          0.08566907992604986,
          0.21322731189943636,
          0.2900433037904294
        ],
        [
          0.8607954374677211,
          1.0,
          0.7605363589013497,
          0.17993000509071205,
          0.16711616236908886,
          0.2466986262845746
        ],
        [
          1.0,
          0.7939595568029492,
          0.7463695563740393,
          0.15508310600232755,
          0.23636212937129658,
          0.6126200956599704
        ]
      ],
      "damping_ratios": [
        0.02,
        0.02,
        0.02,
        0.02,
        0.02
      ]
    }
  },
  "quality_assessment": {
    "overall_score": 0.5923563619523469,
    "breakdown": {
      "frequency_recovery": 0.35454545454545455,
      "mode_shape_match": 0.7169454489320655,
      "damping_recovery": 1.0
    },
    "per_mode_analysis": [
      {
        "mode": 1,
        "frequency_recovery": 0.0,
        "mac_value": 0.38798536086358026,
        "damping_recovery": 1.0
      },
      {
        "mode": 2,
        "frequency_recovery": 0.0,
        "mac_value": 0.5298641425864731,
        "damping_recovery": 1.0
      },
      {
        "mode": 3,
        "frequency_recovery": 0.7727272727272727,
        "mac_value": 0.881637212877549,
        "damping_recovery": 1.0
      },
      {
        "mode": 4,
        "frequency_recovery": 1.0,
        "mac_value": 0.9234375100650345,
        "damping_recovery": 1.0
      },
      {
        "mode": 5,
        "frequency_recovery": 0.0,
        "mac_value": 0.8618030182676901,
        "damping_recovery": 1.0
      }
    ],
    "interpretation": "Fair - Partial Improvement",
    "interpretation_code": "FAIR",
    "confidence_level": "high"
  },
  "statistics": {
    "frequency_changes": {
      "original_to_damaged_percent": [
        0.6,
        31.6,
        34.1,
        33.5,
        43.6
      ],
      "damaged_to_repaired_percent": [
        1.9,
        1.5,
        1.2,
        1.4,
        -11.6
      ],
      "recovery_percent": [
        -300.0,
        -6.4,
        -4.8,
        -5.5,
        38.4
      ]
    },
    "average_stiffness_loss_percent": 28.672422793240976,
    "average_stiffness_recovery_percent": -55.671297855116734
  },
  "mode_mapping": {
    "damaged_to_original": null,
    "repaired_to_original": null
  },
  "mac_matrices": {
    "original_vs_damaged": [
      [
        0.37178239921089795,
        0.4996104831868903,
        0.4995676460382388,
        0.6341265232243335,
        0.8286773685466335
      ],
      [
        0.5498279305373344,
        0.5686761418606971,
        0.6058391880813492,
        0.6524505510222801,
        0.7174664805926833
      ],
      [
        0.649080723679192,
        0.7618835240000214,
        0.68436898161614,
        0.834355212897583,
        0.7014090845306231
      ],
      [
        0.9218266417965459,
        0.9820889754784918,
        0.9398173287025731,
        0.9387421025781826,
        0.48897521468019334
      ],
      [
        0.8011110960471542,
        0.8323087427821563,
        0.8662587248964511,
        0.8827001793479994,
        0.6615340650126642
      ]
    ],
    "original_vs_repaired": [
      [
        0.38798536086244656,
        0.48757046132841025,
        0.4758546250455465,
        0.5806614315754958,
        0.6870147100876868
      ],
      [
        0.49196755834261385,
        0.5298641425852174,
        0.5022861813267491,
        0.6963218904872095,
        0.7982680847729688
      ],
      [
        0.5978762841602616,
        0.7593917507559883,
        0.8816372128748209,
        0.7185488271718452,
        0.7532418774893082
      ],
      [
        0.9313642889074891,
        0.9932751220210763,
        0.9149415378946002,
        0.9234375100625926,
        0.7883323767680748
      ],
      [
        0.8028658859782296,
        0.819066993458715,
        0.6781606730026405,
        0.9247940817826381,
        0.8618030182656128
      ]
    ]
  },
  "recommendations": [
    "Further repair recommended",
    "Schedule follow-up inspection in 6 months",
    "Document repair in maintenance records",
    "Monitor vibration behavior periodically"
  ]
}