{
  "metadata": {
    "analysis_date": "2026-01-22T15:27:18",
    "program_version": "1.0",
    "structure_id": "353b448c-95e",
    "sampling_rate_hz": 100.0,
    "recording_duration_sec": null
  },
  "modal_parameters": {
    "original_state": {
      "natural_frequencies_hz": [
        2.44140625,
        7.2509765625,
        16.4306640625,
        23.5595703125,
        31.9091796875
      ],
      "mode_shapes": [
        [
          0.5227585225697282,
          0.10427300703958302,
          0.1522456297513572,
          1.0,
          0.09243524377816727,
          0.7617146478486998
        ],
        [
          0.10450160230579185,
          0.037863668686398066,
          0.05439420601649092,
          1.0,
          0.12451502951680514,
          0.42865712006036594
        ],
        [
          0.16038171290408987,
          0.0077895945270038775,
          0.14132692050101456,
          0.11941603664232384,
          0.09695887746988087,
          1.0
        ],
        [
          1.0,
          0.06022899113614736,
          0.39126023545552885,
          0.08985546547360135,
          0.04596776945615948,
          0.42117278215957643
        ],
        [
          1.0,
          0.0353546373346567,
          0.41942079457373505,
          0.01256874879389121,
          0.002783595587316954,
          0.007057268721943781
        ]
      ],
      "damping_ratios": [
        0.02,
        0.02,
        0.02,
        0.02,
        0.02
      ]
    },
    "damaged_state": {
      "natural_frequencies_hz": [
        1.85546875,
        11.376953125,
        20.2392578125,
        24.6337890625,
        29.5166015625
      ],
      "mode_shapes": [
        [
          0.011837101147344539,
          0.007786340466193153,
          0.004582856492160313,
          0.4011203740651522,
          0.04672794081108439,
          1.0
        ],
        [
          0.011870495337851393,
          0.0037976268943752584,
          0.003619350585222598,
          0.43148650332870947,
          0.02772083913745918,
          1.0
        ],
        [
          0.060831514758667445,
          0.013224890270708459,
          0.020406760734746152,
          0.12066296547028199,
          0.07484218269169463,
          1.0
        ],
        [
          0.22194075921737655,
          0.01812804586714889,
          0.04688882715716743,
          0.4209022430107152,
          0.025317392466559927,
          1.0
        ],
        [
          1.0,
          0.16233985453894453,
          0.27392725389723,
          0.07178839092944397,
          0.05175224398010112,
          0.15858202180948536
        ]
      ],
      "damping_ratios": [
        0.02,
        0.02,
        0.02,
        0.02,
        0.02
      ]
    },
    "repaired_state": {
      "natural_frequencies_hz": [
        13.18359375,
        18.359375,
        24.072265625,
        33.88671875,
        41.357421875
      ],
      "mode_shapes": [
        [
          0.43706783300646024,
          1.0,
          0.10001065993157973,
          0.05250468282048678,
          0.06764438710325794,
          0.05502561350843053
        ],
        [
          0.7130035386411921,
          1.0,
          0.11616410705012407,
          0.12389778388547464,
          0.14653349513197378,
          0.011294660586904603
        ],
        [
          0.525033994093417,
          1.0,
          0.07448565524924707,
          0.3713195064463957,
          0.8014413667462136,
          0.05776105295962525
        ],
        [
          0.43753421794168984,
          0.08379594746620181,
          0.027448229105239832,
          0.6399458667746725,
          1.0,
          0.021843233854754267
        ],
        [
          0.34011430456740355,
          1.0,
          0.047750151348800986,
          0.056281810532370045,
          0.09030308631449932,
          0.01071753302675004
        ]
      ],
      "damping_ratios": [
        0.02,
        0.02,
        0.02,
        0.02,
        0.02
      ]
    }
  },
  "quality_assessment": {
    "overall_score": 0.546854880797742,
    "breakdown": {
      "frequency_recovery": 0.6032634032634032,
      "mode_shape_match": 0.15074393055346774,
      "damping_recovery": 1.0
    },
    "per_mode_analysis": [
      {
        "mode": 1,
        "frequency_recovery": 1.0,
        "mac_value": 0.08763481990238653,
        "damping_recovery": 1.0
      },
      {
        "mode": 2,
        "frequency_recovery": 0.0,
        "mac_value": 0.34757087647601076,
        "damping_recovery": 1.0
      },
      {
        "mode": 3,
        "frequency_recovery": 0.4935897435897436,
        "mac_value": 0.01918978302645724,
        "damping_recovery": 1.0
      },
      {
        "mode": 4,
        "frequency_recovery": 0.5227272727272727,
        "mac_value": 0.18107680311066407,
        "damping_recovery": 1.0
      },
      {
        "mode": 5,
        "frequency_recovery": 1.0,
        "mac_value": 0.1182473702518202,
        "damping_recovery": 1.0
      }
    ],
    "interpretation": "Fair - Partial Improvement",
    "interpretation_code": "FAIR",
    "confidence_level": "high"
  },
  "statistics": {
    "frequency_changes": {
      "original_to_damaged_percent": [
        -24.0,
        56.9,
        23.2,
        4.6,
        -7.5
      ],
      "damaged_to_repaired_percent": [
        610.5,
        61.4,
        18.9,
        37.6,
        40.1
      ],
      "recovery_percent": [
        1933.3,
        -169.2,
        -100.6,
        -861.4,
        494.9
      ]
    },
    "average_stiffness_loss_percent": 10.62872942963269,
    "average_stiffness_recovery_percent": 259.39917225631507
  },
  "mode_mapping": {
    "damaged_to_original": null,
    "repaired_to_original": null
  },
  "mac_matrices": {
    "original_vs_damaged": [
      [
        0.6257724843953888,
        0.6428651182256684,
        0.441042654038591,
        0.7360920022923652,
        0.28196276149109023
      ],
      [
        0.49628235581764135,
        0.5191529168492666,
        0.2580187646082714,
        0.5175342455091897,
        0.053603066037808414
      ],
      [
        0.894738012402745,
        0.8794857571263787,
        0.9766644823006823,
        0.911982014075596,
        0.11439979261391044
      ],
      [
        0.14334658029857858,
        0.14122612424412317,
        0.18523189017219574,
        0.29774813045478604,
        0.9326623483854188
      ],
      [
        0.0005036100998489509,
        0.0004866544114917595,
        0.005127217826423998,
        0.04479879984251104,
        0.9439091909765105
      ]
    ],
    "original_vs_repaired": [
      [
        0.08763481990209998,
        0.13889985472973743,
        0.1975735694374857,
        0.32164562317434847,
        0.06123977819042573
      ],
      [
        0.020457700525174108,
        0.0372814612953026,
        0.14006085425909717,
        0.347570876474832,
        0.01599491525235886
      ],
      [
        0.019730291025307593,
        0.019189783026389386,
        0.03610009640825275,
        0.042337766536584304,
        0.007516449502979582
      ],
      [
        0.1977188898277992,
        0.33777196366520795,
        0.18107680311009972,
        0.1480852784756444,
        0.1233483015808564
      ],
      [
        0.18639512535797323,
        0.347950238917141,
        0.1475636567443786,
        0.11313892285718714,
        0.11824737025137964
      ]
    ]
  },
  "recommendations": [
    "Further repair recommended",
    "Schedule follow-up inspection in 6 months",
    "Document repair in maintenance records",
    "Monitor vibration behavior periodically"
  ]
}