{
  "metadata": {
    "analysis_date": "2026-01-22T12:56:41",
    "program_version": "1.0",
    "structure_id": "37b3015d-e5b",
    "sampling_rate_hz": 100.0,
    "recording_duration_sec": null
  },
  "modal_parameters": {
    "original_state": {
      "natural_frequencies_hz": [
        2.44140625,
        7.2509765625,
        16.4306640625,
        23.5595703125,
        31.9091796875
      ],
      "mode_shapes": [
        [
          0.5227585225697282,
          0.10427300703958302,
          0.1522456297513572,
          1.0,
          0.09243524377816727,
          0.7617146478486998
        ],
        [
          0.10450160230579185,
          0.037863668686398066,
          0.05439420601649092,
          1.0,
          0.12451502951680514,
          0.42865712006036594
        ],
        [
          0.16038171290408987,
          0.0077895945270038775,
          0.14132692050101456,
          0.11941603664232384,
          0.09695887746988087,
          1.0
        ],
        [
          1.0,
          0.06022899113614736,
          0.39126023545552885,
          0.08985546547360135,
          0.04596776945615948,
          0.42117278215957643
        ],
        [
          1.0,
          0.0353546373346567,
          0.41942079457373505,
          0.01256874879389121,
          0.002783595587316954,
          0.007057268721943781
        ]
      ],
      "damping_ratios": [
        0.02,
        0.02,
        0.02,
        0.02,
        0.02
      ]
    },
    "damaged_state": {
      "natural_frequencies_hz": [
        8.88671875,
        13.671875,
        18.4814453125,
        22.4853515625,
        28.90625
      ],
      "mode_shapes": [
        [
          0.05118325068692287,
          0.0045080537772909995,
          0.009420241327197031,
          1.0,
          0.23168831366802023,
          0.5330682529447519
        ],
        [
          0.7409027219761726,
          0.17217458165922653,
          0.12159193610974894,
          1.0,
          0.21525967861565623,
          0.9689396221391895
        ],
        [
          0.05735948034119617,
          0.013863904655096723,
          0.03457040677727756,
          0.021620514464163028,
          0.09015644236155085,
          1.0
        ],
        [
          0.3069452448435961,
          0.042028695247282866,
          0.2261623889364368,
          0.0774884538628279,
          0.10886025526270102,
          1.0
        ],
        [
          1.0,
          0.011801919718251607,
          0.7493943500037339,
          0.028208558481352564,
          0.006070593804598313,
          0.022681711438756486
        ]
      ],
      "damping_ratios": [
        0.02,
        0.02,
        0.02,
        0.02,
        0.02
      ]
    },
    "repaired_state": {
      "natural_frequencies_hz": [
        13.18359375,
        18.359375,
        23.291015625,
        33.88671875,
        41.30859375
      ],
      "mode_shapes": [
        [
          1.0,
          0.9750627413229459,
          0.17927888852132268,
          0.15318344744002887,
          0.4988883806024679,
          0.0809742282954085
        ],
        [
          0.8318221647192346,
          1.0,
          0.10811766250913217,
          0.04898277161630451,
          0.14406644314895073,
          0.025629786952215614
        ],
        [
          0.3677748207379824,
          1.0,
          0.13352278397163964,
          0.24488583973281383,
          0.2760811760041841,
          0.044684969934029845
        ],
        [
          0.3568369615624152,
          0.15287273798854684,
          0.058666677766882856,
          0.5992159255574903,
          1.0,
          0.037134787301464064
        ],
        [
          0.43487143160324204,
          1.0,
          0.11287824485337464,
          0.10640457447154945,
          0.2826106544664129,
          0.04448650671958736
        ]
      ],
      "damping_ratios": [
        0.02,
        0.02,
        0.02,
        0.02,
        0.02
      ]
    }
  },
  "quality_assessment": {
    "overall_score": 0.43891391522806766,
    "breakdown": {
      "frequency_recovery": 0.37060041407867494,
      "mode_shape_match": 0.17871236062910056,
      "damping_recovery": 1.0
    },
    "per_mode_analysis": [
      {
        "mode": 1,
        "frequency_recovery": 0.043478260869565216,
        "mac_value": 0.19424417448259154,
        "damping_recovery": 1.0
      },
      {
        "mode": 2,
        "frequency_recovery": 0.0,
        "mac_value": 0.33576974439471813,
        "damping_recovery": 1.0
      },
      {
        "mode": 3,
        "frequency_recovery": 0.05952380952380952,
        "mac_value": 0.022071813590133348,
        "damping_recovery": 1.0
      },
      {
        "mode": 4,
        "frequency_recovery": 0.75,
        "mac_value": 0.16412861894358166,
        "damping_recovery": 1.0
      },
      {
        "mode": 5,
        "frequency_recovery": 1.0,
        "mac_value": 0.17734745173447822,
        "damping_recovery": 1.0
      }
    ],
    "interpretation": "Poor - Minimal Improvement",
    "interpretation_code": "POOR",
    "confidence_level": "high"
  },
  "statistics": {
    "frequency_changes": {
      "original_to_damaged_percent": [
        264.0,
        88.6,
        12.5,
        -4.6,
        -9.4
      ],
      "damaged_to_repaired_percent": [
        48.4,
        34.3,
        26.0,
        50.7,
        42.9
      ],
      "recovery_percent": [
        -66.7,
        -73.0,
        -234.5,
        1061.4,
        413.0
      ]
    },
    "average_stiffness_loss_percent": 70.21263298666683,
    "average_stiffness_recovery_percent": 220.0354975946184
  },
  "mode_mapping": {
    "damaged_to_original": null,
    "repaired_to_original": null
  },
  "mac_matrices": {
    "original_vs_damaged": [
      [
        0.8341602482880245,
        0.9735776323988041,
        0.3571557468716404,
        0.49772678090656336,
        0.15791988370950244
      ],
      [
        0.9803042403634786,
        0.7501041727792221,
        0.17941946565198486,
        0.22614392611706627,
        0.017910706471152383
      ],
      [
        0.326843886061165,
        0.56353104253428,
        0.9705356122158622,
        0.9735639057318946,
        0.051365648635029626
      ],
      [
        0.08019584007549584,
        0.492580750912456,
        0.18278845146868955,
        0.4410613041431999,
        0.8120898188163199
      ],
      [
        0.0033090436503683887,
        0.22039869463523007,
        0.005355099227575251,
        0.12352680642383183,
        0.9399967506206464
      ]
    ],
    "original_vs_repaired": [
      [
        0.19424417448205103,
        0.12404060079989061,
        0.15766286875527302,
        0.302047221783797,
        0.1080997669197516
      ],
      [
        0.058588981534162615,
        0.020735790018076104,
        0.09303237694713648,
        0.3357697443935631,
        0.03977127816259872
      ],
      [
        0.048060262330193955,
        0.022071813590057075,
        0.025145013235610768,
        0.0457985685438408,
        0.02289898336817808
      ],
      [
        0.47334746840464176,
        0.39371320806069887,
        0.16412861894300956,
        0.1249826940580677,
        0.19360442847333903
      ],
      [
        0.4656399761123447,
        0.41049775810681327,
        0.1411814916441088,
        0.08857280989597481,
        0.17734745173383965
      ]
    ]
  },
  "recommendations": [
    "Further repair recommended",
    "Schedule follow-up inspection in 6 months",
    "Document repair in maintenance records",
    "Monitor vibration behavior periodically"
  ]
}