{
  "metadata": {
    "analysis_date": "2026-01-18T16:18:58",
    "program_version": "1.0",
    "structure_id": "3885fcfc-952",
    "sampling_rate_hz": 100.0,
    "recording_duration_sec": null
  },
  "modal_parameters": {
    "original_state": {
      "natural_frequencies_hz": [
        7.4951171875,
        14.892578125,
        20.947265625,
        28.1005859375,
        43.0908203125
      ],
      "mode_shapes": [
        [
          0.35422305471546345,
          1.0,
          0.20835433714405313,
          0.028478502876734726,
          0.03167622540244718,
          0.0237056038109704
        ],
        [
          1.0,
          0.42862741239415464,
          0.39441314960028057,
          0.6372609927820855,
          0.2727834556754725,
          0.8952123707098313
        ],
        [
          1.0,
          0.24249262462770893,
          0.18449640355991975,
          0.20870281209855482,
          0.34076225843885566,
          0.30420957840829427
        ],
        [
          0.5464371562608262,
          1.0,
          0.3716315104219079,
          0.6109562224201468,
          0.027189314509014757,
          0.1303200687167111
        ],
        [
          0.5757877954844808,
          0.9767109262670789,
          0.33815623873316497,
          0.39747168025881724,
          0.8099899782145901,
          1.0
        ]
      ],
      "damping_ratios": [
        0.02,
        0.02,
        0.02,
        0.02,
        0.02
      ]
    },
    "damaged_state": {
      "natural_frequencies_hz": [
        5.2978515625,
        10.4736328125,
        18.408203125,
        22.4609375,
        29.58984375
      ],
      "mode_shapes": [
        [
          0.04293356363872217,
          0.007894164614409315,
          0.010398068309346347,
          0.01240249908154404,
          0.02211531066574977,
          1.0
        ],
        [
          0.05499100822521838,
          0.009256574863066254,
          0.01716337718880603,
          0.2828867160211909,
          0.017565017345837434,
          1.0
        ],
        [
          0.14758726884193962,
          0.016633322229982147,
          0.11656926133680053,
          0.11519090849105218,
          0.005456252433072756,
          1.0
        ],
        [
          1.0,
          0.07816092780690484,
          0.45654468172408214,
          0.04141804042282769,
          0.0976170567321005,
          0.24115367825733405
        ],
        [
          1.0,
          0.06645229880063688,
          0.4997222554510801,
          0.014205217525018004,
          0.001118272950913454,
          0.054423217757029595
        ]
      ],
      "damping_ratios": [
        0.02,
        0.02,
        0.02,
        0.02,
        0.02
      ]
    },
    "repaired_state": {
      "natural_frequencies_hz": [
        1.416015625,
        6.298828125,
        11.8408203125,
        19.3359375,
        23.9501953125
      ],
      "mode_shapes": [
        [
          0.04856729165071509,
          0.04257342228493204,
          0.0366842634414718,
          0.17529307576017455,
          0.07689320073109973,
          1.0
        ],
        [
          0.023016866475464387,
          0.024947650511020582,
          0.05039545284882837,
          0.03750512359139135,
          0.026147015854492566,
          1.0
        ],
        [
          0.022767557835186834,
          0.010283342207965118,
          0.03550590722175311,
          0.17538495102654397,
          0.07937799250471547,
          1.0
        ],
        [
          0.1774061689342322,
          0.02902598692236383,
          0.05381384792887537,
          0.04487074135661171,
          0.04230638519375821,
          1.0
        ],
        [
          0.2882347590272902,
          0.054150445108820375,
          0.18839037943532969,
          0.3212276773890603,
          0.1021671876053365,
          1.0
        ]
      ],
      "damping_ratios": [
        0.02,
        0.02,
        0.02,
        0.02,
        0.02
      ]
    }
  },
  "quality_assessment": {
    "overall_score": 0.5430800380615652,
    "breakdown": {
      "frequency_recovery": 0.5360171447411803,
      "mode_shape_match": 0.250238218969917,
      "damping_recovery": 1.0
    },
    "per_mode_analysis": [
      {
        "mode": 1,
        "frequency_recovery": 0.45555555555555555,
        "mac_value": 0.0040652699017188635,
        "damping_recovery": 1.0
      },
      {
        "mode": 2,
        "frequency_recovery": 0.0,
        "mac_value": 0.4503704492909631,
        "damping_recovery": 1.0
      },
      {
        "mode": 3,
        "frequency_recovery": 1.0,
        "mac_value": 0.19524623762563992,
        "damping_recovery": 1.0
      },
      {
        "mode": 4,
        "frequency_recovery": 1.0,
        "mac_value": 0.03998578987100179,
        "damping_recovery": 1.0
      },
      {
        "mode": 5,
        "frequency_recovery": 0.22453016815034618,
        "mac_value": 0.5615233481602615,
        "damping_recovery": 1.0
      }
    ],
    "interpretation": "Fair - Partial Improvement",
    "interpretation_code": "FAIR",
    "confidence_level": "high"
  },
  "statistics": {
    "frequency_changes": {
      "original_to_damaged_percent": [
        -29.3,
        -29.7,
        -12.1,
        -20.1,
        -31.3
      ],
      "damaged_to_repaired_percent": [
        -73.3,
        -39.9,
        -35.7,
        -13.9,
        -19.1
      ],
      "recovery_percent": [
        -176.7,
        -94.5,
        -258.7,
        -55.4,
        -41.8
      ]
    },
    "average_stiffness_loss_percent": -24.50205074369311,
    "average_stiffness_recovery_percent": -125.39581165040988
  },
  "mode_mapping": {
    "damaged_to_original": null,
    "repaired_to_original": null
  },
  "mac_matrices": {
    "original_vs_damaged": [
      [
        0.002131183263479415,
        0.003290704665666047,
        0.011790936039809888,
        0.19211008441711436,
        0.18825372346332775
      ],
      [
        0.35034677860660035,
        0.4623259141408346,
        0.4985544224478251,
        0.6530242552989743,
        0.49998669752118535
      ],
      [
        0.09668555494977224,
        0.12662992920073582,
        0.1794939970847569,
        0.8596682362668098,
        0.7526624001456776
      ],
      [
        0.01646767618600408,
        0.061603080341793306,
        0.060811881882172986,
        0.31053556199814564,
        0.2886263401118614
      ],
      [
        0.34788304443354817,
        0.39515483986072997,
        0.4206545820427165,
        0.3167106017764551,
        0.18759227202759846
      ]
    ],
    "original_vs_repaired": [
      [
        0.007957181947579708,
        0.004065269901703246,
        0.0026662632495384033,
        0.013759882669760267,
        0.03707492360412432
      ],
      [
        0.4503704492895244,
        0.3641657895103837,
        0.42026261813070975,
        0.4825755136284397,
        0.7075768501534154
      ],
      [
        0.13353916113524608,
        0.09543234987119084,
        0.11430802953044271,
        0.1952462376249202,
        0.331569618721064
      ],
      [
        0.054520032503318105,
        0.02403541555621014,
        0.03998578987086415,
        0.04893833317608863,
        0.16538391596685328
      ],
      [
        0.43995098270641975,
        0.3680527421780903,
        0.4093786369428825,
        0.43180178456719187,
        0.5615233481586245
      ]
    ]
  },
  "recommendations": [
    "Further repair recommended",
    "Schedule follow-up inspection in 6 months",
    "Document repair in maintenance records",
    "Monitor vibration behavior periodically"
  ]
}