{
  "metadata": {
    "analysis_date": "2026-01-15T19:53:44",
    "program_version": "1.0",
    "structure_id": "3996c5df-419",
    "sampling_rate_hz": 100.0,
    "recording_duration_sec": null
  },
  "modal_parameters": {
    "original_state": {
      "natural_frequencies_hz": [
        8.0078125,
        13.232421875,
        17.87109375,
        23.974609375,
        39.94140625
      ],
      "mode_shapes": [
        [
          0.7376418700018403,
          1.0,
          0.9638523945169942,
          0.23076619159504638,
          0.1295462257156221,
          0.08229158627024936
        ],
        [
          1.0,
          0.40307066841654604,
          0.7226322299925942,
          0.2437651218866151,
          0.4980783834932664,
          0.693652292681032
        ],
        [
          0.3323115891961724,
          0.17782608660615773,
          1.0,
          0.45409026351375575,
          0.18147596498315605,
          0.18186422126371962
        ],
        [
          0.7706157803013707,
          1.0,
          0.8809277586911614,
          0.13944993984740028,
          0.05335728581815384,
          0.09803236222579643
        ],
        [
          0.7932325172877068,
          0.7888056170616813,
          1.0,
          0.12525233774972228,
          0.25051776238272616,
          0.093134236576387
        ]
      ],
      "damping_ratios": [
        0.02,
        0.02,
        0.02,
        0.02,
        0.02
      ]
    },
    "damaged_state": {
      "natural_frequencies_hz": [
        8.0078125,
        16.015625,
        35.107421875,
        40.185546875,
        45.654296875
      ],
      "mode_shapes": [
        [
          1.0,
          0.49319182301871584,
          0.6901828449896131,
          0.4385367513955016,
          0.176789495238743,
          0.12572135661155412
        ],
        [
          0.681406638182666,
          0.2730292556951311,
          1.0,
          0.359112436457653,
          0.2473891374895427,
          0.35143620091507083
        ],
        [
          0.11696612087563382,
          0.2581749436084271,
          0.5285261905994898,
          1.0,
          0.19579393980426296,
          0.2944943586092967
        ],
        [
          0.4577940461464036,
          0.17555985086492942,
          0.42182996919753674,
          1.0,
          0.12164906141256089,
          0.2830570141778412
        ],
        [
          0.5460470475292494,
          0.3243639007076232,
          0.3938013585368673,
          0.11194912214944294,
          0.42694010647336184,
          1.0
        ]
      ],
      "damping_ratios": [
        0.02,
        0.02,
        0.02,
        0.02,
        0.02
      ]
    },
    "repaired_state": {
      "natural_frequencies_hz": [
        7.8125,
        16.064453125,
        24.072265625,
        32.2265625,
        40.380859375
      ],
      "mode_shapes": [
        [
          1.0,
          0.4473067857405992,
          0.7238196073399552,
          0.9592510522010324,
          0.26137053008672584,
          0.6202060520937289
        ],
        [
          0.731860075896732,
          1.0,
          0.8148192655778767,
          0.058652739982767196,
          0.09227181934651915,
          0.04043649706946181
        ],
        [
          0.9461330406320456,
          0.4658079346868753,
          1.0,
          0.062346378547482637,
          0.06722590030771493,
          0.3901911106309579
        ],
        [
          0.9955359595772895,
          0.8130651492353081,
          1.0,
          0.12752390197661673,
          0.5768947810988004,
          0.4677254266719277
        ],
        [
          0.08972976189539827,
          0.42518605266810033,
          0.6354776929959525,
          0.38896742299406173,
          1.0,
          0.7136106297619698
        ]
      ],
      "damping_ratios": [
        0.02,
        0.02,
        0.02,
        0.02,
        0.02
      ]
    }
  },
  "quality_assessment": {
    "overall_score": 0.5935419882409079,
    "breakdown": {
      "frequency_recovery": 0.4108534814787587,
      "mode_shape_match": 0.6270508250050948,
      "damping_recovery": 1.0
    },
    "per_mode_analysis": [
      {
        "mode": 1,
        "frequency_recovery": 0.0,
        "mac_value": 0.6066651012461405,
        "damping_recovery": 1.0
      },
      {
        "mode": 2,
        "frequency_recovery": 0.0,
        "mac_value": 0.5998621827843336,
        "damping_recovery": 1.0
      },
      {
        "mode": 3,
        "frequency_recovery": 0.6402266288951841,
        "mac_value": 0.7081494307192194,
        "damping_recovery": 1.0
      },
      {
        "mode": 4,
        "frequency_recovery": 0.49096385542168675,
        "mac_value": 0.8444815518293046,
        "damping_recovery": 1.0
      },
      {
        "mode": 5,
        "frequency_recovery": 0.9230769230769231,
        "mac_value": 0.37609585844647575,
        "damping_recovery": 1.0
      }
    ],
    "interpretation": "Fair - Partial Improvement",
    "interpretation_code": "FAIR",
    "confidence_level": "high"
  },
  "statistics": {
    "frequency_changes": {
      "original_to_damaged_percent": [
        0.0,
        21.0,
        96.4,
        67.6,
        14.3
      ],
      "damaged_to_repaired_percent": [
        -2.4,
        0.3,
        -31.4,
        -19.8,
        -11.6
      ],
      "recovery_percent": [
        -19.5,
        -1.8,
        64.0,
        49.1,
        92.3
      ]
    },
    "average_stiffness_loss_percent": 39.88031683817569,
    "average_stiffness_recovery_percent": 36.828220954893425
  },
  "mode_mapping": {
    "damaged_to_original": null,
    "repaired_to_original": null
  },
  "mac_matrices": {
    "original_vs_damaged": [
      [
        0.8253858149461168,
        0.7508793904053187,
        0.33980633402490706,
        0.36677147255104436,
        0.3608556607035725
      ],
      [
        0.8088952035344933,
        0.8458216986940058,
        0.3592098104876925,
        0.47552498230268425,
        0.8280719569058587
      ],
      [
        0.6718167454694722,
        0.9132988135602846,
        0.6369449496328662,
        0.5996297262115393,
        0.3587191014310655
      ],
      [
        0.8120976727453417,
        0.7095329205389014,
        0.27632925989222734,
        0.31715085504566926,
        0.3583942068780207
      ],
      [
        0.8586871011022517,
        0.8294027649142699,
        0.30358423455957134,
        0.3453731890586995,
        0.4102302805754099
      ]
    ],
    "original_vs_repaired": [
      [
        0.6066651012446906,
        0.9819450260474337,
        0.8221046039683919,
        0.8578078887312951,
        0.3323775503996305
      ],
      [
        0.8143231558435776,
        0.5998621827827642,
        0.8422077195553624,
        0.9077484694664579,
        0.5867074334638455
      ],
      [
        0.684462356747701,
        0.5288571244457918,
        0.7081494307170889,
        0.6519628382058106,
        0.47383208504481533
      ],
      [
        0.5727361693541635,
        0.9942072331851828,
        0.828291936345958,
        0.8444815518272737,
        0.280333233252387
      ],
      [
        0.6166047173604297,
        0.9508655933203702,
        0.8932568344058576,
        0.9221252592388992,
        0.3760958584454827
      ]
    ]
  },
  "recommendations": [
    "Further repair recommended",
    "Schedule follow-up inspection in 6 months",
    "Document repair in maintenance records",
    "Monitor vibration behavior periodically"
  ]
}