{
  "metadata": {
    "analysis_date": "2026-01-19T13:04:46",
    "program_version": "1.0",
    "structure_id": "424c1017-5fb",
    "sampling_rate_hz": 100.0,
    "recording_duration_sec": null
  },
  "modal_parameters": {
    "original_state": {
      "natural_frequencies_hz": [
        7.4951171875,
        14.892578125,
        20.947265625,
        28.1005859375,
        43.0908203125
      ],
      "mode_shapes": [
        [
          0.35422305471546345,
          1.0,
          0.20835433714405313,
          0.028478502876734726,
          0.03167622540244718,
          0.0237056038109704
        ],
        [
          1.0,
          0.42862741239415464,
          0.39441314960028057,
          0.6372609927820855,
          0.2727834556754725,
          0.8952123707098313
        ],
        [
          1.0,
          0.24249262462770893,
          0.18449640355991975,
          0.20870281209855482,
          0.34076225843885566,
          0.30420957840829427
        ],
        [
          0.5464371562608262,
          1.0,
          0.3716315104219079,
          0.6109562224201468,
          0.027189314509014757,
          0.1303200687167111
        ],
        [
          0.5757877954844808,
          0.9767109262670789,
          0.33815623873316497,
          0.39747168025881724,
          0.8099899782145901,
          1.0
        ]
      ],
      "damping_ratios": [
        0.02,
        0.02,
        0.02,
        0.02,
        0.02
      ]
    },
    "damaged_state": {
      "natural_frequencies_hz": [
        7.4951171875,
        14.892578125,
        20.947265625,
        28.1005859375,
        43.0908203125
      ],
      "mode_shapes": [
        [
          0.35422305471546345,
          1.0,
          0.20835433714405313,
          0.028478502876734726,
          0.03167622540244718,
          0.0237056038109704
        ],
        [
          1.0,
          0.42862741239415464,
          0.39441314960028057,
          0.6372609927820855,
          0.2727834556754725,
          0.8952123707098313
        ],
        [
          1.0,
          0.24249262462770893,
          0.18449640355991975,
          0.20870281209855482,
          0.34076225843885566,
          0.30420957840829427
        ],
        [
          0.5464371562608262,
          1.0,
          0.3716315104219079,
          0.6109562224201468,
          0.027189314509014757,
          0.1303200687167111
        ],
        [
          0.5757877954844808,
          0.9767109262670789,
          0.33815623873316497,
          0.39747168025881724,
          0.8099899782145901,
          1.0
        ]
      ],
      "damping_ratios": [
        0.02,
        0.02,
        0.02,
        0.02,
        0.02
      ]
    },
    "repaired_state": {
      "natural_frequencies_hz": [
        7.4951171875,
        14.892578125,
        20.947265625,
        28.1005859375,
        43.0908203125
      ],
      "mode_shapes": [
        [
          0.35422305471546345,
          1.0,
          0.20835433714405313,
          0.028478502876734726,
          0.03167622540244718,
          0.0237056038109704
        ],
        [
          1.0,
          0.42862741239415464,
          0.39441314960028057,
          0.6372609927820855,
          0.2727834556754725,
          0.8952123707098313
        ],
        [
          1.0,
          0.24249262462770893,
          0.18449640355991975,
          0.20870281209855482,
          0.34076225843885566,
          0.30420957840829427
        ],
        [
          0.5464371562608262,
          1.0,
          0.3716315104219079,
          0.6109562224201468,
          0.027189314509014757,
          0.1303200687167111
        ],
        [
          0.5757877954844808,
          0.9767109262670789,
          0.33815623873316497,
          0.39747168025881724,
          0.8099899782145901,
          1.0
        ]
      ],
      "damping_ratios": [
        0.02,
        0.02,
        0.02,
        0.02,
        0.02
      ]
    }
  },
  "quality_assessment": {
    "overall_score": 0.5,
    "breakdown": {
      "frequency_recovery": 0.0,
      "mode_shape_match": 1.0,
      "damping_recovery": 1.0
    },
    "per_mode_analysis": [
      {
        "mode": 1,
        "frequency_recovery": 0.0,
        "mac_value": 1.0,
        "damping_recovery": 1.0
      },
      {
        "mode": 2,
        "frequency_recovery": 0.0,
        "mac_value": 1.0,
        "damping_recovery": 1.0
      },
      {
        "mode": 3,
        "frequency_recovery": 0.0,
        "mac_value": 1.0,
        "damping_recovery": 1.0
      },
      {
        "mode": 4,
        "frequency_recovery": 0.0,
        "mac_value": 1.0,
        "damping_recovery": 1.0
      },
      {
        "mode": 5,
        "frequency_recovery": 0.0,
        "mac_value": 1.0,
        "damping_recovery": 1.0
      }
    ],
    "interpretation": "Fair - Partial Improvement",
    "interpretation_code": "FAIR",
    "confidence_level": "high"
  },
  "statistics": {
    "frequency_changes": {
      "original_to_damaged_percent": [
        0.0,
        0.0,
        0.0,
        0.0,
        0.0
      ],
      "damaged_to_repaired_percent": [
        0.0,
        0.0,
        0.0,
        0.0,
        0.0
      ],
      "recovery_percent": [
        0.0,
        0.0,
        0.0,
        0.0,
        0.0
      ]
    },
    "average_stiffness_loss_percent": 0.0,
    "average_stiffness_recovery_percent": 0.0
  },
  "mode_mapping": {
    "damaged_to_original": null,
    "repaired_to_original": null
  },
  "mac_matrices": {
    "original_vs_damaged": [
      [
        0.9999999999963036,
        0.271533913100574,
        0.2757488962525468,
        0.7801840881523145,
        0.4571426722361726
      ],
      [
        0.271533913100574,
        0.9999999999975293,
        0.7957615796988357,
        0.5580382002708044,
        0.7402771888978591
      ],
      [
        0.2757488962525468,
        0.7957615796988357,
        0.9999999999965512,
        0.43483270123631035,
        0.5473294430064793
      ],
      [
        0.7801840881523145,
        0.5580382002708044,
        0.43483270123631035,
        0.9999999999970415,
        0.5590768304916112
      ],
      [
        0.4571426722361726,
        0.7402771888978591,
        0.5473294430064793,
        0.5590768304916112,
        0.9999999999977685
      ]
    ],
    "original_vs_repaired": [
      [
        0.9999999999963036,
        0.271533913100574,
        0.2757488962525468,
        0.7801840881523145,
        0.4571426722361726
      ],
      [
        0.271533913100574,
        0.9999999999975293,
        0.7957615796988357,
        0.5580382002708044,
        0.7402771888978591
      ],
      [
        0.2757488962525468,
        0.7957615796988357,
        0.9999999999965512,
        0.43483270123631035,
        0.5473294430064793
      ],
      [
        0.7801840881523145,
        0.5580382002708044,
        0.43483270123631035,
        0.9999999999970415,
        0.5590768304916112
      ],
      [
        0.4571426722361726,
        0.7402771888978591,
        0.5473294430064793,
        0.5590768304916112,
        0.9999999999977685
      ]
    ]
  },
  "recommendations": [
    "Further repair recommended",
    "Schedule follow-up inspection in 6 months",
    "Document repair in maintenance records",
    "Monitor vibration behavior periodically"
  ]
}