{
  "metadata": {
    "analysis_date": "2026-01-17T15:59:52",
    "program_version": "1.0",
    "structure_id": "43f27214-a53",
    "sampling_rate_hz": 100.0,
    "recording_duration_sec": null
  },
  "modal_parameters": {
    "original_state": {
      "natural_frequencies_hz": [
        13.134765625,
        18.359375,
        23.974609375,
        36.62109375,
        41.30859375
      ],
      "mode_shapes": [
        [
          0.3682237419413613,
          1.0,
          0.1096784745238833,
          0.06522080043310786,
          0.11057504617950607,
          0.013541221577235396
        ],
        [
          0.5396230499225859,
          1.0,
          0.09405841394535665,
          0.05101062093541322,
          0.05936995943967658,
          0.002510179077197149
        ],
        [
          0.2724384358029053,
          1.0,
          0.12727663797671,
          0.18574229660463923,
          0.6007254252483633,
          0.026661894555776947
        ],
        [
          0.5793561281486855,
          1.0,
          0.198982158218934,
          0.23279109960752906,
          0.40505205890262436,
          0.05877406572780798
        ],
        [
          1.0,
          0.5987223964977987,
          0.18598160974840522,
          0.46660936871686876,
          0.5057422908681711,
          0.07502938470565869
        ]
      ],
      "damping_ratios": [
        0.02,
        0.02,
        0.02,
        0.02,
        0.02
      ]
    },
    "damaged_state": {
      "natural_frequencies_hz": [
        18.115234375,
        24.0234375,
        29.443359375,
        34.033203125,
        40.625
      ],
      "mode_shapes": [
        [
          0.08379421233517304,
          0.09027205259865556,
          0.01913759784626269,
          0.22360130057779853,
          1.0,
          0.054199260445117955
        ],
        [
          0.5656064780315623,
          0.7921673474240145,
          0.10201540580304258,
          0.0666219840034774,
          1.0,
          0.07231055946504937
        ],
        [
          0.12826815685425658,
          0.2852014693368968,
          0.020280524022166083,
          0.11946916103048937,
          1.0,
          0.10080491483233123
        ],
        [
          0.1994996877644639,
          0.05374216479212008,
          0.04191583332520873,
          0.1184080387256467,
          1.0,
          0.09545878002652611
        ],
        [
          0.026539574576864983,
          0.291590780712696,
          0.07088942955571242,
          0.130791025870817,
          1.0,
          0.06771326921343578
        ]
      ],
      "damping_ratios": [
        0.02,
        0.02,
        0.02,
        0.02,
        0.02
      ]
    },
    "repaired_state": {
      "natural_frequencies_hz": [
        13.671875,
        18.603515625,
        26.123046875,
        32.763671875,
        38.671875
      ],
      "mode_shapes": [
        [
          1.0,
          0.9302906631539899,
          0.05814909380937988,
          0.23805725444302323,
          0.8893017993862762,
          0.08358380956124334
        ],
        [
          1.0,
          0.9162804516162384,
          0.04131039837534893,
          0.19730957738541452,
          0.2902857239791856,
          0.06499628309444037
        ],
        [
          0.30879558553905884,
          1.0,
          0.09090038259726087,
          0.11442706522480034,
          0.8082838178005796,
          0.04549448850880843
        ],
        [
          0.2099445826862098,
          0.23665934930858976,
          0.05113887699287946,
          0.3352989632049256,
          1.0,
          0.055081727733056335
        ],
        [
          0.46937534753157184,
          0.6593841816983701,
          0.07483186595167368,
          0.17777130035784375,
          1.0,
          0.025424481733606053
        ]
      ],
      "damping_ratios": [
        0.02,
        0.02,
        0.02,
        0.02,
        0.02
      ]
    }
  },
  "quality_assessment": {
    "overall_score": 0.6573312618854465,
    "breakdown": {
      "frequency_recovery": 0.4912392543224186,
      "mode_shape_match": 0.7057054490807908,
      "damping_recovery": 1.0
    },
    "per_mode_analysis": [
      {
        "mode": 1,
        "frequency_recovery": 0.8921568627450981,
        "mac_value": 0.6358381752024775,
        "damping_recovery": 1.0
      },
      {
        "mode": 2,
        "frequency_recovery": 0.9568965517241379,
        "mac_value": 0.8601792000652565,
        "damping_recovery": 1.0
      },
      {
        "mode": 3,
        "frequency_recovery": 0.6071428571428571,
        "mac_value": 0.9763427538778005,
        "damping_recovery": 1.0
      },
      {
        "mode": 4,
        "frequency_recovery": 0.0,
        "mac_value": 0.3756149223947,
        "damping_recovery": 1.0
      },
      {
        "mode": 5,
        "frequency_recovery": 0.0,
        "mac_value": 0.6805521938637199,
        "damping_recovery": 1.0
      }
    ],
    "interpretation": "Fair - Partial Improvement",
    "interpretation_code": "FAIR",
    "confidence_level": "high"
  },
  "statistics": {
    "frequency_changes": {
      "original_to_damaged_percent": [
        37.9,
        30.9,
        22.8,
        -7.1,
        -1.7
      ],
      "damaged_to_repaired_percent": [
        -24.5,
        -22.6,
        -11.3,
        -3.7,
        -4.8
      ],
      "recovery_percent": [
        89.2,
        95.7,
        60.7,
        -49.1,
        -285.7
      ]
    },
    "average_stiffness_loss_percent": 16.571671414434128,
    "average_stiffness_recovery_percent": -17.830252465332258
  },
  "mode_mapping": {
    "damaged_to_original": null,
    "repaired_to_original": null
  },
  "mac_matrices": {
    "original_vs_damaged": [
      [
        0.04988736872763308,
        0.5549789748485299,
        0.15796387057551783,
        0.0508439331403021,
        0.14220093002524123
      ],
      [
        0.031060154744622002,
        0.532597147800483,
        0.12147084747986696,
        0.03826326956448819,
        0.09874629007946419
      ],
      [
        0.36293439755665075,
        0.8473751599095617,
        0.5389075562687218,
        0.3438439918877779,
        0.5282865654089256
      ],
      [
        0.2130381490367773,
        0.7794661740425948,
        0.3590712298111441,
        0.2224916564975081,
        0.3255994564890358
      ],
      [
        0.2853698118453184,
        0.6959560186547266,
        0.36165296804700836,
        0.3263416702251915,
        0.29674957416252923
      ]
    ],
    "original_vs_repaired": [
      [
        0.635838175200528,
        0.777407354667348,
        0.7227315916966986,
        0.14453795339845407,
        0.470431798924804
      ],
      [
        0.6671761202522777,
        0.8601792000625252,
        0.6526798379518808,
        0.11694991202058241,
        0.4416255060801674
      ],
      [
        0.7921868991359369,
        0.6762118027884316,
        0.9763427538747319,
        0.5140898151498595,
        0.8139448445237278
      ],
      [
        0.8669537992051483,
        0.8883376965185342,
        0.8530024198602963,
        0.3756149223934247,
        0.7189098151771891
      ],
      [
        0.893939614345603,
        0.8790892619946492,
        0.5823708476950211,
        0.4629045556231769,
        0.680552193861679
      ]
    ]
  },
  "recommendations": [
    "Further repair recommended",
    "Schedule follow-up inspection in 6 months",
    "Document repair in maintenance records",
    "Monitor vibration behavior periodically"
  ]
}