{
  "metadata": {
    "analysis_date": "2026-01-22T11:38:15",
    "program_version": "1.0",
    "structure_id": "46c7bf3d-26a",
    "sampling_rate_hz": 100.0,
    "recording_duration_sec": null
  },
  "modal_parameters": {
    "original_state": {
      "natural_frequencies_hz": [
        8.88671875,
        13.671875,
        18.4814453125,
        22.4853515625,
        28.90625
      ],
      "mode_shapes": [
        [
          0.05118325068692287,
          0.0045080537772909995,
          0.009420241327197031,
          1.0,
          0.23168831366802023,
          0.5330682529447519
        ],
        [
          0.7409027219761726,
          0.17217458165922653,
          0.12159193610974894,
          1.0,
          0.21525967861565623,
          0.9689396221391895
        ],
        [
          0.05735948034119617,
          0.013863904655096723,
          0.03457040677727756,
          0.021620514464163028,
          0.09015644236155085,
          1.0
        ],
        [
          0.3069452448435961,
          0.042028695247282866,
          0.2261623889364368,
          0.0774884538628279,
          0.10886025526270102,
          1.0
        ],
        [
          1.0,
          0.011801919718251607,
          0.7493943500037339,
          0.028208558481352564,
          0.006070593804598313,
          0.022681711438756486
        ]
      ],
      "damping_ratios": [
        0.02,
        0.02,
        0.02,
        0.02,
        0.02
      ]
    },
    "damaged_state": {
      "natural_frequencies_hz": [
        7.6904296875,
        17.724609375,
        23.193359375,
        28.759765625,
        35.15625
      ],
      "mode_shapes": [
        [
          0.16395276380823828,
          0.055365074818972244,
          0.09565180441056356,
          1.0,
          0.23725166673405187,
          0.28127449072512595
        ],
        [
          0.08773300867599369,
          0.013167761634927331,
          0.0513032588693055,
          0.02014266289997688,
          0.11994700393410301,
          1.0
        ],
        [
          0.23934149773758992,
          0.015639097582575485,
          0.15076466259260463,
          0.04379236169192163,
          0.11793394794239495,
          1.0
        ],
        [
          1.0,
          0.02004163218773523,
          0.8156561720057387,
          0.03417748223799377,
          0.019106076826509902,
          0.26656858360930197
        ],
        [
          0.368470541354335,
          0.15409764804390563,
          0.30515127015324545,
          0.2319753070966293,
          0.08815636579641135,
          1.0
        ]
      ],
      "damping_ratios": [
        0.02,
        0.02,
        0.02,
        0.02,
        0.02
      ]
    },
    "repaired_state": {
      "natural_frequencies_hz": [
        7.12890625,
        11.328125,
        17.96875,
        21.97265625,
        28.0029296875
      ],
      "mode_shapes": [
        [
          0.6953881993870703,
          0.05212108608442845,
          0.4442084774771715,
          1.0,
          0.2557069626762951,
          0.8108827642759588
        ],
        [
          0.01906582581810411,
          0.02685603390395192,
          0.04569335985687287,
          1.0,
          0.09902032804264704,
          0.16049203801614825
        ],
        [
          0.06424220279685172,
          0.014091793547053616,
          0.03558196491389197,
          0.0961330323655662,
          0.11301476758077236,
          1.0
        ],
        [
          0.9812721697582296,
          0.07960556032369522,
          1.0,
          0.11343118912791182,
          0.08721982073424261,
          0.8659459188750237
        ],
        [
          1.0,
          0.06135503522681851,
          0.6999119155702678,
          0.14441086260203806,
          0.17572480442560975,
          0.8924898466903033
        ]
      ],
      "damping_ratios": [
        0.02,
        0.02,
        0.02,
        0.02,
        0.02
      ]
    }
  },
  "quality_assessment": {
    "overall_score": 0.7786169495408257,
    "breakdown": {
      "frequency_recovery": 0.6645161290322581,
      "mode_shape_match": 0.8211962834156559,
      "damping_recovery": 1.0
    },
    "per_mode_analysis": [
      {
        "mode": 1,
        "frequency_recovery": 1.0,
        "mac_value": 0.8848488419939555,
        "damping_recovery": 1.0
      },
      {
        "mode": 2,
        "frequency_recovery": 1.0,
        "mac_value": 0.9429447175813017,
        "damping_recovery": 1.0
      },
      {
        "mode": 3,
        "frequency_recovery": 0.3225806451612903,
        "mac_value": 0.9940576062241893,
        "damping_recovery": 1.0
      },
      {
        "mode": 4,
        "frequency_recovery": 1.0,
        "mac_value": 0.6272926244185527,
        "damping_recovery": 1.0
      },
      {
        "mode": 5,
        "frequency_recovery": 0.0,
        "mac_value": 0.6568376268602799,
        "damping_recovery": 1.0
      }
    ],
    "interpretation": "Good - Acceptable Repair",
    "interpretation_code": "GOOD",
    "confidence_level": "high"
  },
  "statistics": {
    "frequency_changes": {
      "original_to_damaged_percent": [
        -13.5,
        29.6,
        25.5,
        27.9,
        21.6
      ],
      "damaged_to_repaired_percent": [
        -7.3,
        -36.1,
        -22.5,
        -23.6,
        -20.3
      ],
      "recovery_percent": [
        -46.9,
        157.8,
        110.9,
        108.2,
        114.5
      ]
    },
    "average_stiffness_loss_percent": 18.24055369440461,
    "average_stiffness_recovery_percent": 88.87954200644513
  },
  "mode_mapping": {
    "damaged_to_original": null,
    "repaired_to_original": null
  },
  "mac_matrices": {
    "original_vs_damaged": [
      [
        0.9367348078110871,
        0.24986623931391977,
        0.2598594556778357,
        0.0246480249908756,
        0.3704718743024703
      ],
      [
        0.7098807990233595,
        0.44808476041154677,
        0.5409399892063411,
        0.28999898450831585,
        0.7149430992219712
      ],
      [
        0.09586186991752244,
        0.9979826707086235,
        0.956587394571089,
        0.07149535790963941,
        0.8228494419991568
      ],
      [
        0.15389145341614943,
        0.9295382163418268,
        0.9901842944421765,
        0.28789766731206684,
        0.9660400520356525
      ],
      [
        0.04039355722962331,
        0.014098159224419492,
        0.08302005319464928,
        0.964233832021091,
        0.19243232056381251
      ]
    ],
    "original_vs_repaired": [
      [
        0.7270459899099823,
        0.8848488419906908,
        0.3153190308880555,
        0.11690789764532505,
        0.16463399624970634
      ],
      [
        0.9429447175789114,
        0.538640149888063,
        0.4936974892178564,
        0.47592985693458945,
        0.5875174018033948
      ],
      [
        0.340737139191366,
        0.03578940932985483,
        0.994057606220253,
        0.33770729639875935,
        0.41624993580662695
      ],
      [
        0.5416615381842941,
        0.05850352516552763,
        0.9176283287195401,
        0.6272926244166322,
        0.7088100309304552
      ],
      [
        0.3083873650675886,
        0.004563191897200907,
        0.008544754101602587,
        0.7192496956534444,
        0.6568376268583708
      ]
    ]
  },
  "recommendations": [
    "Structure suitable for normal operating loads",
    "Schedule follow-up inspection in 6 months",
    "Document repair in maintenance records",
    "Monitor vibration behavior periodically"
  ]
}