{
  "metadata": {
    "analysis_date": "2026-01-17T20:07:48",
    "program_version": "1.0",
    "structure_id": "49204fbe-03f",
    "sampling_rate_hz": 100.0,
    "recording_duration_sec": null
  },
  "modal_parameters": {
    "original_state": {
      "natural_frequencies_hz": [
        13.18359375,
        18.212890625,
        23.291015625,
        33.88671875,
        41.357421875
      ],
      "mode_shapes": [
        [
          0.7980773549855884,
          1.0,
          0.12616057099490596,
          0.12698370058823624,
          0.20692829313773908,
          0.05158436514782366
        ],
        [
          0.4661667997278246,
          1.0,
          0.12496904283435768,
          0.06526871381678989,
          0.022204479900325667,
          0.047503131127116155
        ],
        [
          0.23195417742320187,
          1.0,
          0.11660046074634844,
          0.2729225650788159,
          0.19021645779182725,
          0.04745224499461143
        ],
        [
          0.2503654761977683,
          0.10047669294156211,
          0.012219021711147842,
          0.5262755345226909,
          1.0,
          0.02032599421486494
        ],
        [
          0.4930914838430129,
          1.0,
          0.09254873562230576,
          0.06760119511014892,
          0.1329147667102057,
          0.022208469324526147
        ]
      ],
      "damping_ratios": [
        0.02,
        0.02,
        0.02,
        0.02,
        0.02
      ]
    },
    "damaged_state": {
      "natural_frequencies_hz": [
        18.45703125,
        22.607421875,
        32.568359375,
        41.40625,
        47.265625
      ],
      "mode_shapes": [
        [
          1.0,
          0.2933104902281205,
          0.0934555897224245,
          0.17780635185824417,
          0.7099532922606737,
          0.09250714674883304
        ],
        [
          0.26082570476339545,
          0.295391317384258,
          0.07592715976421051,
          0.12079202014684137,
          1.0,
          0.08215094719686422
        ],
        [
          0.1549982007632731,
          0.18678603551560388,
          0.05598807828114463,
          0.14575226306008246,
          1.0,
          0.16558359176482723
        ],
        [
          0.7217598912516959,
          1.0,
          0.06253131716590521,
          0.04613742970068704,
          0.5055500493519518,
          0.0321916070533782
        ],
        [
          0.2558926515126209,
          0.1390692598090145,
          0.043302748470965456,
          0.2234657041453309,
          1.0,
          0.08384336452881878
        ]
      ],
      "damping_ratios": [
        0.02,
        0.02,
        0.02,
        0.02,
        0.02
      ]
    },
    "repaired_state": {
      "natural_frequencies_hz": [
        13.18359375,
        18.408203125,
        24.12109375,
        33.837890625,
        41.357421875
      ],
      "mode_shapes": [
        [
          0.8854967137119816,
          1.0,
          0.09387029010055083,
          0.2397152330220091,
          0.4794717781326277,
          0.11720449692601903
        ],
        [
          0.49598116496549055,
          1.0,
          0.07815451226708271,
          0.25755127407797856,
          0.15914617210201817,
          0.02649975868999661
        ],
        [
          0.20106700330175695,
          1.0,
          0.08123335079733686,
          0.16349565432795274,
          0.43368310533665444,
          0.05201436380869616
        ],
        [
          0.2625374014911717,
          0.7188532365420597,
          0.026072495668538073,
          0.5201783565171186,
          1.0,
          0.015253629083576865
        ],
        [
          0.461885756095545,
          1.0,
          0.04917464035332885,
          0.10475859876305801,
          0.4670310253321694,
          0.04024706709285105
        ]
      ],
      "damping_ratios": [
        0.02,
        0.02,
        0.02,
        0.02,
        0.02
      ]
    }
  },
  "quality_assessment": {
    "overall_score": 0.9608900596981798,
    "breakdown": {
      "frequency_recovery": 0.9732163742690059,
      "mode_shape_match": 0.9142729085455897,
      "damping_recovery": 1.0
    },
    "per_mode_analysis": [
      {
        "mode": 1,
        "frequency_recovery": 1.0,
        "mac_value": 0.9576978625181882,
        "damping_recovery": 1.0
      },
      {
        "mode": 2,
        "frequency_recovery": 0.9555555555555556,
        "mac_value": 0.9562400660913435,
        "damping_recovery": 1.0
      },
      {
        "mode": 3,
        "frequency_recovery": 0.9105263157894737,
        "mac_value": 0.9419146836103195,
        "damping_recovery": 1.0
      },
      {
        "mode": 4,
        "frequency_recovery": 1.0,
        "mac_value": 0.7954190713861761,
        "damping_recovery": 1.0
      },
      {
        "mode": 5,
        "frequency_recovery": 1.0,
        "mac_value": 0.9200928591219217,
        "damping_recovery": 1.0
      }
    ],
    "interpretation": "Excellent - Nearly Perfect Repair",
    "interpretation_code": "EXCELLENT",
    "confidence_level": "high"
  },
  "statistics": {
    "frequency_changes": {
      "original_to_damaged_percent": [
        40.0,
        24.1,
        39.8,
        22.2,
        14.3
      ],
      "damaged_to_repaired_percent": [
        -28.6,
        -18.6,
        -25.9,
        -18.3,
        -12.5
      ],
      "recovery_percent": [
        100.0,
        95.6,
        91.1,
        100.6,
        100.0
      ]
    },
    "average_stiffness_loss_percent": 28.087377491440527,
    "average_stiffness_recovery_percent": 97.45150755677072
  },
  "mode_mapping": {
    "damaged_to_original": null,
    "repaired_to_original": null
  },
  "mac_matrices": {
    "original_vs_damaged": [
      [
        0.5807427365784004,
        0.2698660495135005,
        0.15973865919347155,
        0.9407025457255788,
        0.17656289954036283
      ],
      [
        0.3172292098777817,
        0.14461751594642272,
        0.06782128452585932,
        0.8363885279329188,
        0.06540279793114954
      ],
      [
        0.271053135492189,
        0.2509730981785627,
        0.16643939902402136,
        0.7843395317802351,
        0.15584024845432307
      ],
      [
        0.5332922862455501,
        0.8444668581736591,
        0.8639784188104049,
        0.2740586385742104,
        0.9291684187612922
      ],
      [
        0.3908020784124465,
        0.2185978119093221,
        0.12157538088403953,
        0.9030323023948187,
        0.1205313761099654
      ]
    ],
    "original_vs_repaired": [
      [
        0.9576978625154015,
        0.9409154649960593,
        0.7603343461495393,
        0.456364556825132,
        0.8914517258563341
      ],
      [
        0.8169032868468274,
        0.956240066087976,
        0.8095564379209734,
        0.35282667884566044,
        0.8581057898246266
      ],
      [
        0.7688710816112114,
        0.947144391270033,
        0.9419146836069102,
        0.5678606758685613,
        0.8893228800994077
      ],
      [
        0.3067593326423526,
        0.14942354987861636,
        0.2649348204618678,
        0.7954190713836398,
        0.2801355866202465
      ],
      [
        0.8747188181720486,
        0.9726367164388907,
        0.8588990925254887,
        0.4388309730749147,
        0.9200928591187613
      ]
    ]
  },
  "recommendations": [
    "Structure suitable for normal operating loads",
    "Schedule follow-up inspection in 6 months",
    "Document repair in maintenance records",
    "Monitor vibration behavior periodically"
  ]
}