{
  "metadata": {
    "analysis_date": "2026-01-15T20:41:06",
    "program_version": "1.0",
    "structure_id": "4c2e9c89-04e",
    "sampling_rate_hz": 100.0,
    "recording_duration_sec": null
  },
  "modal_parameters": {
    "original_state": {
      "natural_frequencies_hz": [
        7.861328125,
        12.060546875,
        17.7734375,
        23.876953125,
        31.8359375
      ],
      "mode_shapes": [
        [
          1.0,
          0.0748460490864067,
          0.6253792620155086,
          0.5684512082481702,
          0.2561107624445535,
          0.2600867778268626
        ],
        [
          1.0,
          0.7773754982698884,
          0.4877457966872648,
          0.9048564391848241,
          0.17921344211808252,
          0.8565554009200189
        ],
        [
          0.44816404948979505,
          0.39889369992471524,
          1.0,
          0.41573472499537395,
          0.055524047147237986,
          0.4203233199528064
        ],
        [
          0.6106921653120423,
          0.8575889169417289,
          1.0,
          0.12263286510193797,
          0.15904171027781916,
          0.0356260005878177
        ],
        [
          1.0,
          0.9745719266189001,
          0.6598822939204403,
          0.5807762432146684,
          0.3344865930970041,
          0.20148468100705313
        ]
      ],
      "damping_ratios": [
        0.02,
        0.02,
        0.02,
        0.02,
        0.02
      ]
    },
    "damaged_state": {
      "natural_frequencies_hz": [
        7.91015625,
        15.869140625,
        23.828125,
        31.884765625,
        45.703125
      ],
      "mode_shapes": [
        [
          0.5339215442850719,
          1.0,
          0.6759146560904444,
          0.0423032266681948,
          0.022533779326892142,
          0.16837142771955535
        ],
        [
          0.7229868091092061,
          1.0,
          0.9854668514046145,
          0.07331650495435395,
          0.12604843912278793,
          0.18569475122132395
        ],
        [
          0.7858978467775909,
          1.0,
          0.7656045455691852,
          0.07161748111419332,
          0.06418550891773282,
          0.168267114036451
        ],
        [
          0.6678357579448247,
          0.821226175007908,
          1.0,
          0.30388583223115156,
          0.43881918162026257,
          0.22964326928475257
        ],
        [
          1.0,
          0.23201822110734413,
          0.9767927988710224,
          0.7233959107890019,
          0.9399523175665269,
          0.7685328445004191
        ]
      ],
      "damping_ratios": [
        0.02,
        0.02,
        0.02,
        0.02,
        0.02
      ]
    },
    "repaired_state": {
      "natural_frequencies_hz": [
        8.056640625,
        16.162109375,
        24.31640625,
        32.2265625,
        40.234375
      ],
      "mode_shapes": [
        [
          0.5617914982009844,
          1.0,
          0.6671169590292225,
          0.07645851968508198,
          0.05288838756194727,
          0.10438910019223482
        ],
        [
          0.742338987929405,
          1.0,
          0.8152268995601245,
          0.03596800624978771,
          0.13990097266602466,
          0.14391566757022076
        ],
        [
          0.5390204147502162,
          0.7559229605811536,
          1.0,
          0.12156023255735623,
          0.2578726427555922,
          0.5341845278880959
        ],
        [
          1.0,
          0.8533666084113769,
          0.26786738970378,
          0.2088969367067547,
          0.4783108429281291,
          0.19495437128170767
        ],
        [
          0.518995555530769,
          0.6435234782313586,
          1.0,
          0.19665397613943186,
          0.12318529070100714,
          0.7416772238599743
        ]
      ],
      "damping_ratios": [
        0.02,
        0.02,
        0.02,
        0.02,
        0.02
      ]
    }
  },
  "quality_assessment": {
    "overall_score": 0.5383640317179689,
    "breakdown": {
      "frequency_recovery": 0.23916083916083916,
      "mode_shape_match": 0.7292787071251643,
      "damping_recovery": 1.0
    },
    "per_mode_analysis": [
      {
        "mode": 1,
        "frequency_recovery": 0.0,
        "mac_value": 0.3925740458359001,
        "damping_recovery": 1.0
      },
      {
        "mode": 2,
        "frequency_recovery": 0.0,
        "mac_value": 0.5691693856050725,
        "damping_recovery": 1.0
      },
      {
        "mode": 3,
        "frequency_recovery": 0.1958041958041958,
        "mac_value": 0.9115181819595103,
        "damping_recovery": 1.0
      },
      {
        "mode": 4,
        "frequency_recovery": 1.0,
        "mac_value": 0.8791295581112276,
        "damping_recovery": 1.0
      },
      {
        "mode": 5,
        "frequency_recovery": 0.0,
        "mac_value": 0.8940023641141114,
        "damping_recovery": 1.0
      }
    ],
    "interpretation": "Fair - Partial Improvement",
    "interpretation_code": "FAIR",
    "confidence_level": "high"
  },
  "statistics": {
    "frequency_changes": {
      "original_to_damaged_percent": [
        0.6,
        31.6,
        34.1,
        33.5,
        43.6
      ],
      "damaged_to_repaired_percent": [
        1.9,
        1.8,
        2.0,
        1.1,
        -12.0
      ],
      "recovery_percent": [
        -300.0,
        -7.7,
        -8.1,
        -4.3,
        39.4
      ]
    },
    "average_stiffness_loss_percent": 28.672422793240976,
    "average_stiffness_recovery_percent": -56.11769935719137
  },
  "mode_mapping": {
    "damaged_to_original": null,
    "repaired_to_original": null
  },
  "mac_matrices": {
    "original_vs_damaged": [
      [
        0.37178239921089795,
        0.4996104831868903,
        0.4995676460382388,
        0.6341265232243335,
        0.8286773685466335
      ],
      [
        0.5498279305373344,
        0.5686761418606971,
        0.6058391880813492,
        0.6524505510222801,
        0.7174664805926833
      ],
      [
        0.649080723679192,
        0.7618835240000214,
        0.68436898161614,
        0.834355212897583,
        0.7014090845306231
      ],
      [
        0.9218266417965459,
        0.9820889754784918,
        0.9398173287025731,
        0.9387421025781826,
        0.48897521468019334
      ],
      [
        0.8011110960471542,
        0.8323087427821563,
        0.8662587248964511,
        0.8827001793479994,
        0.6615340650126642
      ]
    ],
    "original_vs_repaired": [
      [
        0.39257404583473476,
        0.4825527200013729,
        0.5412425233212199,
        0.5933824127653453,
        0.5513802843084997
      ],
      [
        0.550547735850235,
        0.5691693856037,
        0.650099968515395,
        0.6911938696603381,
        0.6999352599461736
      ],
      [
        0.63958476060944,
        0.6873285108279232,
        0.8798460474127187,
        0.4335550254091949,
        0.9115181819569114
      ],
      [
        0.9325926957391262,
        0.9595402277688424,
        0.8791295581088509,
        0.6512691256919803,
        0.7644550406493278
      ],
      [
        0.8289054412711148,
        0.8520975810891878,
        0.7554573910885958,
        0.8940023641118257,
        0.6775589824047161
      ]
    ]
  },
  "recommendations": [
    "Further repair recommended",
    "Schedule follow-up inspection in 6 months",
    "Document repair in maintenance records",
    "Monitor vibration behavior periodically"
  ]
}