{
  "metadata": {
    "analysis_date": "2026-01-19T14:24:28",
    "program_version": "1.0",
    "structure_id": "4d1081ff-d26",
    "sampling_rate_hz": 100.0,
    "recording_duration_sec": null
  },
  "modal_parameters": {
    "original_state": {
      "natural_frequencies_hz": [
        2.44140625,
        7.2509765625,
        16.4306640625,
        23.5595703125,
        31.9091796875
      ],
      "mode_shapes": [
        [
          0.5227585225697282,
          0.10427300703958302,
          0.1522456297513572,
          1.0,
          0.09243524377816727,
          0.7617146478486998
        ],
        [
          0.10450160230579185,
          0.037863668686398066,
          0.05439420601649092,
          1.0,
          0.12451502951680514,
          0.42865712006036594
        ],
        [
          0.16038171290408987,
          0.0077895945270038775,
          0.14132692050101456,
          0.11941603664232384,
          0.09695887746988087,
          1.0
        ],
        [
          1.0,
          0.06022899113614736,
          0.39126023545552885,
          0.08985546547360135,
          0.04596776945615948,
          0.42117278215957643
        ],
        [
          1.0,
          0.0353546373346567,
          0.41942079457373505,
          0.01256874879389121,
          0.002783595587316954,
          0.007057268721943781
        ]
      ],
      "damping_ratios": [
        0.02,
        0.02,
        0.02,
        0.02,
        0.02
      ]
    },
    "damaged_state": {
      "natural_frequencies_hz": [
        2.8076171875,
        8.544921875,
        23.681640625,
        30.4443359375,
        35.0830078125
      ],
      "mode_shapes": [
        [
          0.015786353860836218,
          0.005271578885729507,
          0.03966932867809376,
          0.2124207759628267,
          0.006813102302639961,
          1.0
        ],
        [
          0.15847443183401638,
          0.024026065379057396,
          0.11431350441421628,
          0.08754723881805272,
          0.049006723653199635,
          1.0
        ],
        [
          0.8342633303991214,
          0.12819084740428127,
          0.41622667566032473,
          0.2573365086402343,
          0.01538454868830898,
          1.0
        ],
        [
          1.0,
          0.10416375630817337,
          0.6811838515345032,
          0.07398735648560081,
          0.00879218467432103,
          0.2944774346640893
        ],
        [
          0.12996867395467399,
          0.041517629204738615,
          0.1329201326621818,
          0.11632633251351869,
          0.01795492936339662,
          1.0
        ]
      ],
      "damping_ratios": [
        0.02,
        0.02,
        0.02,
        0.02,
        0.02
      ]
    },
    "repaired_state": {
      "natural_frequencies_hz": [
        2.44140625,
        7.2509765625,
        16.4306640625,
        23.5595703125,
        31.9091796875
      ],
      "mode_shapes": [
        [
          0.5227585225697282,
          0.10427300703958302,
          0.1522456297513572,
          1.0,
          0.09243524377816727,
          0.7617146478486998
        ],
        [
          0.10450160230579185,
          0.037863668686398066,
          0.05439420601649092,
          1.0,
          0.12451502951680514,
          0.42865712006036594
        ],
        [
          0.16038171290408987,
          0.0077895945270038775,
          0.14132692050101456,
          0.11941603664232384,
          0.09695887746988087,
          1.0
        ],
        [
          1.0,
          0.06022899113614736,
          0.39126023545552885,
          0.08985546547360135,
          0.04596776945615948,
          0.42117278215957643
        ],
        [
          1.0,
          0.0353546373346567,
          0.41942079457373505,
          0.01256874879389121,
          0.002783595587316954,
          0.007057268721943781
        ]
      ],
      "damping_ratios": [
        0.02,
        0.02,
        0.02,
        0.02,
        0.02
      ]
    }
  },
  "quality_assessment": {
    "overall_score": 1.0,
    "breakdown": {
      "frequency_recovery": 1.0,
      "mode_shape_match": 1.0,
      "damping_recovery": 1.0
    },
    "per_mode_analysis": [
      {
        "mode": 1,
        "frequency_recovery": 1.0,
        "mac_value": 1.0,
        "damping_recovery": 1.0
      },
      {
        "mode": 2,
        "frequency_recovery": 1.0,
        "mac_value": 1.0,
        "damping_recovery": 1.0
      },
      {
        "mode": 3,
        "frequency_recovery": 1.0,
        "mac_value": 1.0,
        "damping_recovery": 1.0
      },
      {
        "mode": 4,
        "frequency_recovery": 1.0,
        "mac_value": 1.0,
        "damping_recovery": 1.0
      },
      {
        "mode": 5,
        "frequency_recovery": 1.0,
        "mac_value": 1.0,
        "damping_recovery": 1.0
      }
    ],
    "interpretation": "Excellent - Nearly Perfect Repair",
    "interpretation_code": "EXCELLENT",
    "confidence_level": "high"
  },
  "statistics": {
    "frequency_changes": {
      "original_to_damaged_percent": [
        15.0,
        17.8,
        44.1,
        29.2,
        9.9
      ],
      "damaged_to_repaired_percent": [
        -13.0,
        -15.1,
        -30.6,
        -22.6,
        -9.0
      ],
      "recovery_percent": [
        100.0,
        100.0,
        100.0,
        100.0,
        100.0
      ]
    },
    "average_stiffness_loss_percent": 23.229023161518892,
    "average_stiffness_recovery_percent": 100.0
  },
  "mode_mapping": {
    "damaged_to_original": null,
    "repaired_to_original": null
  },
  "mac_matrices": {
    "original_vs_damaged": [
      [
        0.49330271357720445,
        0.4600980911493926,
        0.6351897508932011,
        0.29511640370540737,
        0.474696129072021
      ],
      [
        0.32809541660677083,
        0.234020459162474,
        0.271676967255792,
        0.06319139823816661,
        0.25437721416739506
      ],
      [
        0.9552394103008413,
        0.9960269611910029,
        0.7198047500069571,
        0.1882110372899038,
        0.9921862919708035
      ],
      [
        0.15841705011313428,
        0.28683856363914706,
        0.8010130419041613,
        0.9355316426200498,
        0.26960553898161416
      ],
      [
        0.001455386976389051,
        0.03762967261006479,
        0.45595647886864066,
        0.9052834348009925,
        0.030993064607616413
      ]
    ],
    "original_vs_repaired": [
      [
        0.999999999997095,
        0.8570430657285548,
        0.48948953951544144,
        0.39510026449248836,
        0.16586326684923197
      ],
      [
        0.8570430657285548,
        0.99999999999637,
        0.2633773615714783,
        0.10005585765830416,
        0.01462071779216032
      ],
      [
        0.48948953951544144,
        0.2633773615714783,
        0.9999999999961313,
        0.29616295919031393,
        0.0415622368558105
      ],
      [
        0.39510026449248836,
        0.10005585765830416,
        0.29616295919031393,
        0.9999999999965501,
        0.8655785143730128
      ],
      [
        0.16586326684923197,
        0.01462071779216032,
        0.0415622368558105,
        0.8655785143730128,
        0.9999999999963138
      ]
    ]
  },
  "recommendations": [
    "Structure suitable for normal operating loads",
    "Schedule follow-up inspection in 6 months",
    "Document repair in maintenance records",
    "Monitor vibration behavior periodically"
  ]
}