{
  "metadata": {
    "analysis_date": "2026-01-17T16:02:13",
    "program_version": "1.0",
    "structure_id": "4faf4007-b63",
    "sampling_rate_hz": 100.0,
    "recording_duration_sec": null
  },
  "modal_parameters": {
    "original_state": {
      "natural_frequencies_hz": [
        13.76953125,
        18.06640625,
        23.388671875,
        34.228515625,
        40.283203125
      ],
      "mode_shapes": [
        [
          0.529986915778419,
          1.0,
          0.24406961660619175,
          0.38999399043322175,
          0.6136205287062375,
          0.8287661261593978
        ],
        [
          1.0,
          0.8777273014778932,
          0.2275511153191496,
          0.9909146377700441,
          0.33268573014196506,
          0.6502966135501738
        ],
        [
          0.4906651955728121,
          0.8813558631249575,
          0.3717876839432397,
          0.2966640659265187,
          0.3561049549894528,
          1.0
        ],
        [
          0.4167848177039724,
          0.7055500899489466,
          0.4591861744210469,
          0.718781818255777,
          0.6777113280801906,
          1.0
        ],
        [
          1.0,
          0.7769902310641045,
          0.4486255411744702,
          0.24682125189547996,
          0.27299794547224554,
          0.5834226315243655
        ]
      ],
      "damping_ratios": [
        0.02,
        0.02,
        0.02,
        0.02,
        0.02
      ]
    },
    "damaged_state": {
      "natural_frequencies_hz": [
        12.59765625,
        20.703125,
        32.51953125,
        37.20703125,
        46.728515625
      ],
      "mode_shapes": [
        [
          0.5404993620498247,
          0.698936667064629,
          0.13579464825986234,
          0.21714979297203535,
          1.0,
          0.06054205044895514
        ],
        [
          0.6627193952570488,
          1.0,
          0.06739238783585622,
          0.07217321927706619,
          0.8835951991681361,
          0.15291812850731198
        ],
        [
          0.07595914446328045,
          0.3010873293958926,
          0.014944097134578074,
          0.08180919888916433,
          1.0,
          0.09589404700123288
        ],
        [
          0.351201879438764,
          0.6700838034619044,
          0.31452573679575985,
          0.4645694501015617,
          1.0,
          0.31149985960774046
        ],
        [
          0.3716127850188267,
          0.3037132729774317,
          0.09978307524700954,
          0.26039128928103084,
          1.0,
          0.08008214255090038
        ]
      ],
      "damping_ratios": [
        0.02,
        0.02,
        0.02,
        0.02,
        0.02
      ]
    },
    "repaired_state": {
      "natural_frequencies_hz": [
        2.24609375,
        14.16015625,
        28.564453125,
        33.740234375,
        48.291015625
      ],
      "mode_shapes": [
        [
          0.13802071490829085,
          0.24170689544815505,
          0.0625886344643192,
          0.20808773985410225,
          1.0,
          0.08549867156755954
        ],
        [
          0.32346654938948566,
          1.0,
          0.09246942723663387,
          0.09257863212599184,
          0.1787991359231752,
          0.026398043285590315
        ],
        [
          0.11723136897758943,
          0.24556150753402403,
          0.022285190017863433,
          0.058458584332004335,
          1.0,
          0.06472098486887487
        ],
        [
          0.0136758852687508,
          0.046547344525982484,
          0.008236518441926492,
          0.16669340252866527,
          1.0,
          0.06197384102552256
        ],
        [
          1.0,
          0.7694325633105454,
          0.06591972735525593,
          0.13253166436080321,
          0.20375428209474505,
          0.039986277279517174
        ]
      ],
      "damping_ratios": [
        0.02,
        0.02,
        0.02,
        0.02,
        0.02
      ]
    }
  },
  "quality_assessment": {
    "overall_score": 0.5749907172413602,
    "breakdown": {
      "frequency_recovery": 0.48663101604278075,
      "mode_shape_match": 0.43891736406656606,
      "damping_recovery": 1.0
    },
    "per_mode_analysis": [
      {
        "mode": 1,
        "frequency_recovery": 0.0,
        "mac_value": 0.4149902396331279,
        "damping_recovery": 1.0
      },
      {
        "mode": 2,
        "frequency_recovery": 1.0,
        "mac_value": 0.5018958491436256,
        "damping_recovery": 1.0
      },
      {
        "mode": 3,
        "frequency_recovery": 0.43315508021390375,
        "mac_value": 0.20230575376125978,
        "damping_recovery": 1.0
      },
      {
        "mode": 4,
        "frequency_recovery": 1.0,
        "mac_value": 0.2751662092617383,
        "damping_recovery": 1.0
      },
      {
        "mode": 5,
        "frequency_recovery": 0.0,
        "mac_value": 0.8002287685330784,
        "damping_recovery": 1.0
      }
    ],
    "interpretation": "Fair - Partial Improvement",
    "interpretation_code": "FAIR",
    "confidence_level": "high"
  },
  "statistics": {
    "frequency_changes": {
      "original_to_damaged_percent": [
        -8.5,
        14.6,
        39.0,
        8.7,
        16.0
      ],
      "damaged_to_repaired_percent": [
        -82.2,
        -31.6,
        -12.2,
        -9.3,
        3.3
      ],
      "recovery_percent": [
        -883.3,
        248.1,
        43.3,
        116.4,
        -24.2
      ]
    },
    "average_stiffness_loss_percent": 13.965095352215059,
    "average_stiffness_recovery_percent": -99.94373175665365
  },
  "mode_mapping": {
    "damaged_to_original": null,
    "repaired_to_original": null
  },
  "mac_matrices": {
    "original_vs_damaged": [
      [
        0.6603624897576449,
        0.7403065980058646,
        0.40262162942545243,
        0.7776992664803716,
        0.5080932072489958
      ],
      [
        0.5086126932329893,
        0.5429835673969605,
        0.1809672038563733,
        0.6079598098213632,
        0.38738095143298895
      ],
      [
        0.45513095455007135,
        0.5542581852280508,
        0.23333104708482022,
        0.6038232668725799,
        0.32126112813217494
      ],
      [
        0.5306663436592143,
        0.512275545508846,
        0.36908357050086116,
        0.7677960853326692,
        0.49223204882926597
      ],
      [
        0.5378274707468079,
        0.6433034941183224,
        0.17466650330227518,
        0.5532820138157685,
        0.35822811650798286
      ]
    ],
    "original_vs_repaired": [
      [
        0.4149902396318287,
        0.6284197796815931,
        0.3638563550044113,
        0.23363092712031777,
        0.5493639969799193
      ],
      [
        0.2433638682499912,
        0.5018958491421419,
        0.16438468689250604,
        0.10242960234446975,
        0.663394454492052
      ],
      [
        0.2429009604531457,
        0.5191835611550493,
        0.2023057537606079,
        0.10960046764552744,
        0.4606469727119196
      ],
      [
        0.4227717089855347,
        0.3646671994169723,
        0.33425452755390905,
        0.27516620926087143,
        0.33693220895266135
      ],
      [
        0.20535199822130223,
        0.5736602492298453,
        0.16762412375218036,
        0.0691481231424584,
        0.8002287685307747
      ]
    ]
  },
  "recommendations": [
    "Further repair recommended",
    "Schedule follow-up inspection in 6 months",
    "Document repair in maintenance records",
    "Monitor vibration behavior periodically"
  ]
}