{
  "metadata": {
    "analysis_date": "2026-01-22T08:01:51",
    "program_version": "1.0",
    "structure_id": "4fbcd877-789",
    "sampling_rate_hz": 100.0,
    "recording_duration_sec": null
  },
  "modal_parameters": {
    "original_state": {
      "natural_frequencies_hz": [
        13.18359375,
        18.26171875,
        23.291015625,
        33.88671875,
        41.357421875
      ],
      "mode_shapes": [
        [
          0.9200835172041795,
          1.0,
          0.15691707829063897,
          0.14189188631319807,
          0.3699912012894707,
          0.06788694136541541
        ],
        [
          0.8050778253350627,
          1.0,
          0.06069790682524782,
          0.045231347951244026,
          0.26590061760353256,
          0.042250928524481264
        ],
        [
          0.3101483173789556,
          1.0,
          0.12651787881199952,
          0.25702161442539245,
          0.23963694182024958,
          0.04544524374598442
        ],
        [
          0.3074794981844683,
          0.06584539274244772,
          0.037196636109548015,
          0.5654882539039587,
          1.0,
          0.026892801182987387
        ],
        [
          0.4788731289158201,
          1.0,
          0.09165623937027792,
          0.07933674143297044,
          0.14068706096722977,
          0.02978425657328762
        ]
      ],
      "damping_ratios": [
        0.02,
        0.02,
        0.02,
        0.02,
        0.02
      ]
    },
    "damaged_state": {
      "natural_frequencies_hz": [
        4.833984375,
        14.306640625,
        18.408203125,
        22.607421875,
        30.95703125
      ],
      "mode_shapes": [
        [
          0.6237856057976844,
          1.0,
          0.07491342142401143,
          0.07339131534952256,
          0.3539440873138154,
          0.03602234043300806
        ],
        [
          0.21605244451625594,
          1.0,
          0.048831420707423974,
          0.14624708197376193,
          0.31433830238568816,
          0.02670285349618832
        ],
        [
          1.0,
          0.943599590616809,
          0.1795831913422795,
          0.17034356435592712,
          0.17903804332462753,
          0.061435325627578405
        ],
        [
          0.3217248592182644,
          0.4966067912165912,
          0.05598874328586358,
          0.2573448656567113,
          1.0,
          0.06494720419715799
        ],
        [
          1.0,
          0.17785904045109324,
          0.044698159610046743,
          0.4429972146544116,
          0.17867050797188602,
          0.1032553200262168
        ]
      ],
      "damping_ratios": [
        0.02,
        0.02,
        0.02,
        0.02,
        0.02
      ]
    },
    "repaired_state": {
      "natural_frequencies_hz": [
        4.833984375,
        18.408203125,
        22.607421875,
        31.005859375,
        38.916015625
      ],
      "mode_shapes": [
        [
          0.6378192689346919,
          1.0,
          0.08192596335215435,
          0.059790288878012535,
          0.3752208119259074,
          0.03189997226460402
        ],
        [
          0.9321663262121348,
          1.0,
          0.1529517927500997,
          0.12253734243931148,
          0.1039896470612373,
          0.04243398153355325
        ],
        [
          0.24442171555131806,
          0.6631625050212884,
          0.0827689131191119,
          0.29823680968784355,
          1.0,
          0.06078694383841848
        ],
        [
          0.8664695788774691,
          0.5107774781661025,
          0.2409834683626667,
          0.8579228850263095,
          1.0,
          0.1626664357881849
        ],
        [
          0.07172732096079566,
          1.0,
          0.09802984037205927,
          0.48220008172255224,
          0.4025017437760885,
          0.04908583435813931
        ]
      ],
      "damping_ratios": [
        0.02,
        0.02,
        0.02,
        0.02,
        0.02
      ]
    }
  },
  "quality_assessment": {
    "overall_score": 0.6861076502948897,
    "breakdown": {
      "frequency_recovery": 0.4867520008058894,
      "mode_shape_match": 0.809105499639817,
      "damping_recovery": 1.0
    },
    "per_mode_analysis": [
      {
        "mode": 1,
        "frequency_recovery": 0.0,
        "mac_value": 0.9654978922907489,
        "damping_recovery": 1.0
      },
      {
        "mode": 2,
        "frequency_recovery": -0.0,
        "mac_value": 0.9717982595703475,
        "damping_recovery": 1.0
      },
      {
        "mode": 3,
        "frequency_recovery": 0.9239130434782609,
        "mac_value": 0.5768435151153432,
        "damping_recovery": 1.0
      },
      {
        "mode": 4,
        "frequency_recovery": 0.7445887445887446,
        "mac_value": 0.8038761692513116,
        "damping_recovery": 1.0
      },
      {
        "mode": 5,
        "frequency_recovery": 0.7652582159624414,
        "mac_value": 0.7275116619713343,
        "damping_recovery": 1.0
      }
    ],
    "interpretation": "Fair - Partial Improvement",
    "interpretation_code": "FAIR",
    "confidence_level": "high"
  },
  "statistics": {
    "frequency_changes": {
      "original_to_damaged_percent": [
        -63.3,
        -21.7,
        -21.0,
        -33.3,
        -25.1
      ],
      "damaged_to_repaired_percent": [
        0.0,
        28.7,
        22.8,
        37.1,
        25.7
      ],
      "recovery_percent": [
        0.0,
        103.7,
        86.0,
        74.5,
        76.5
      ]
    },
    "average_stiffness_loss_percent": -32.877666043544956,
    "average_stiffness_recovery_percent": 68.13767995176445
  },
  "mode_mapping": {
    "damaged_to_original": null,
    "repaired_to_original": null
  },
  "mac_matrices": {
    "original_vs_damaged": [
      [
        0.9638253100827203,
        0.7609831694478527,
        0.9766849578741631,
        0.5078302494535493,
        0.5953226393631336
      ],
      [
        0.978241848977696,
        0.7963168722275781,
        0.962733348441346,
        0.4394721715958537,
        0.5091316363838293
      ],
      [
        0.9057501582745999,
        0.9734722556267021,
        0.7584596497716417,
        0.4722061232210249,
        0.27242400688741303
      ],
      [
        0.1989114644609423,
        0.17016971762727814,
        0.15115173404435217,
        0.8112256903210034,
        0.3134760306529739
      ],
      [
        0.9611547494956145,
        0.9165609907738932,
        0.8708071021758428,
        0.3723874142529698,
        0.32588966195644803
      ]
    ],
    "original_vs_repaired": [
      [
        0.9654978922878473,
        0.9647173287650258,
        0.533990661974598,
        0.593543136874768,
        0.5907731333567586
      ],
      [
        0.9779195049243545,
        0.9717982595674654,
        0.47652110696850253,
        0.4816206778936627,
        0.5855676452958014
      ],
      [
        0.8960732182990531,
        0.786117927225312,
        0.5768435151133936,
        0.4655689369545914,
        0.9046589666501048
      ],
      [
        0.20565282680850902,
        0.10398192508328748,
        0.7349769048354519,
        0.8038761692490072,
        0.2941133396815288
      ],
      [
        0.9539781807794603,
        0.9094402824431892,
        0.4500040644876784,
        0.3765675622570146,
        0.7275116619688158
      ]
    ]
  },
  "recommendations": [
    "Further repair recommended",
    "Schedule follow-up inspection in 6 months",
    "Document repair in maintenance records",
    "Monitor vibration behavior periodically"
  ]
}