{
  "metadata": {
    "analysis_date": "2026-01-19T13:04:14",
    "program_version": "1.0",
    "structure_id": "521e9b71-0ff",
    "sampling_rate_hz": 100.0,
    "recording_duration_sec": null
  },
  "modal_parameters": {
    "original_state": {
      "natural_frequencies_hz": [
        3.125,
        10.0341796875,
        16.30859375,
        23.6572265625,
        29.7607421875
      ],
      "mode_shapes": [
        [
          0.033543122099261885,
          0.004585633989609944,
          0.007713515407957455,
          0.1166698708313896,
          0.025071356309149206,
          1.0
        ],
        [
          0.03469572918395814,
          0.00297720907203317,
          0.012610938678958118,
          0.16199654257054313,
          0.02107011073860872,
          1.0
        ],
        [
          0.1537260409414228,
          0.027967829200128122,
          0.03302712829122266,
          0.1037602144301091,
          0.02323424449042188,
          1.0
        ],
        [
          0.059671962738203,
          0.011522239469959427,
          0.0212840355547941,
          0.14607848490647177,
          0.030311991565600004,
          1.0
        ],
        [
          1.0,
          0.11001858208476079,
          0.21041461538699846,
          0.0038338836691995714,
          0.0021186367504216234,
          0.04273867485450739
        ]
      ],
      "damping_ratios": [
        0.02,
        0.02,
        0.02,
        0.02,
        0.02
      ]
    },
    "damaged_state": {
      "natural_frequencies_hz": [
        3.125,
        10.0341796875,
        16.30859375,
        23.6572265625,
        29.7607421875
      ],
      "mode_shapes": [
        [
          0.033543122099261885,
          0.004585633989609944,
          0.007713515407957455,
          0.1166698708313896,
          0.025071356309149206,
          1.0
        ],
        [
          0.03469572918395814,
          0.00297720907203317,
          0.012610938678958118,
          0.16199654257054313,
          0.02107011073860872,
          1.0
        ],
        [
          0.1537260409414228,
          0.027967829200128122,
          0.03302712829122266,
          0.1037602144301091,
          0.02323424449042188,
          1.0
        ],
        [
          0.059671962738203,
          0.011522239469959427,
          0.0212840355547941,
          0.14607848490647177,
          0.030311991565600004,
          1.0
        ],
        [
          1.0,
          0.11001858208476079,
          0.21041461538699846,
          0.0038338836691995714,
          0.0021186367504216234,
          0.04273867485450739
        ]
      ],
      "damping_ratios": [
        0.02,
        0.02,
        0.02,
        0.02,
        0.02
      ]
    },
    "repaired_state": {
      "natural_frequencies_hz": [
        3.125,
        10.0341796875,
        16.30859375,
        23.6572265625,
        29.7607421875
      ],
      "mode_shapes": [
        [
          0.033543122099261885,
          0.004585633989609944,
          0.007713515407957455,
          0.1166698708313896,
          0.025071356309149206,
          1.0
        ],
        [
          0.03469572918395814,
          0.00297720907203317,
          0.012610938678958118,
          0.16199654257054313,
          0.02107011073860872,
          1.0
        ],
        [
          0.1537260409414228,
          0.027967829200128122,
          0.03302712829122266,
          0.1037602144301091,
          0.02323424449042188,
          1.0
        ],
        [
          0.059671962738203,
          0.011522239469959427,
          0.0212840355547941,
          0.14607848490647177,
          0.030311991565600004,
          1.0
        ],
        [
          1.0,
          0.11001858208476079,
          0.21041461538699846,
          0.0038338836691995714,
          0.0021186367504216234,
          0.04273867485450739
        ]
      ],
      "damping_ratios": [
        0.02,
        0.02,
        0.02,
        0.02,
        0.02
      ]
    }
  },
  "quality_assessment": {
    "overall_score": 0.5,
    "breakdown": {
      "frequency_recovery": 0.0,
      "mode_shape_match": 1.0,
      "damping_recovery": 1.0
    },
    "per_mode_analysis": [
      {
        "mode": 1,
        "frequency_recovery": 0.0,
        "mac_value": 1.0,
        "damping_recovery": 1.0
      },
      {
        "mode": 2,
        "frequency_recovery": 0.0,
        "mac_value": 1.0,
        "damping_recovery": 1.0
      },
      {
        "mode": 3,
        "frequency_recovery": 0.0,
        "mac_value": 1.0,
        "damping_recovery": 1.0
      },
      {
        "mode": 4,
        "frequency_recovery": 0.0,
        "mac_value": 1.0,
        "damping_recovery": 1.0
      },
      {
        "mode": 5,
        "frequency_recovery": 0.0,
        "mac_value": 1.0,
        "damping_recovery": 1.0
      }
    ],
    "interpretation": "Fair - Partial Improvement",
    "interpretation_code": "FAIR",
    "confidence_level": "high"
  },
  "statistics": {
    "frequency_changes": {
      "original_to_damaged_percent": [
        0.0,
        0.0,
        0.0,
        0.0,
        0.0
      ],
      "damaged_to_repaired_percent": [
        0.0,
        0.0,
        0.0,
        0.0,
        0.0
      ],
      "recovery_percent": [
        0.0,
        0.0,
        0.0,
        0.0,
        0.0
      ]
    },
    "average_stiffness_loss_percent": 0.0,
    "average_stiffness_recovery_percent": 0.0
  },
  "mode_mapping": {
    "damaged_to_original": null,
    "repaired_to_original": null
  },
  "mac_matrices": {
    "original_vs_damaged": [
      [
        0.9999999999960307,
        0.9979853270218927,
        0.9847668866986101,
        0.9982592563751878,
        0.005794644849799796
      ],
      [
        0.9979853270218927,
        0.9999999999960545,
        0.9820776253328387,
        0.9989195387511957,
        0.006042890881542405
      ],
      [
        0.9847668866986101,
        0.9820776253328387,
        0.9999999999960711,
        0.9892985844163569,
        0.039030474755528455
      ],
      [
        0.9982592563751878,
        0.9989195387511957,
        0.9892985844163569,
        0.9999999999960514,
        0.010894574519153594
      ],
      [
        0.005794644849799796,
        0.006042890881542405,
        0.039030474755528455,
        0.010894574519153594,
        0.9999999999961109
      ]
    ],
    "original_vs_repaired": [
      [
        0.9999999999960307,
        0.9979853270218927,
        0.9847668866986101,
        0.9982592563751878,
        0.005794644849799796
      ],
      [
        0.9979853270218927,
        0.9999999999960545,
        0.9820776253328387,
        0.9989195387511957,
        0.006042890881542405
      ],
      [
        0.9847668866986101,
        0.9820776253328387,
        0.9999999999960711,
        0.9892985844163569,
        0.039030474755528455
      ],
      [
        0.9982592563751878,
        0.9989195387511957,
        0.9892985844163569,
        0.9999999999960514,
        0.010894574519153594
      ],
      [
        0.005794644849799796,
        0.006042890881542405,
        0.039030474755528455,
        0.010894574519153594,
        0.9999999999961109
      ]
    ]
  },
  "recommendations": [
    "Further repair recommended",
    "Schedule follow-up inspection in 6 months",
    "Document repair in maintenance records",
    "Monitor vibration behavior periodically"
  ]
}