{
  "metadata": {
    "analysis_date": "2026-01-17T16:30:12",
    "program_version": "1.0",
    "structure_id": "592e9475-579",
    "sampling_rate_hz": 100.0,
    "recording_duration_sec": null
  },
  "modal_parameters": {
    "original_state": {
      "natural_frequencies_hz": [
        14.94140625,
        20.068359375,
        29.00390625,
        33.88671875,
        47.4609375
      ],
      "mode_shapes": [
        [
          0.20027943012604077,
          1.0,
          0.12497897395202899,
          0.10819810387593863,
          0.09351322925382913,
          0.02213742874291096
        ],
        [
          1.0,
          0.958297039505617,
          0.04358796648619183,
          0.2825677396756128,
          0.28906781702026857,
          0.04797348882934218
        ],
        [
          0.12933735761925572,
          0.3825916103116626,
          0.0514096358100652,
          0.10142113249370356,
          1.0,
          0.03345405929299538
        ],
        [
          0.3153596935535829,
          0.6170219155782947,
          0.07571592045863183,
          0.21016323760132097,
          1.0,
          0.09859274409332736
        ],
        [
          0.2896493508056191,
          1.0,
          0.1612783914787476,
          0.19038356089173117,
          0.6076521664362105,
          0.08493695757173253
        ]
      ],
      "damping_ratios": [
        0.02,
        0.02,
        0.02,
        0.02,
        0.02
      ]
    },
    "damaged_state": {
      "natural_frequencies_hz": [
        18.115234375,
        24.0234375,
        29.443359375,
        34.033203125,
        40.625
      ],
      "mode_shapes": [
        [
          0.08379421233517304,
          0.09027205259865556,
          0.01913759784626269,
          0.22360130057779853,
          1.0,
          0.054199260445117955
        ],
        [
          0.5656064780315623,
          0.7921673474240145,
          0.10201540580304258,
          0.0666219840034774,
          1.0,
          0.07231055946504937
        ],
        [
          0.12826815685425658,
          0.2852014693368968,
          0.020280524022166083,
          0.11946916103048937,
          1.0,
          0.10080491483233123
        ],
        [
          0.1994996877644639,
          0.05374216479212008,
          0.04191583332520873,
          0.1184080387256467,
          1.0,
          0.09545878002652611
        ],
        [
          0.026539574576864983,
          0.291590780712696,
          0.07088942955571242,
          0.130791025870817,
          1.0,
          0.06771326921343578
        ]
      ],
      "damping_ratios": [
        0.02,
        0.02,
        0.02,
        0.02,
        0.02
      ]
    },
    "repaired_state": {
      "natural_frequencies_hz": [
        13.18359375,
        18.212890625,
        23.291015625,
        33.88671875,
        41.357421875
      ],
      "mode_shapes": [
        [
          0.7980773549855884,
          1.0,
          0.12616057099490596,
          0.12698370058823624,
          0.20692829313773908,
          0.05158436514782366
        ],
        [
          0.4661667997278246,
          1.0,
          0.12496904283435768,
          0.06526871381678989,
          0.022204479900325667,
          0.047503131127116155
        ],
        [
          0.23195417742320187,
          1.0,
          0.11660046074634844,
          0.2729225650788159,
          0.19021645779182725,
          0.04745224499461143
        ],
        [
          0.2503654761977683,
          0.10047669294156211,
          0.012219021711147842,
          0.5262755345226909,
          1.0,
          0.02032599421486494
        ],
        [
          0.4930914838430129,
          1.0,
          0.09254873562230576,
          0.06760119511014892,
          0.1329147667102057,
          0.022208469324526147
        ]
      ],
      "damping_ratios": [
        0.02,
        0.02,
        0.02,
        0.02,
        0.02
      ]
    }
  },
  "quality_assessment": {
    "overall_score": 0.8191022481900225,
    "breakdown": {
      "frequency_recovery": 0.8214285714285714,
      "mode_shape_match": 0.6946265415857893,
      "damping_recovery": 1.0
    },
    "per_mode_analysis": [
      {
        "mode": 1,
        "frequency_recovery": 1.0,
        "mac_value": 0.7929499541266911,
        "damping_recovery": 1.0
      },
      {
        "mode": 2,
        "frequency_recovery": 1.0,
        "mac_value": 0.8208200077454162,
        "damping_recovery": 1.0
      },
      {
        "mode": 3,
        "frequency_recovery": 1.0,
        "mac_value": 0.2930251213209505,
        "damping_recovery": 1.0
      },
      {
        "mode": 4,
        "frequency_recovery": 1.0,
        "mac_value": 0.7568967810286851,
        "damping_recovery": 1.0
      },
      {
        "mode": 5,
        "frequency_recovery": 0.10714285714285714,
        "mac_value": 0.809440843707203,
        "damping_recovery": 1.0
      }
    ],
    "interpretation": "Good - Acceptable Repair",
    "interpretation_code": "GOOD",
    "confidence_level": "high"
  },
  "statistics": {
    "frequency_changes": {
      "original_to_damaged_percent": [
        21.2,
        19.7,
        1.5,
        0.4,
        -14.4
      ],
      "damaged_to_repaired_percent": [
        -27.2,
        -24.2,
        -20.9,
        -0.4,
        1.8
      ],
      "recovery_percent": [
        155.4,
        146.9,
        1400.0,
        100.0,
        10.7
      ]
    },
    "average_stiffness_loss_percent": 5.69879905071637,
    "average_stiffness_recovery_percent": 362.60249626916294
  },
  "mode_mapping": {
    "damaged_to_original": null,
    "repaired_to_original": null
  },
  "mac_matrices": {
    "original_vs_damaged": [
      [
        0.04532775218165302,
        0.4916321350671284,
        0.14740089742508128,
        0.03741336441249894,
        0.14374257290977474
      ],
      [
        0.12413209193235725,
        0.6557792661669885,
        0.2276402428947645,
        0.15102704124049246,
        0.17559607525045892
      ],
      [
        0.9117196641454427,
        0.8349984279289461,
        0.9872788639014117,
        0.9003748326277,
        0.9822961288536287
      ],
      [
        0.7842667033236193,
        0.9494607647275286,
        0.9082525323522672,
        0.7816566941290551,
        0.8800914336661262
      ],
      [
        0.36677112910583604,
        0.8533952904568904,
        0.5443172633231725,
        0.3521547612777352,
        0.5317147061311419
      ]
    ],
    "original_vs_repaired": [
      [
        0.7929499541239514,
        0.9382309201001962,
        0.9684784805528441,
        0.06317105954425148,
        0.9315033795687357
      ],
      [
        0.9674334373403091,
        0.8208200077428052,
        0.7181509836853913,
        0.2193008137284351,
        0.8622619115063138
      ],
      [
        0.2524840771309124,
        0.15766918948262784,
        0.29302512131987096,
        0.7969496760553775,
        0.23332580378938017
      ],
      [
        0.47259268869958865,
        0.34713087761848427,
        0.4978870615748541,
        0.7568967810261623,
        0.43964796099339387
      ],
      [
        0.7570742654707169,
        0.7439536646021064,
        0.8799825103483401,
        0.3805507149081971,
        0.8094408437044566
      ]
    ]
  },
  "recommendations": [
    "Structure suitable for normal operating loads",
    "Schedule follow-up inspection in 6 months",
    "Document repair in maintenance records",
    "Monitor vibration behavior periodically"
  ]
}