{
  "metadata": {
    "analysis_date": "2026-01-15T20:21:05",
    "program_version": "1.0",
    "structure_id": "5c1d7bfa-cb7",
    "sampling_rate_hz": 100.0,
    "recording_duration_sec": null
  },
  "modal_parameters": {
    "original_state": {
      "natural_frequencies_hz": [
        7.8125,
        12.6953125,
        24.072265625,
        29.1015625,
        43.1640625
      ],
      "mode_shapes": [
        [
          0.918603911800983,
          0.5875013166853049,
          1.0,
          0.5088040029520643,
          0.3572351350843927,
          0.5282806378197458
        ],
        [
          1.0,
          0.19966335519416267,
          0.3204688725380869,
          0.31755100430621647,
          0.15371742595466412,
          0.014889767659731525
        ],
        [
          0.7122012911188362,
          0.6237007740028078,
          1.0,
          0.34597749049590903,
          0.32809353679678904,
          0.21830513841364393
        ],
        [
          1.0,
          0.6372326018275623,
          0.6798088523430695,
          0.2570947460326146,
          0.45002504057305237,
          0.19605418379176925
        ],
        [
          0.4745173478103937,
          0.6491497985469024,
          0.6098404776569113,
          0.48190879510115603,
          0.8592471181234638,
          1.0
        ]
      ],
      "damping_ratios": [
        0.02,
        0.02,
        0.02,
        0.02,
        0.02
      ]
    },
    "damaged_state": {
      "natural_frequencies_hz": [
        8.0078125,
        15.869140625,
        23.876953125,
        31.884765625,
        39.94140625
      ],
      "mode_shapes": [
        [
          0.7307145268314474,
          0.891496138118162,
          1.0,
          0.19343136482643516,
          0.15299648383617254,
          0.26744742600433496
        ],
        [
          0.7132475931008849,
          0.37134056144326555,
          1.0,
          0.3292944040778272,
          0.1564156928921301,
          0.23360501106190215
        ],
        [
          0.6261280115418827,
          0.8868230992230064,
          1.0,
          0.11717836229464712,
          0.12296579242525577,
          0.10024479622445866
        ],
        [
          0.7121700519060883,
          1.0,
          0.9528748288923349,
          0.2786895795172511,
          0.011181809355772102,
          0.09182186582073498
        ],
        [
          0.6334038351840432,
          0.25856944228024786,
          1.0,
          0.9386249916827315,
          0.06225300635181436,
          0.6724201110510638
        ]
      ],
      "damping_ratios": [
        0.02,
        0.02,
        0.02,
        0.02,
        0.02
      ]
    },
    "repaired_state": {
      "natural_frequencies_hz": [
        7.8125,
        16.064453125,
        24.072265625,
        32.2265625,
        40.380859375
      ],
      "mode_shapes": [
        [
          1.0,
          0.4473067857405992,
          0.7238196073399552,
          0.9592510522010324,
          0.26137053008672584,
          0.6202060520937289
        ],
        [
          0.731860075896732,
          1.0,
          0.8148192655778767,
          0.058652739982767196,
          0.09227181934651915,
          0.04043649706946181
        ],
        [
          0.9461330406320456,
          0.4658079346868753,
          1.0,
          0.062346378547482637,
          0.06722590030771493,
          0.3901911106309579
        ],
        [
          0.9955359595772895,
          0.8130651492353081,
          1.0,
          0.12752390197661673,
          0.5768947810988004,
          0.4677254266719277
        ],
        [
          0.08972976189539827,
          0.42518605266810033,
          0.6354776929959525,
          0.38896742299406173,
          1.0,
          0.7136106297619698
        ]
      ],
      "damping_ratios": [
        0.02,
        0.02,
        0.02,
        0.02,
        0.02
      ]
    }
  },
  "quality_assessment": {
    "overall_score": 0.6639249591527916,
    "breakdown": {
      "frequency_recovery": 0.42727272727272725,
      "mode_shape_match": 0.834295318388093,
      "damping_recovery": 1.0
    },
    "per_mode_analysis": [
      {
        "mode": 1,
        "frequency_recovery": 1.0,
        "mac_value": 0.8958616077422089,
        "damping_recovery": 1.0
      },
      {
        "mode": 2,
        "frequency_recovery": 0.0,
        "mac_value": 0.5359815264087053,
        "damping_recovery": 1.0
      },
      {
        "mode": 3,
        "frequency_recovery": 1.0,
        "mac_value": 0.8878517191760772,
        "damping_recovery": 1.0
      },
      {
        "mode": 4,
        "frequency_recovery": 0.0,
        "mac_value": 0.9485254976374685,
        "damping_recovery": 1.0
      },
      {
        "mode": 5,
        "frequency_recovery": 0.13636363636363635,
        "mac_value": 0.9032562409760052,
        "damping_recovery": 1.0
      }
    ],
    "interpretation": "Fair - Partial Improvement",
    "interpretation_code": "FAIR",
    "confidence_level": "high"
  },
  "statistics": {
    "frequency_changes": {
      "original_to_damaged_percent": [
        2.5,
        25.0,
        -0.8,
        9.6,
        -7.5
      ],
      "damaged_to_repaired_percent": [
        -2.4,
        1.2,
        0.8,
        1.1,
        1.1
      ],
      "recovery_percent": [
        100.0,
        -6.2,
        100.0,
        -12.3,
        13.6
      ]
    },
    "average_stiffness_loss_percent": 5.757267202895257,
    "average_stiffness_recovery_percent": 39.0403631456263
  },
  "mode_mapping": {
    "damaged_to_original": null,
    "repaired_to_original": null
  },
  "mac_matrices": {
    "original_vs_damaged": [
      [
        0.8820847569118498,
        0.9414960927725453,
        0.8017068760593012,
        0.7992226991266324,
        0.836965611146564
      ],
      [
        0.5570768513622663,
        0.6614907379189701,
        0.49658102856960784,
        0.5403713302463815,
        0.49249385456231404
      ],
      [
        0.9490459328831918,
        0.9605791007219394,
        0.9175667781618898,
        0.8943428850388452,
        0.7270715181218196
      ],
      [
        0.8631643237243216,
        0.839895071351925,
        0.8096416635354582,
        0.804217124226445,
        0.5787083373419717
      ],
      [
        0.5587745956991261,
        0.5371640559624343,
        0.45943306028256675,
        0.4352392701988817,
        0.6072855370491983
      ]
    ],
    "original_vs_repaired": [
      [
        0.8958616077401306,
        0.7376772301370647,
        0.8912562996023602,
        0.9214275389182689,
        0.5611631682399156
      ],
      [
        0.7150875540560959,
        0.5359815264070322,
        0.6761834380181296,
        0.6387726133417773,
        0.15540310849662978
      ],
      [
        0.7649489390297809,
        0.8484367734793262,
        0.8878517191736942,
        0.931265080416938,
        0.5122335912122343
      ],
      [
        0.760102426673076,
        0.8205665460865569,
        0.8463451079853294,
        0.948525497635125,
        0.44847782009172193
      ],
      [
        0.6823743850110671,
        0.4072430849684522,
        0.4979183553225852,
        0.7213564954791585,
        0.9032562409737569
      ]
    ]
  },
  "recommendations": [
    "Further repair recommended",
    "Schedule follow-up inspection in 6 months",
    "Document repair in maintenance records",
    "Monitor vibration behavior periodically"
  ]
}