{
  "metadata": {
    "analysis_date": "2026-01-17T19:03:36",
    "program_version": "1.0",
    "structure_id": "5de3a4ff-cc9",
    "sampling_rate_hz": 100.0,
    "recording_duration_sec": null
  },
  "modal_parameters": {
    "original_state": {
      "natural_frequencies_hz": [
        13.18359375,
        18.212890625,
        23.291015625,
        33.88671875,
        41.357421875
      ],
      "mode_shapes": [
        [
          0.7980773549855884,
          1.0,
          0.12616057099490596,
          0.12698370058823624,
          0.20692829313773908,
          0.05158436514782366
        ],
        [
          0.4661667997278246,
          1.0,
          0.12496904283435768,
          0.06526871381678989,
          0.022204479900325667,
          0.047503131127116155
        ],
        [
          0.23195417742320187,
          1.0,
          0.11660046074634844,
          0.2729225650788159,
          0.19021645779182725,
          0.04745224499461143
        ],
        [
          0.2503654761977683,
          0.10047669294156211,
          0.012219021711147842,
          0.5262755345226909,
          1.0,
          0.02032599421486494
        ],
        [
          0.4930914838430129,
          1.0,
          0.09254873562230576,
          0.06760119511014892,
          0.1329147667102057,
          0.022208469324526147
        ]
      ],
      "damping_ratios": [
        0.02,
        0.02,
        0.02,
        0.02,
        0.02
      ]
    },
    "damaged_state": {
      "natural_frequencies_hz": [
        18.45703125,
        22.607421875,
        32.568359375,
        41.40625,
        47.265625
      ],
      "mode_shapes": [
        [
          1.0,
          0.2933104902281205,
          0.0934555897224245,
          0.17780635185824417,
          0.7099532922606737,
          0.09250714674883304
        ],
        [
          0.26082570476339545,
          0.295391317384258,
          0.07592715976421051,
          0.12079202014684137,
          1.0,
          0.08215094719686422
        ],
        [
          0.1549982007632731,
          0.18678603551560388,
          0.05598807828114463,
          0.14575226306008246,
          1.0,
          0.16558359176482723
        ],
        [
          0.7217598912516959,
          1.0,
          0.06253131716590521,
          0.04613742970068704,
          0.5055500493519518,
          0.0321916070533782
        ],
        [
          0.2558926515126209,
          0.1390692598090145,
          0.043302748470965456,
          0.2234657041453309,
          1.0,
          0.08384336452881878
        ]
      ],
      "damping_ratios": [
        0.02,
        0.02,
        0.02,
        0.02,
        0.02
      ]
    },
    "repaired_state": {
      "natural_frequencies_hz": [
        1.26953125,
        13.671875,
        27.783203125,
        32.32421875,
        37.6953125
      ],
      "mode_shapes": [
        [
          0.8507727828562656,
          0.4102094320669926,
          0.22337759033420082,
          0.141966625500765,
          1.0,
          0.07218539412290745
        ],
        [
          0.14418369328805722,
          0.4878922632499511,
          0.0795894598296411,
          0.4959301518976558,
          1.0,
          0.09962859977894657
        ],
        [
          0.16167469830577913,
          0.8659089445616542,
          0.10113429628453272,
          0.0025495409426501458,
          1.0,
          0.06350373995980141
        ],
        [
          0.014096286777515548,
          0.17021259110222953,
          0.03458671504927503,
          0.2012753731355013,
          1.0,
          0.05333872354286839
        ],
        [
          0.2772956105318577,
          0.5462665941961553,
          0.04024914249341111,
          0.10194310005821748,
          1.0,
          0.07081351642607726
        ]
      ],
      "damping_ratios": [
        0.02,
        0.02,
        0.02,
        0.02,
        0.02
      ]
    }
  },
  "quality_assessment": {
    "overall_score": 0.8069918806418228,
    "breakdown": {
      "frequency_recovery": 0.9031578947368422,
      "mode_shape_match": 0.5180431109113388,
      "damping_recovery": 1.0
    },
    "per_mode_analysis": [
      {
        "mode": 1,
        "frequency_recovery": 1.0,
        "mac_value": 0.5371779505663123,
        "damping_recovery": 1.0
      },
      {
        "mode": 2,
        "frequency_recovery": 1.0,
        "mac_value": 0.20669411716920472,
        "damping_recovery": 1.0
      },
      {
        "mode": 3,
        "frequency_recovery": 0.5157894736842106,
        "mac_value": 0.5821854001951419,
        "damping_recovery": 1.0
      },
      {
        "mode": 4,
        "frequency_recovery": 1.0,
        "mac_value": 0.8776934777893668,
        "damping_recovery": 1.0
      },
      {
        "mode": 5,
        "frequency_recovery": 1.0,
        "mac_value": 0.38646460883666833,
        "damping_recovery": 1.0
      }
    ],
    "interpretation": "Good - Acceptable Repair",
    "interpretation_code": "GOOD",
    "confidence_level": "high"
  },
  "statistics": {
    "frequency_changes": {
      "original_to_damaged_percent": [
        40.0,
        24.1,
        39.8,
        22.2,
        14.3
      ],
      "damaged_to_repaired_percent": [
        -93.1,
        -39.5,
        -14.7,
        -21.9,
        -20.2
      ],
      "recovery_percent": [
        325.9,
        203.3,
        51.6,
        120.8,
        162.0
      ]
    },
    "average_stiffness_loss_percent": 28.087377491440527,
    "average_stiffness_recovery_percent": 172.72017969625625
  },
  "mode_mapping": {
    "damaged_to_original": null,
    "repaired_to_original": null
  },
  "mac_matrices": {
    "original_vs_damaged": [
      [
        0.5807427365784004,
        0.2698660495135005,
        0.15973865919347155,
        0.9407025457255788,
        0.17656289954036283
      ],
      [
        0.3172292098777817,
        0.14461751594642272,
        0.06782128452585932,
        0.8363885279329188,
        0.06540279793114954
      ],
      [
        0.271053135492189,
        0.2509730981785627,
        0.16643939902402136,
        0.7843395317802351,
        0.15584024845432307
      ],
      [
        0.5332922862455501,
        0.8444668581736591,
        0.8639784188104049,
        0.2740586385742104,
        0.9291684187612922
      ],
      [
        0.3908020784124465,
        0.2185978119093221,
        0.12157538088403953,
        0.9030323023948187,
        0.1205313761099654
      ]
    ],
    "original_vs_repaired": [
      [
        0.5371779505647257,
        0.30241745074525966,
        0.48353477416394636,
        0.09631187239194752,
        0.4157235572355677
      ],
      [
        0.31001577033432826,
        0.20669411716849834,
        0.43204701918026706,
        0.03601814065103163,
        0.29428979926963195
      ],
      [
        0.32295221488439074,
        0.4128363439005243,
        0.5821854001931999,
        0.14265420184075125,
        0.4259678907600296
      ],
      [
        0.6690086347643622,
        0.8861874451791096,
        0.5294911145434763,
        0.8776934777861618,
        0.7404777379622308
      ],
      [
        0.3944723693320718,
        0.27869306487469164,
        0.5202641243002075,
        0.07865444712893131,
        0.3864646088353283
      ]
    ]
  },
  "recommendations": [
    "Structure suitable for normal operating loads",
    "Schedule follow-up inspection in 6 months",
    "Document repair in maintenance records",
    "Monitor vibration behavior periodically"
  ]
}