{
  "metadata": {
    "analysis_date": "2026-01-19T13:06:27",
    "program_version": "1.0",
    "structure_id": "61c2d350-463",
    "sampling_rate_hz": 100.0,
    "recording_duration_sec": null
  },
  "modal_parameters": {
    "original_state": {
      "natural_frequencies_hz": [
        6.0546875,
        10.25390625,
        14.501953125,
        21.484375,
        45.263671875
      ],
      "mode_shapes": [
        [
          0.1610085083380296,
          1.0,
          0.3683075133633973,
          0.26804029066331414,
          0.23536269298244059,
          0.10460841589882189
        ],
        [
          1.0,
          0.43979236013603884,
          0.47231676542288564,
          0.7415198304022286,
          0.25425702019023644,
          0.37516370862055193
        ],
        [
          0.9325352600390335,
          0.4957225031401029,
          0.5713422037010031,
          1.0,
          0.5770008726488606,
          0.7266826028407193
        ],
        [
          0.6189162748034075,
          0.5786904974057141,
          1.0,
          0.6152164772709449,
          0.36079767968794985,
          0.6698291370172191
        ],
        [
          0.37580170391814066,
          0.5994794024207311,
          1.0,
          0.19049644071623345,
          0.7496394066110694,
          0.4435667721065706
        ]
      ],
      "damping_ratios": [
        0.02,
        0.02,
        0.02,
        0.02,
        0.02
      ]
    },
    "damaged_state": {
      "natural_frequencies_hz": [
        6.0546875,
        10.25390625,
        14.501953125,
        21.484375,
        45.263671875
      ],
      "mode_shapes": [
        [
          0.1610085083380296,
          1.0,
          0.3683075133633973,
          0.26804029066331414,
          0.23536269298244059,
          0.10460841589882189
        ],
        [
          1.0,
          0.43979236013603884,
          0.47231676542288564,
          0.7415198304022286,
          0.25425702019023644,
          0.37516370862055193
        ],
        [
          0.9325352600390335,
          0.4957225031401029,
          0.5713422037010031,
          1.0,
          0.5770008726488606,
          0.7266826028407193
        ],
        [
          0.6189162748034075,
          0.5786904974057141,
          1.0,
          0.6152164772709449,
          0.36079767968794985,
          0.6698291370172191
        ],
        [
          0.37580170391814066,
          0.5994794024207311,
          1.0,
          0.19049644071623345,
          0.7496394066110694,
          0.4435667721065706
        ]
      ],
      "damping_ratios": [
        0.02,
        0.02,
        0.02,
        0.02,
        0.02
      ]
    },
    "repaired_state": {
      "natural_frequencies_hz": [
        6.0546875,
        10.25390625,
        14.501953125,
        21.484375,
        45.263671875
      ],
      "mode_shapes": [
        [
          0.1610085083380296,
          1.0,
          0.3683075133633973,
          0.26804029066331414,
          0.23536269298244059,
          0.10460841589882189
        ],
        [
          1.0,
          0.43979236013603884,
          0.47231676542288564,
          0.7415198304022286,
          0.25425702019023644,
          0.37516370862055193
        ],
        [
          0.9325352600390335,
          0.4957225031401029,
          0.5713422037010031,
          1.0,
          0.5770008726488606,
          0.7266826028407193
        ],
        [
          0.6189162748034075,
          0.5786904974057141,
          1.0,
          0.6152164772709449,
          0.36079767968794985,
          0.6698291370172191
        ],
        [
          0.37580170391814066,
          0.5994794024207311,
          1.0,
          0.19049644071623345,
          0.7496394066110694,
          0.4435667721065706
        ]
      ],
      "damping_ratios": [
        0.02,
        0.02,
        0.02,
        0.02,
        0.02
      ]
    }
  },
  "quality_assessment": {
    "overall_score": 0.5,
    "breakdown": {
      "frequency_recovery": 0.0,
      "mode_shape_match": 1.0,
      "damping_recovery": 1.0
    },
    "per_mode_analysis": [
      {
        "mode": 1,
        "frequency_recovery": 0.0,
        "mac_value": 1.0,
        "damping_recovery": 1.0
      },
      {
        "mode": 2,
        "frequency_recovery": 0.0,
        "mac_value": 1.0,
        "damping_recovery": 1.0
      },
      {
        "mode": 3,
        "frequency_recovery": 0.0,
        "mac_value": 1.0,
        "damping_recovery": 1.0
      },
      {
        "mode": 4,
        "frequency_recovery": 0.0,
        "mac_value": 1.0,
        "damping_recovery": 1.0
      },
      {
        "mode": 5,
        "frequency_recovery": 0.0,
        "mac_value": 1.0,
        "damping_recovery": 1.0
      }
    ],
    "interpretation": "Fair - Partial Improvement",
    "interpretation_code": "FAIR",
    "confidence_level": "high"
  },
  "statistics": {
    "frequency_changes": {
      "original_to_damaged_percent": [
        0.0,
        0.0,
        0.0,
        0.0,
        0.0
      ],
      "damaged_to_repaired_percent": [
        0.0,
        0.0,
        0.0,
        0.0,
        0.0
      ],
      "recovery_percent": [
        0.0,
        0.0,
        0.0,
        0.0,
        0.0
      ]
    },
    "average_stiffness_loss_percent": 0.0,
    "average_stiffness_recovery_percent": 0.0
  },
  "mode_mapping": {
    "damaged_to_original": null,
    "repaired_to_original": null
  },
  "mac_matrices": {
    "original_vs_damaged": [
      [
        0.9999999999964915,
        0.4075744084080187,
        0.4158849016808104,
        0.5370479702183317,
        0.5683180191151126
      ],
      [
        0.4075744084080187,
        0.9999999999972848,
        0.9289059769984798,
        0.7918840340505104,
        0.5199526960869028
      ],
      [
        0.4158849016808104,
        0.9289059769984798,
        0.9999999999977984,
        0.8531006440723761,
        0.6178342689380982
      ],
      [
        0.5370479702183317,
        0.7918840340505104,
        0.8531006440723761,
        0.9999999999975542,
        0.8348249050113734
      ],
      [
        0.5683180191151126,
        0.5199526960869028,
        0.6178342689380982,
        0.8348249050113734,
        0.9999999999973601
      ]
    ],
    "original_vs_repaired": [
      [
        0.9999999999964915,
        0.4075744084080187,
        0.4158849016808104,
        0.5370479702183317,
        0.5683180191151126
      ],
      [
        0.4075744084080187,
        0.9999999999972848,
        0.9289059769984798,
        0.7918840340505104,
        0.5199526960869028
      ],
      [
        0.4158849016808104,
        0.9289059769984798,
        0.9999999999977984,
        0.8531006440723761,
        0.6178342689380982
      ],
      [
        0.5370479702183317,
        0.7918840340505104,
        0.8531006440723761,
        0.9999999999975542,
        0.8348249050113734
      ],
      [
        0.5683180191151126,
        0.5199526960869028,
        0.6178342689380982,
        0.8348249050113734,
        0.9999999999973601
      ]
    ]
  },
  "recommendations": [
    "Further repair recommended",
    "Schedule follow-up inspection in 6 months",
    "Document repair in maintenance records",
    "Monitor vibration behavior periodically"
  ]
}