{
  "metadata": {
    "analysis_date": "2026-01-15T21:19:52",
    "program_version": "1.0",
    "structure_id": "63e94e27-10d",
    "sampling_rate_hz": 100.0,
    "recording_duration_sec": null
  },
  "modal_parameters": {
    "original_state": {
      "natural_frequencies_hz": [
        7.958984375,
        17.87109375,
        23.828125,
        32.470703125,
        44.189453125
      ],
      "mode_shapes": [
        [
          0.6008922122795551,
          1.0,
          0.6214071160727107,
          0.13691990579302485,
          0.057142690945398984,
          0.13665819254283526
        ],
        [
          0.10156858850178883,
          0.50525165181269,
          1.0,
          0.26670305558853064,
          0.02326450481790341,
          0.25512765423943423
        ],
        [
          0.9595193274121138,
          1.0,
          0.5496862399457194,
          0.417928465031681,
          0.11592297858290672,
          0.33547717370452773
        ],
        [
          0.6217960417379792,
          0.22215433850591565,
          0.8356962063575128,
          1.0,
          0.40157184719842526,
          0.22330555125816984
        ],
        [
          0.7456587621755065,
          0.2697195850024032,
          1.0,
          0.4822732998222069,
          0.3090937154037512,
          0.7894324584632291
        ]
      ],
      "damping_ratios": [
        0.02,
        0.02,
        0.02,
        0.02,
        0.02
      ]
    },
    "damaged_state": {
      "natural_frequencies_hz": [
        8.0078125,
        15.869140625,
        23.876953125,
        31.884765625,
        39.94140625
      ],
      "mode_shapes": [
        [
          0.7307145268314474,
          0.891496138118162,
          1.0,
          0.19343136482643516,
          0.15299648383617254,
          0.26744742600433496
        ],
        [
          0.7132475931008849,
          0.37134056144326555,
          1.0,
          0.3292944040778272,
          0.1564156928921301,
          0.23360501106190215
        ],
        [
          0.6261280115418827,
          0.8868230992230064,
          1.0,
          0.11717836229464712,
          0.12296579242525577,
          0.10024479622445866
        ],
        [
          0.7121700519060883,
          1.0,
          0.9528748288923349,
          0.2786895795172511,
          0.011181809355772102,
          0.09182186582073498
        ],
        [
          0.6334038351840432,
          0.25856944228024786,
          1.0,
          0.9386249916827315,
          0.06225300635181436,
          0.6724201110510638
        ]
      ],
      "damping_ratios": [
        0.02,
        0.02,
        0.02,
        0.02,
        0.02
      ]
    },
    "repaired_state": {
      "natural_frequencies_hz": [
        8.0078125,
        16.064453125,
        24.169921875,
        32.2265625,
        40.234375
      ],
      "mode_shapes": [
        [
          0.664168488253681,
          1.0,
          0.7699661568701627,
          0.04480605082334336,
          0.047409382105496875,
          0.018492098562724622
        ],
        [
          0.851943084568385,
          1.0,
          0.9764769408690853,
          0.12388805951184026,
          0.07142539462065801,
          0.07824887205826932
        ],
        [
          0.6838357413756811,
          1.0,
          0.748562831060295,
          0.13219412918825543,
          0.042299614107989304,
          0.1006181296472713
        ],
        [
          1.0,
          0.9784416645785786,
          0.8000096907945562,
          0.255637138243153,
          0.1739374069995052,
          0.5024872071182361
        ],
        [
          0.5882989659341891,
          0.24645662685071618,
          1.0,
          0.1168624772216104,
          0.21070752524081396,
          0.07479048229756602
        ]
      ],
      "damping_ratios": [
        0.02,
        0.02,
        0.02,
        0.02,
        0.02
      ]
    }
  },
  "quality_assessment": {
    "overall_score": 0.5071723159413872,
    "breakdown": {
      "frequency_recovery": 0.14997196523689377,
      "mode_shape_match": 0.7739544444098011,
      "damping_recovery": 1.0
    },
    "per_mode_analysis": [
      {
        "mode": 1,
        "frequency_recovery": -0.0,
        "mac_value": 0.9789515351968139,
        "damping_recovery": 1.0
      },
      {
        "mode": 2,
        "frequency_recovery": 0.0975609756097561,
        "mac_value": 0.6941110376605799,
        "damping_recovery": 1.0
      },
      {
        "mode": 3,
        "frequency_recovery": 0.0,
        "mac_value": 0.8999388078596338,
        "damping_recovery": 1.0
      },
      {
        "mode": 4,
        "frequency_recovery": 0.5833333333333334,
        "mac_value": 0.5478208652229247,
        "damping_recovery": 1.0
      },
      {
        "mode": 5,
        "frequency_recovery": 0.06896551724137931,
        "mac_value": 0.7489499761090538,
        "damping_recovery": 1.0
      }
    ],
    "interpretation": "Fair - Partial Improvement",
    "interpretation_code": "FAIR",
    "confidence_level": "high"
  },
  "statistics": {
    "frequency_changes": {
      "original_to_damaged_percent": [
        0.6,
        -11.2,
        0.2,
        -1.8,
        -9.6
      ],
      "damaged_to_repaired_percent": [
        0.0,
        1.2,
        1.2,
        1.1,
        0.7
      ],
      "recovery_percent": [
        -0.0,
        9.8,
        -600.0,
        58.3,
        6.9
      ]
    },
    "average_stiffness_loss_percent": -4.360308354750257,
    "average_stiffness_recovery_percent": -105.00280347631062
  },
  "mode_mapping": {
    "damaged_to_original": null,
    "repaired_to_original": null
  },
  "mac_matrices": {
    "original_vs_damaged": [
      [
        0.9307884540302174,
        0.6928256460988874,
        0.9310523353762932,
        0.9594137401614188,
        0.43943671850568294
      ],
      [
        0.786952685838938,
        0.7741991026023545,
        0.794045877518334,
        0.7560027551468806,
        0.6657597261772498
      ],
      [
        0.8746197096135698,
        0.7311242677417058,
        0.8139669264947254,
        0.8791415502513464,
        0.5885432872402764
      ],
      [
        0.562972338034231,
        0.7581587287409781,
        0.4989997659574537,
        0.5309620806059518,
        0.876025004330862
      ],
      [
        0.7192225270175221,
        0.8653304316189531,
        0.6176086408065553,
        0.5976671343911046,
        0.8947909941206355
      ]
    ],
    "original_vs_repaired": [
      [
        0.9789515351939779,
        0.9558850072354207,
        0.9921232197888042,
        0.9107940328479751,
        0.6035048324677198
      ],
      [
        0.6474111275954114,
        0.6941110376585632,
        0.6650331659690178,
        0.6169508488980516,
        0.7449412873155206
      ],
      [
        0.8498884904712614,
        0.8722778290733885,
        0.8999388078572457,
        0.9614769788215505,
        0.573641450259623
      ],
      [
        0.3792225742381266,
        0.47592740769845576,
        0.43245145121051515,
        0.5478208652215706,
        0.6303061288740659
      ],
      [
        0.4781152027591553,
        0.5873930873362393,
        0.5345280641983454,
        0.7474308437863859,
        0.7489499761068857
      ]
    ]
  },
  "recommendations": [
    "Further repair recommended",
    "Schedule follow-up inspection in 6 months",
    "Document repair in maintenance records",
    "Monitor vibration behavior periodically"
  ]
}