{
  "metadata": {
    "analysis_date": "2026-01-22T13:56:59",
    "program_version": "1.0",
    "structure_id": "662ced38-5f2",
    "sampling_rate_hz": 100.0,
    "recording_duration_sec": null
  },
  "modal_parameters": {
    "original_state": {
      "natural_frequencies_hz": [
        2.44140625,
        7.2509765625,
        16.4306640625,
        23.5595703125,
        31.9091796875
      ],
      "mode_shapes": [
        [
          0.5227585225697282,
          0.10427300703958302,
          0.1522456297513572,
          1.0,
          0.09243524377816727,
          0.7617146478486998
        ],
        [
          0.10450160230579185,
          0.037863668686398066,
          0.05439420601649092,
          1.0,
          0.12451502951680514,
          0.42865712006036594
        ],
        [
          0.16038171290408987,
          0.0077895945270038775,
          0.14132692050101456,
          0.11941603664232384,
          0.09695887746988087,
          1.0
        ],
        [
          1.0,
          0.06022899113614736,
          0.39126023545552885,
          0.08985546547360135,
          0.04596776945615948,
          0.42117278215957643
        ],
        [
          1.0,
          0.0353546373346567,
          0.41942079457373505,
          0.01256874879389121,
          0.002783595587316954,
          0.007057268721943781
        ]
      ],
      "damping_ratios": [
        0.02,
        0.02,
        0.02,
        0.02,
        0.02
      ]
    },
    "damaged_state": {
      "natural_frequencies_hz": [
        8.88671875,
        13.671875,
        18.4814453125,
        22.4853515625,
        28.90625
      ],
      "mode_shapes": [
        [
          0.05118325068692287,
          0.0045080537772909995,
          0.009420241327197031,
          1.0,
          0.23168831366802023,
          0.5330682529447519
        ],
        [
          0.7409027219761726,
          0.17217458165922653,
          0.12159193610974894,
          1.0,
          0.21525967861565623,
          0.9689396221391895
        ],
        [
          0.05735948034119617,
          0.013863904655096723,
          0.03457040677727756,
          0.021620514464163028,
          0.09015644236155085,
          1.0
        ],
        [
          0.3069452448435961,
          0.042028695247282866,
          0.2261623889364368,
          0.0774884538628279,
          0.10886025526270102,
          1.0
        ],
        [
          1.0,
          0.011801919718251607,
          0.7493943500037339,
          0.028208558481352564,
          0.006070593804598313,
          0.022681711438756486
        ]
      ],
      "damping_ratios": [
        0.02,
        0.02,
        0.02,
        0.02,
        0.02
      ]
    },
    "repaired_state": {
      "natural_frequencies_hz": [
        13.18359375,
        18.359375,
        24.072265625,
        33.88671875,
        41.357421875
      ],
      "mode_shapes": [
        [
          0.43706783300646024,
          1.0,
          0.10001065993157973,
          0.05250468282048678,
          0.06764438710325794,
          0.05502561350843053
        ],
        [
          0.7130035386411921,
          1.0,
          0.11616410705012407,
          0.12389778388547464,
          0.14653349513197378,
          0.011294660586904603
        ],
        [
          0.525033994093417,
          1.0,
          0.07448565524924707,
          0.3713195064463957,
          0.8014413667462136,
          0.05776105295962525
        ],
        [
          0.43753421794168984,
          0.08379594746620181,
          0.027448229105239832,
          0.6399458667746725,
          1.0,
          0.021843233854754267
        ],
        [
          0.34011430456740355,
          1.0,
          0.047750151348800986,
          0.056281810532370045,
          0.09030308631449932,
          0.01071753302675004
        ]
      ],
      "damping_ratios": [
        0.02,
        0.02,
        0.02,
        0.02,
        0.02
      ]
    }
  },
  "quality_assessment": {
    "overall_score": 0.4555233862053778,
    "breakdown": {
      "frequency_recovery": 0.42060041407867493,
      "mode_shape_match": 0.15074393055346774,
      "damping_recovery": 1.0
    },
    "per_mode_analysis": [
      {
        "mode": 1,
        "frequency_recovery": 0.043478260869565216,
        "mac_value": 0.08763481990238653,
        "damping_recovery": 1.0
      },
      {
        "mode": 2,
        "frequency_recovery": 0.0,
        "mac_value": 0.34757087647601076,
        "damping_recovery": 1.0
      },
      {
        "mode": 3,
        "frequency_recovery": 0.05952380952380952,
        "mac_value": 0.01918978302645724,
        "damping_recovery": 1.0
      },
      {
        "mode": 4,
        "frequency_recovery": 1.0,
        "mac_value": 0.18107680311066407,
        "damping_recovery": 1.0
      },
      {
        "mode": 5,
        "frequency_recovery": 1.0,
        "mac_value": 0.1182473702518202,
        "damping_recovery": 1.0
      }
    ],
    "interpretation": "Poor - Minimal Improvement",
    "interpretation_code": "POOR",
    "confidence_level": "high"
  },
  "statistics": {
    "frequency_changes": {
      "original_to_damaged_percent": [
        264.0,
        88.6,
        12.5,
        -4.6,
        -9.4
      ],
      "damaged_to_repaired_percent": [
        48.4,
        34.3,
        30.3,
        50.7,
        43.1
      ],
      "recovery_percent": [
        -66.7,
        -73.0,
        -272.6,
        1061.4,
        414.6
      ]
    },
    "average_stiffness_loss_percent": 70.21263298666683,
    "average_stiffness_recovery_percent": 212.74165322760328
  },
  "mode_mapping": {
    "damaged_to_original": null,
    "repaired_to_original": null
  },
  "mac_matrices": {
    "original_vs_damaged": [
      [
        0.8341602482880245,
        0.9735776323988041,
        0.3571557468716404,
        0.49772678090656336,
        0.15791988370950244
      ],
      [
        0.9803042403634786,
        0.7501041727792221,
        0.17941946565198486,
        0.22614392611706627,
        0.017910706471152383
      ],
      [
        0.326843886061165,
        0.56353104253428,
        0.9705356122158622,
        0.9735639057318946,
        0.051365648635029626
      ],
      [
        0.08019584007549584,
        0.492580750912456,
        0.18278845146868955,
        0.4410613041431999,
        0.8120898188163199
      ],
      [
        0.0033090436503683887,
        0.22039869463523007,
        0.005355099227575251,
        0.12352680642383183,
        0.9399967506206464
      ]
    ],
    "original_vs_repaired": [
      [
        0.08763481990209998,
        0.13889985472973743,
        0.1975735694374857,
        0.32164562317434847,
        0.06123977819042573
      ],
      [
        0.020457700525174108,
        0.0372814612953026,
        0.14006085425909717,
        0.347570876474832,
        0.01599491525235886
      ],
      [
        0.019730291025307593,
        0.019189783026389386,
        0.03610009640825275,
        0.042337766536584304,
        0.007516449502979582
      ],
      [
        0.1977188898277992,
        0.33777196366520795,
        0.18107680311009972,
        0.1480852784756444,
        0.1233483015808564
      ],
      [
        0.18639512535797323,
        0.347950238917141,
        0.1475636567443786,
        0.11313892285718714,
        0.11824737025137964
      ]
    ]
  },
  "recommendations": [
    "Further repair recommended",
    "Schedule follow-up inspection in 6 months",
    "Document repair in maintenance records",
    "Monitor vibration behavior periodically"
  ]
}