{
  "metadata": {
    "analysis_date": "2026-01-26T15:21:07",
    "program_version": "1.0",
    "structure_id": "73676ce9-394",
    "sampling_rate_hz": 100.0,
    "recording_duration_sec": null
  },
  "modal_parameters": {
    "original_state": {
      "natural_frequencies_hz": [
        2.44140625,
        7.2509765625,
        16.4306640625,
        23.5595703125,
        31.9091796875
      ],
      "mode_shapes": [
        [
          0.5227585225697282,
          0.10427300703958302,
          0.1522456297513572,
          1.0,
          0.09243524377816727,
          0.7617146478486998
        ],
        [
          0.10450160230579185,
          0.037863668686398066,
          0.05439420601649092,
          1.0,
          0.12451502951680514,
          0.42865712006036594
        ],
        [
          0.16038171290408987,
          0.0077895945270038775,
          0.14132692050101456,
          0.11941603664232384,
          0.09695887746988087,
          1.0
        ],
        [
          1.0,
          0.06022899113614736,
          0.39126023545552885,
          0.08985546547360135,
          0.04596776945615948,
          0.42117278215957643
        ],
        [
          1.0,
          0.0353546373346567,
          0.41942079457373505,
          0.01256874879389121,
          0.002783595587316954,
          0.007057268721943781
        ]
      ],
      "damping_ratios": [
        0.02,
        0.02,
        0.02,
        0.02,
        0.02
      ]
    },
    "damaged_state": {
      "natural_frequencies_hz": [
        8.7890625,
        13.671875,
        18.1640625,
        22.8271484375,
        28.9306640625
      ],
      "mode_shapes": [
        [
          0.2000966240246351,
          0.03353921411462567,
          0.1137170403421562,
          1.0,
          0.23866463048249495,
          0.5463620636631842
        ],
        [
          0.19292610648866337,
          0.10251727103957967,
          0.286197262154932,
          0.33083090495806483,
          0.18843467409705855,
          1.0
        ],
        [
          0.01885169907536699,
          0.010713568686101946,
          0.029866699921976804,
          0.08240154949051431,
          0.10076820275505971,
          1.0
        ],
        [
          0.3666007096299339,
          0.017307273440524122,
          0.28735473176148946,
          0.06110326594355636,
          0.12503095710178413,
          1.0
        ],
        [
          1.0,
          0.00796803824679873,
          0.7141909680760323,
          0.18723756003573322,
          0.018987500091502827,
          0.23942848943077105
        ]
      ],
      "damping_ratios": [
        0.02,
        0.02,
        0.02,
        0.02,
        0.02
      ]
    },
    "repaired_state": {
      "natural_frequencies_hz": [
        2.4658203125,
        10.693359375,
        15.0390625,
        23.14453125,
        30.76171875
      ],
      "mode_shapes": [
        [
          0.1089456477320664,
          0.010394975341233894,
          0.014161663270879737,
          1.0,
          0.058163488885081056,
          0.6678240696869755
        ],
        [
          0.05100686269880743,
          0.02492393767579034,
          0.048639467233969315,
          1.0,
          0.2606091455636525,
          0.6845987773737887
        ],
        [
          0.6126240855974153,
          0.12901500088193288,
          0.3353438290835279,
          1.0,
          0.12331509272268998,
          0.4874851305646659
        ],
        [
          1.0,
          0.06549128081688475,
          0.1960958923851243,
          0.037225417903622326,
          0.03400544303617257,
          0.07016690858678991
        ],
        [
          1.0,
          0.04700446819767129,
          0.24899261281086063,
          0.02980798387169071,
          0.014066213848442869,
          0.049116703527683936
        ]
      ],
      "damping_ratios": [
        0.02,
        0.02,
        0.02,
        0.02,
        0.02
      ]
    }
  },
  "quality_assessment": {
    "overall_score": 0.7453570804619152,
    "breakdown": {
      "frequency_recovery": 0.6091827037301022,
      "mode_shape_match": 0.8025524286562133,
      "damping_recovery": 1.0
    },
    "per_mode_analysis": [
      {
        "mode": 1,
        "frequency_recovery": 0.9978260869565218,
        "mac_value": 0.8942980640124365,
        "damping_recovery": 1.0
      },
      {
        "mode": 2,
        "frequency_recovery": 0.0,
        "mac_value": 0.9512497627879475,
        "damping_recovery": 1.0
      },
      {
        "mode": 3,
        "frequency_recovery": 1.0,
        "mac_value": 0.31183046927914065,
        "damping_recovery": 1.0
      },
      {
        "mode": 4,
        "frequency_recovery": 0.43333333333333335,
        "mac_value": 0.8808127686789945,
        "damping_recovery": 1.0
      },
      {
        "mode": 5,
        "frequency_recovery": 0.6147540983606558,
        "mac_value": 0.9745710785225475,
        "damping_recovery": 1.0
      }
    ],
    "interpretation": "Good - Acceptable Repair",
    "interpretation_code": "GOOD",
    "confidence_level": "high"
  },
  "statistics": {
    "frequency_changes": {
      "original_to_damaged_percent": [
        260.0,
        88.6,
        10.5,
        -3.1,
        -9.3
      ],
      "damaged_to_repaired_percent": [
        -71.9,
        -21.8,
        -17.2,
        1.4,
        6.3
      ],
      "recovery_percent": [
        99.6,
        46.4,
        180.3,
        43.3,
        61.5
      ]
    },
    "average_stiffness_loss_percent": 69.33176077963265,
    "average_stiffness_recovery_percent": 86.21873012504967
  },
  "mode_mapping": {
    "damaged_to_original": null,
    "repaired_to_original": null
  },
  "mac_matrices": {
    "original_vs_damaged": [
      [
        0.914815831191153,
        0.6622257243081063,
        0.39106946264852516,
        0.4897159822357773,
        0.3314688146573242
      ],
      [
        0.9754623880418649,
        0.4370625406842858,
        0.22507162391385635,
        0.2087360688690988,
        0.0975943574252413
      ],
      [
        0.3606667824573339,
        0.9367203715160063,
        0.9684182381562433,
        0.9467634742496759,
        0.16079871063120013
      ],
      [
        0.1760353711689544,
        0.3466082600516407,
        0.1575429172809779,
        0.5008615984759419,
        0.9076191753195954
      ],
      [
        0.04265583838184041,
        0.07183330154008133,
        0.0013432513437681359,
        0.16890604435941278,
        0.9009240263204317
      ]
    ],
    "original_vs_repaired": [
      [
        0.8942980640096582,
        0.85614035812994,
        0.9376035291448206,
        0.21430742358401417,
        0.19860577653289002
      ],
      [
        0.9609292363275549,
        0.9512497627846892,
        0.8058559758434066,
        0.028059343735955956,
        0.02292968169279171
      ],
      [
        0.4222952713834554,
        0.4324635093837917,
        0.3118304692780669,
        0.063244113984873,
        0.05472709781189961
      ],
      [
        0.12166188743560365,
        0.10282721844998408,
        0.4688872419203441,
        0.8808127686757561,
        0.880629436728558
      ],
      [
        0.010232672685365533,
        0.00450214767417057,
        0.2896950316662091,
        0.9531554712846759,
        0.9745710785188637
      ]
    ]
  },
  "recommendations": [
    "Structure suitable for normal operating loads",
    "Schedule follow-up inspection in 6 months",
    "Document repair in maintenance records",
    "Monitor vibration behavior periodically"
  ]
}