{
  "metadata": {
    "analysis_date": "2026-01-22T12:12:45",
    "program_version": "1.0",
    "structure_id": "743db8dd-b9a",
    "sampling_rate_hz": 100.0,
    "recording_duration_sec": null
  },
  "modal_parameters": {
    "original_state": {
      "natural_frequencies_hz": [
        2.44140625,
        7.2509765625,
        16.4306640625,
        23.5595703125,
        31.9091796875
      ],
      "mode_shapes": [
        [
          0.5227585225697282,
          0.10427300703958302,
          0.1522456297513572,
          1.0,
          0.09243524377816727,
          0.7617146478486998
        ],
        [
          0.10450160230579185,
          0.037863668686398066,
          0.05439420601649092,
          1.0,
          0.12451502951680514,
          0.42865712006036594
        ],
        [
          0.16038171290408987,
          0.0077895945270038775,
          0.14132692050101456,
          0.11941603664232384,
          0.09695887746988087,
          1.0
        ],
        [
          1.0,
          0.06022899113614736,
          0.39126023545552885,
          0.08985546547360135,
          0.04596776945615948,
          0.42117278215957643
        ],
        [
          1.0,
          0.0353546373346567,
          0.41942079457373505,
          0.01256874879389121,
          0.002783595587316954,
          0.007057268721943781
        ]
      ],
      "damping_ratios": [
        0.02,
        0.02,
        0.02,
        0.02,
        0.02
      ]
    },
    "damaged_state": {
      "natural_frequencies_hz": [
        16.9921875,
        22.119140625,
        31.34765625,
        38.037109375,
        42.08984375
      ],
      "mode_shapes": [
        [
          0.5769127194902792,
          0.8688860054571447,
          0.19328754105924742,
          0.27628974206822365,
          1.0,
          0.049027004991439874
        ],
        [
          0.20812028534098886,
          1.0,
          0.10257624111182391,
          0.06447583807663038,
          0.4297524110593454,
          0.04260502959219035
        ],
        [
          0.1626728825798325,
          0.35982972723754686,
          0.0582489514015665,
          0.3249983748532628,
          1.0,
          0.05674616387861615
        ],
        [
          0.15197629892421913,
          1.0,
          0.05877051045359549,
          0.2282353471914537,
          0.46272582762338654,
          0.03044411158046161
        ],
        [
          0.40273913102366415,
          1.0,
          0.11737623458097098,
          0.08488743315861448,
          0.2935544633320107,
          0.006357203177219675
        ]
      ],
      "damping_ratios": [
        0.02,
        0.02,
        0.02,
        0.02,
        0.02
      ]
    },
    "repaired_state": {
      "natural_frequencies_hz": [
        13.18359375,
        18.359375,
        23.291015625,
        33.88671875,
        41.30859375
      ],
      "mode_shapes": [
        [
          1.0,
          0.9750627413229459,
          0.17927888852132268,
          0.15318344744002887,
          0.4988883806024679,
          0.0809742282954085
        ],
        [
          0.8318221647192346,
          1.0,
          0.10811766250913217,
          0.04898277161630451,
          0.14406644314895073,
          0.025629786952215614
        ],
        [
          0.3677748207379824,
          1.0,
          0.13352278397163964,
          0.24488583973281383,
          0.2760811760041841,
          0.044684969934029845
        ],
        [
          0.3568369615624152,
          0.15287273798854684,
          0.058666677766882856,
          0.5992159255574903,
          1.0,
          0.037134787301464064
        ],
        [
          0.43487143160324204,
          1.0,
          0.11287824485337464,
          0.10640457447154945,
          0.2826106544664129,
          0.04448650671958736
        ]
      ],
      "damping_ratios": [
        0.02,
        0.02,
        0.02,
        0.02,
        0.02
      ]
    }
  },
  "quality_assessment": {
    "overall_score": 0.45355648634515483,
    "breakdown": {
      "frequency_recovery": 0.3998855563128493,
      "mode_shape_match": 0.17871236062910056,
      "damping_recovery": 1.0
    },
    "per_mode_analysis": [
      {
        "mode": 1,
        "frequency_recovery": 0.26174496644295303,
        "mac_value": 0.19424417448259154,
        "damping_recovery": 1.0
      },
      {
        "mode": 2,
        "frequency_recovery": 0.0,
        "mac_value": 0.33576974439471813,
        "damping_recovery": 1.0
      },
      {
        "mode": 3,
        "frequency_recovery": 0.6609442060085837,
        "mac_value": 0.022071813590133348,
        "damping_recovery": 1.0
      },
      {
        "mode": 4,
        "frequency_recovery": 1.0,
        "mac_value": 0.16412861894358166,
        "damping_recovery": 1.0
      },
      {
        "mode": 5,
        "frequency_recovery": 0.07673860911270983,
        "mac_value": 0.17734745173447822,
        "damping_recovery": 1.0
      }
    ],
    "interpretation": "Poor - Minimal Improvement",
    "interpretation_code": "POOR",
    "confidence_level": "high"
  },
  "statistics": {
    "frequency_changes": {
      "original_to_damaged_percent": [
        596.0,
        205.1,
        90.8,
        61.5,
        31.9
      ],
      "damaged_to_repaired_percent": [
        -22.4,
        -17.0,
        -25.7,
        -10.9,
        -1.9
      ],
      "recovery_percent": [
        26.2,
        25.3,
        54.0,
        28.7,
        7.7
      ]
    },
    "average_stiffness_loss_percent": 197.03878541388684,
    "average_stiffness_recovery_percent": 28.36266494768654
  },
  "mode_mapping": {
    "damaged_to_original": null,
    "repaired_to_original": null
  },
  "mac_matrices": {
    "original_vs_damaged": [
      [
        0.1639389600436358,
        0.05656434731235399,
        0.14579133954233794,
        0.09663430360694347,
        0.08396301529102597
      ],
      [
        0.10317417044725374,
        0.026846299758717423,
        0.16729972284279396,
        0.08058803623104613,
        0.028739869410002585
      ],
      [
        0.03962255679546402,
        0.016377774575342133,
        0.03888369504636166,
        0.014787805763040857,
        0.01321267302129935
      ],
      [
        0.2140357457003989,
        0.07405260161116399,
        0.05499920565055166,
        0.048292444187579754,
        0.16628892449739172
      ],
      [
        0.18631232577462578,
        0.056924505060801295,
        0.028723663495817293,
        0.030731044534933482,
        0.16015954761527496
      ]
    ],
    "original_vs_repaired": [
      [
        0.19424417448205103,
        0.12404060079989061,
        0.15766286875527302,
        0.302047221783797,
        0.1080997669197516
      ],
      [
        0.058588981534162615,
        0.020735790018076104,
        0.09303237694713648,
        0.3357697443935631,
        0.03977127816259872
      ],
      [
        0.048060262330193955,
        0.022071813590057075,
        0.025145013235610768,
        0.0457985685438408,
        0.02289898336817808
      ],
      [
        0.47334746840464176,
        0.39371320806069887,
        0.16412861894300956,
        0.1249826940580677,
        0.19360442847333903
      ],
      [
        0.4656399761123447,
        0.41049775810681327,
        0.1411814916441088,
        0.08857280989597481,
        0.17734745173383965
      ]
    ]
  },
  "recommendations": [
    "Further repair recommended",
    "Schedule follow-up inspection in 6 months",
    "Document repair in maintenance records",
    "Monitor vibration behavior periodically"
  ]
}