{
  "metadata": {
    "analysis_date": "2026-01-22T11:19:39",
    "program_version": "1.0",
    "structure_id": "74cdb328-6a9",
    "sampling_rate_hz": 100.0,
    "recording_duration_sec": null
  },
  "modal_parameters": {
    "original_state": {
      "natural_frequencies_hz": [
        2.44140625,
        7.2509765625,
        16.4306640625,
        23.5595703125,
        31.9091796875
      ],
      "mode_shapes": [
        [
          0.5227585225697282,
          0.10427300703958302,
          0.1522456297513572,
          1.0,
          0.09243524377816727,
          0.7617146478486998
        ],
        [
          0.10450160230579185,
          0.037863668686398066,
          0.05439420601649092,
          1.0,
          0.12451502951680514,
          0.42865712006036594
        ],
        [
          0.16038171290408987,
          0.0077895945270038775,
          0.14132692050101456,
          0.11941603664232384,
          0.09695887746988087,
          1.0
        ],
        [
          1.0,
          0.06022899113614736,
          0.39126023545552885,
          0.08985546547360135,
          0.04596776945615948,
          0.42117278215957643
        ],
        [
          1.0,
          0.0353546373346567,
          0.41942079457373505,
          0.01256874879389121,
          0.002783595587316954,
          0.007057268721943781
        ]
      ],
      "damping_ratios": [
        0.02,
        0.02,
        0.02,
        0.02,
        0.02
      ]
    },
    "damaged_state": {
      "natural_frequencies_hz": [
        1.85546875,
        11.3525390625,
        17.87109375,
        22.7294921875,
        30.1513671875
      ],
      "mode_shapes": [
        [
          0.14629573557945452,
          0.027476710512083852,
          0.07606986947583391,
          0.9250521052574272,
          0.02686235453359667,
          1.0
        ],
        [
          0.0952736100588517,
          0.016219175432886125,
          0.01119079637778302,
          1.0,
          0.10910720121483215,
          0.8630615628240282
        ],
        [
          0.41206530148638487,
          0.28577338213048603,
          0.3910626737949297,
          0.1465982808370222,
          0.07806021190282583,
          1.0
        ],
        [
          1.0,
          0.07298625808603447,
          0.427004144337173,
          0.05555569549107317,
          0.03824608571114075,
          0.05476529231160992
        ],
        [
          1.0,
          0.0859502456421516,
          0.3767471532627662,
          0.11854619583373621,
          0.03945394952431539,
          0.08381266656444702
        ]
      ],
      "damping_ratios": [
        0.02,
        0.02,
        0.02,
        0.02,
        0.02
      ]
    },
    "repaired_state": {
      "natural_frequencies_hz": [
        13.18359375,
        18.212890625,
        23.291015625,
        33.88671875,
        41.357421875
      ],
      "mode_shapes": [
        [
          0.8151713314489333,
          1.0,
          0.13042988007477363,
          0.1288605733991704,
          0.22959493156282282,
          0.053743454282512385
        ],
        [
          0.4630241901998675,
          1.0,
          0.12358001322241027,
          0.06582281436514748,
          0.022144974630807876,
          0.048031164828043475
        ],
        [
          0.24373613704327762,
          1.0,
          0.11812481931938337,
          0.27057239758094676,
          0.19765464462721605,
          0.04708504247661323
        ],
        [
          0.25836776865802136,
          0.08644571812826282,
          0.015730873777931274,
          0.5317866992194756,
          1.0,
          0.020671734956339893
        ],
        [
          0.4910377706472015,
          1.0,
          0.09238736495660023,
          0.06928269006337594,
          0.1338360879204741,
          0.023159927108145194
        ]
      ],
      "damping_ratios": [
        0.02,
        0.02,
        0.02,
        0.02,
        0.02
      ]
    }
  },
  "quality_assessment": {
    "overall_score": 0.5152941986721018,
    "breakdown": {
      "frequency_recovery": 0.5352941176470589,
      "mode_shape_match": 0.15882379949524092,
      "damping_recovery": 1.0
    },
    "per_mode_analysis": [
      {
        "mode": 1,
        "frequency_recovery": 1.0,
        "mac_value": 0.16525570669532286,
        "damping_recovery": 1.0
      },
      {
        "mode": 2,
        "frequency_recovery": 0.0,
        "mac_value": 0.29400750407528203,
        "damping_recovery": 1.0
      },
      {
        "mode": 3,
        "frequency_recovery": 0.0,
        "mac_value": 0.01876784651563647,
        "damping_recovery": 1.0
      },
      {
        "mode": 4,
        "frequency_recovery": 0.6764705882352942,
        "mac_value": 0.10191597918899764,
        "damping_recovery": 1.0
      },
      {
        "mode": 5,
        "frequency_recovery": 1.0,
        "mac_value": 0.21417196100096555,
        "damping_recovery": 1.0
      }
    ],
    "interpretation": "Fair - Partial Improvement",
    "interpretation_code": "FAIR",
    "confidence_level": "high"
  },
  "statistics": {
    "frequency_changes": {
      "original_to_damaged_percent": [
        -24.0,
        56.6,
        8.8,
        -3.5,
        -5.5
      ],
      "damaged_to_repaired_percent": [
        610.5,
        60.4,
        30.3,
        49.1,
        37.2
      ],
      "recovery_percent": [
        1933.3,
        -167.3,
        -376.3,
        1344.1,
        637.5
      ]
    },
    "average_stiffness_loss_percent": 6.46005158475892,
    "average_stiffness_recovery_percent": 674.2835778379149
  },
  "mode_mapping": {
    "damaged_to_original": null,
    "repaired_to_original": null
  },
  "mac_matrices": {
    "original_vs_damaged": [
      [
        0.8869467619990015,
        0.8840938056061199,
        0.5484309373160692,
        0.21386951466701434,
        0.27037129883980626
      ],
      [
        0.8290973375073037,
        0.9067843614874668,
        0.2505532707710974,
        0.031631529376893744,
        0.058123115246718246
      ],
      [
        0.6534116581202852,
        0.540110773948715,
        0.861581481230752,
        0.06417578843295615,
        0.07971898091793965
      ],
      [
        0.1842840911899678,
        0.13160665633139504,
        0.5407019462799207,
        0.8981614808269665,
        0.9145553476480051
      ],
      [
        0.017658027871212872,
        0.00686748259131258,
        0.21019726247431061,
        0.994285849448354,
        0.9806489892266522
      ]
    ],
    "original_vs_repaired": [
      [
        0.16525570669483322,
        0.09403497325176642,
        0.14648008248214872,
        0.24025456409062707,
        0.09321918201090838
      ],
      [
        0.04530106679198039,
        0.022085163524196424,
        0.10280711559813445,
        0.29400750407424364,
        0.023369491673489933
      ],
      [
        0.03288777453086657,
        0.018767846515566417,
        0.02069386208862263,
        0.03501233935811769,
        0.015234995049181856
      ],
      [
        0.40009676568661157,
        0.21563886101073124,
        0.10191597918863479,
        0.07589760081432355,
        0.21713340816829055
      ],
      [
        0.39918005826257263,
        0.20882430123441195,
        0.07924921067008532,
        0.04822025012675939,
        0.214171961000191
      ]
    ]
  },
  "recommendations": [
    "Further repair recommended",
    "Schedule follow-up inspection in 6 months",
    "Document repair in maintenance records",
    "Monitor vibration behavior periodically"
  ]
}