{
  "metadata": {
    "analysis_date": "2026-01-19T19:25:30",
    "program_version": "1.0",
    "structure_id": "7529395b-16c",
    "sampling_rate_hz": 100.0,
    "recording_duration_sec": null
  },
  "modal_parameters": {
    "original_state": {
      "natural_frequencies_hz": [
        2.1728515625,
        10.9130859375,
        15.234375,
        24.0234375,
        30.5908203125
      ],
      "mode_shapes": [
        [
          0.04275911428521305,
          0.012858971717373862,
          0.024710583083412035,
          1.0,
          0.06412626587310699,
          0.8025071267371552
        ],
        [
          0.08974367895750397,
          0.025060874953875135,
          0.05268166807030213,
          1.0,
          0.2117983756703664,
          0.7558042919575345
        ],
        [
          1.0,
          0.07731482557057054,
          0.37756942299056456,
          0.46990436669291324,
          0.127229983300904,
          0.8332901822569833
        ],
        [
          0.4130834098360953,
          0.0332549268675675,
          0.28537661495621525,
          0.9880829798043913,
          0.11129151063775833,
          1.0
        ],
        [
          1.0,
          0.06303533466468947,
          0.2940498214194266,
          0.008453155260133545,
          0.004560580201767734,
          0.004905318794992551
        ]
      ],
      "damping_ratios": [
        0.02,
        0.02,
        0.02,
        0.02,
        0.02
      ]
    },
    "damaged_state": {
      "natural_frequencies_hz": [
        2.1484375,
        11.23046875,
        22.94921875,
        30.3955078125,
        38.0615234375
      ],
      "mode_shapes": [
        [
          0.07471764096932323,
          0.01425056273454262,
          0.003908546061419599,
          1.0,
          0.09421605516545566,
          0.27541232651601355
        ],
        [
          0.047793618457203785,
          0.015023586085898,
          0.003774800840597658,
          1.0,
          0.1806358807614786,
          0.1345276310106612
        ],
        [
          1.0,
          0.059631975294678674,
          0.12142655389992166,
          0.10433399233969393,
          0.01138947603788098,
          0.13122273017878053
        ],
        [
          1.0,
          0.029924914912207272,
          0.18215610295719062,
          0.04636745645213473,
          0.01294082869031645,
          0.03339076094858915
        ],
        [
          1.0,
          0.036410420356846586,
          0.17403967321724786,
          0.32206135099857863,
          0.029615294086304565,
          0.4130462962006121
        ]
      ],
      "damping_ratios": [
        0.02,
        0.02,
        0.02,
        0.02,
        0.02
      ]
    },
    "repaired_state": {
      "natural_frequencies_hz": [
        2.44140625,
        7.2509765625,
        16.4306640625,
        23.5595703125,
        31.9091796875
      ],
      "mode_shapes": [
        [
          0.5227585225697282,
          0.10427300703958302,
          0.1522456297513572,
          1.0,
          0.09243524377816727,
          0.7617146478486998
        ],
        [
          0.10450160230579185,
          0.037863668686398066,
          0.05439420601649092,
          1.0,
          0.12451502951680514,
          0.42865712006036594
        ],
        [
          0.16038171290408987,
          0.0077895945270038775,
          0.14132692050101456,
          0.11941603664232384,
          0.09695887746988087,
          1.0
        ],
        [
          1.0,
          0.06022899113614736,
          0.39126023545552885,
          0.08985546547360135,
          0.04596776945615948,
          0.42117278215957643
        ],
        [
          1.0,
          0.0353546373346567,
          0.41942079457373505,
          0.01256874879389121,
          0.002783595587316954,
          0.007057268721943781
        ]
      ],
      "damping_ratios": [
        0.02,
        0.02,
        0.02,
        0.02,
        0.02
      ]
    }
  },
  "quality_assessment": {
    "overall_score": 0.9072060075860564,
    "breakdown": {
      "frequency_recovery": 0.9689873417721518,
      "mode_shape_match": 0.7423744556666017,
      "damping_recovery": 1.0
    },
    "per_mode_analysis": [
      {
        "mode": 1,
        "frequency_recovery": 1.0,
        "mac_value": 0.8642124575405382,
        "damping_recovery": 1.0
      },
      {
        "mode": 2,
        "frequency_recovery": 1.0,
        "mac_value": 0.9405527411662996,
        "damping_recovery": 1.0
      },
      {
        "mode": 3,
        "frequency_recovery": 0.8449367088607594,
        "mac_value": 0.5600199890727415,
        "damping_recovery": 1.0
      },
      {
        "mode": 4,
        "frequency_recovery": 1.0,
        "mac_value": 0.36014609626151245,
        "damping_recovery": 1.0
      },
      {
        "mode": 5,
        "frequency_recovery": 1.0,
        "mac_value": 0.9869409942919166,
        "damping_recovery": 1.0
      }
    ],
    "interpretation": "Very Good - Highly Effective Repair",
    "interpretation_code": "VERY_GOOD",
    "confidence_level": "high"
  },
  "statistics": {
    "frequency_changes": {
      "original_to_damaged_percent": [
        -1.1,
        2.9,
        50.6,
        26.5,
        24.4
      ],
      "damaged_to_repaired_percent": [
        13.6,
        -35.4,
        -28.4,
        -22.5,
        -16.2
      ],
      "recovery_percent": [
        1200.0,
        1253.8,
        84.5,
        107.3,
        82.4
      ]
    },
    "average_stiffness_loss_percent": 20.674297290286106,
    "average_stiffness_recovery_percent": 545.5944918790581
  },
  "mode_mapping": {
    "damaged_to_original": null,
    "repaired_to_original": null
  },
  "mac_matrices": {
    "original_vs_damaged": [
      [
        0.8411521350548039,
        0.7238994780311373,
        0.03820238025678672,
        0.008639226418629574,
        0.22907011690245455
      ],
      [
        0.8598614267449408,
        0.7645236958809992,
        0.054100270272779014,
        0.018019388103005858,
        0.2576977268227889
      ],
      [
        0.2742369154707382,
        0.19606236513140682,
        0.6729366725991435,
        0.5837413082962232,
        0.904340600466316
      ],
      [
        0.6981135213336312,
        0.5738350958239229,
        0.20016835572059413,
        0.12850099280838634,
        0.49030537410512115
      ],
      [
        0.006364202653902492,
        0.003112009183869472,
        0.9495876903177657,
        0.9856918795379263,
        0.7859561698229514
      ]
    ],
    "original_vs_repaired": [
      [
        0.8642124575379375,
        0.9202036787919827,
        0.49903193669826096,
        0.1055651666939114,
        0.002666455152967664
      ],
      [
        0.885247906781619,
        0.9405527411631182,
        0.48395310956368315,
        0.12828179859337208,
        0.008985299598482377
      ],
      [
        0.7368754046376296,
        0.37315797040090953,
        0.5600199890708814,
        0.8608370624671478,
        0.5620950915836649
      ],
      [
        0.9627162301746863,
        0.8159421722715733,
        0.6368165203043807,
        0.36014609626041016,
        0.1161663841923459
      ],
      [
        0.16647266144226355,
        0.01355766471150193,
        0.03737759505396487,
        0.8585290566271208,
        0.9869409942882069
      ]
    ]
  },
  "recommendations": [
    "Structure suitable for normal operating loads",
    "Schedule follow-up inspection in 6 months",
    "Document repair in maintenance records",
    "Monitor vibration behavior periodically"
  ]
}