{
  "metadata": {
    "analysis_date": "2026-01-15T21:47:52",
    "program_version": "1.0",
    "structure_id": "7c658561-42c",
    "sampling_rate_hz": 100.0,
    "recording_duration_sec": null
  },
  "modal_parameters": {
    "original_state": {
      "natural_frequencies_hz": [
        8.0078125,
        13.232421875,
        17.87109375,
        23.974609375,
        39.94140625
      ],
      "mode_shapes": [
        [
          0.7376418700018403,
          1.0,
          0.9638523945169942,
          0.23076619159504638,
          0.1295462257156221,
          0.08229158627024936
        ],
        [
          1.0,
          0.40307066841654604,
          0.7226322299925942,
          0.2437651218866151,
          0.4980783834932664,
          0.693652292681032
        ],
        [
          0.3323115891961724,
          0.17782608660615773,
          1.0,
          0.45409026351375575,
          0.18147596498315605,
          0.18186422126371962
        ],
        [
          0.7706157803013707,
          1.0,
          0.8809277586911614,
          0.13944993984740028,
          0.05335728581815384,
          0.09803236222579643
        ],
        [
          0.7932325172877068,
          0.7888056170616813,
          1.0,
          0.12525233774972228,
          0.25051776238272616,
          0.093134236576387
        ]
      ],
      "damping_ratios": [
        0.02,
        0.02,
        0.02,
        0.02,
        0.02
      ]
    },
    "damaged_state": {
      "natural_frequencies_hz": [
        7.91015625,
        15.869140625,
        23.828125,
        31.884765625,
        45.703125
      ],
      "mode_shapes": [
        [
          0.5339215442850719,
          1.0,
          0.6759146560904444,
          0.0423032266681948,
          0.022533779326892142,
          0.16837142771955535
        ],
        [
          0.7229868091092061,
          1.0,
          0.9854668514046145,
          0.07331650495435395,
          0.12604843912278793,
          0.18569475122132395
        ],
        [
          0.7858978467775909,
          1.0,
          0.7656045455691852,
          0.07161748111419332,
          0.06418550891773282,
          0.168267114036451
        ],
        [
          0.6678357579448247,
          0.821226175007908,
          1.0,
          0.30388583223115156,
          0.43881918162026257,
          0.22964326928475257
        ],
        [
          1.0,
          0.23201822110734413,
          0.9767927988710224,
          0.7233959107890019,
          0.9399523175665269,
          0.7685328445004191
        ]
      ],
      "damping_ratios": [
        0.02,
        0.02,
        0.02,
        0.02,
        0.02
      ]
    },
    "repaired_state": {
      "natural_frequencies_hz": [
        8.056640625,
        16.11328125,
        24.12109375,
        32.32421875,
        40.380859375
      ],
      "mode_shapes": [
        [
          0.6437344036148701,
          1.0,
          0.692290076963863,
          0.012839679722008552,
          0.01559462625846648,
          0.016199058998629556
        ],
        [
          0.6703791592109175,
          0.9641910470922923,
          1.0,
          0.11793252198719453,
          0.08007681041318354,
          0.07088291670431493
        ],
        [
          0.3494983470335312,
          0.6098928840801677,
          1.0,
          0.08566907992604986,
          0.21322731189943636,
          0.2900433037904294
        ],
        [
          0.8607954374677211,
          1.0,
          0.7605363589013497,
          0.17993000509071205,
          0.16711616236908886,
          0.2466986262845746
        ],
        [
          1.0,
          0.7939595568029492,
          0.7463695563740393,
          0.15508310600232755,
          0.23636212937129658,
          0.6126200956599704
        ]
      ],
      "damping_ratios": [
        0.02,
        0.02,
        0.02,
        0.02,
        0.02
      ]
    }
  },
  "quality_assessment": {
    "overall_score": 0.7992334747236343,
    "breakdown": {
      "frequency_recovery": 0.6955471564400874,
      "mode_shape_match": 0.8381996550119686,
      "damping_recovery": 1.0
    },
    "per_mode_analysis": [
      {
        "mode": 1,
        "frequency_recovery": 1.0,
        "mac_value": 0.9555571346995562,
        "damping_recovery": 1.0
      },
      {
        "mode": 2,
        "frequency_recovery": 0.0,
        "mac_value": 0.6066874993226982,
        "damping_recovery": 1.0
      },
      {
        "mode": 3,
        "frequency_recovery": 0.554006968641115,
        "mac_value": 0.7958771412552763,
        "damping_recovery": 1.0
      },
      {
        "mode": 4,
        "frequency_recovery": 1.0,
        "mac_value": 0.975716964940616,
        "damping_recovery": 1.0
      },
      {
        "mode": 5,
        "frequency_recovery": 0.923728813559322,
        "mac_value": 0.8571595348416959,
        "damping_recovery": 1.0
      }
    ],
    "interpretation": "Good - Acceptable Repair",
    "interpretation_code": "GOOD",
    "confidence_level": "high"
  },
  "statistics": {
    "frequency_changes": {
      "original_to_damaged_percent": [
        -1.2,
        19.9,
        33.3,
        33.0,
        14.4
      ],
      "damaged_to_repaired_percent": [
        1.9,
        1.5,
        1.2,
        1.4,
        -11.6
      ],
      "recovery_percent": [
        150.0,
        -9.3,
        -4.9,
        -5.6,
        92.4
      ]
    },
    "average_stiffness_loss_percent": 19.891867658686248,
    "average_stiffness_recovery_percent": 44.52800675084643
  },
  "mode_mapping": {
    "damaged_to_original": null,
    "repaired_to_original": null
  },
  "mac_matrices": {
    "original_vs_damaged": [
      [
        0.9497011050077365,
        0.9858620537725123,
        0.9714798825257058,
        0.937110337880778,
        0.5014501606704695
      ],
      [
        0.5577665012581887,
        0.6649033742057953,
        0.6569513711962943,
        0.7769847235797299,
        0.8945935658741736
      ],
      [
        0.4696732000647187,
        0.6185892085901702,
        0.5163569960769145,
        0.7618037493532566,
        0.6985214710998452
      ],
      [
        0.9684134116309797,
        0.9885834397359963,
        0.9912218832898527,
        0.9000222597845997,
        0.45383613597461797
      ],
      [
        0.8845557988007358,
        0.970751882290419,
        0.9390190676963126,
        0.9581997593215358,
        0.5899298874660793
      ]
    ],
    "original_vs_repaired": [
      [
        0.9555571346969706,
        0.9918246697081698,
        0.870552836228279,
        0.9656929308605038,
        0.8320020071753081
      ],
      [
        0.5255645815517478,
        0.6066874993211439,
        0.6717958524572865,
        0.7387313517193028,
        0.9107601143830183
      ],
      [
        0.4480778796580428,
        0.639981995376583,
        0.7958771412526913,
        0.5527994746218626,
        0.558371473599943
      ],
      [
        0.978661740345626,
        0.9886218113123691,
        0.8380512558892709,
        0.975716964938108,
        0.8453552666611108
      ],
      [
        0.9018082144398154,
        0.9686235885089649,
        0.896779077894777,
        0.9426835838541445,
        0.8571595348395199
      ]
    ]
  },
  "recommendations": [
    "Structure suitable for normal operating loads",
    "Schedule follow-up inspection in 6 months",
    "Document repair in maintenance records",
    "Monitor vibration behavior periodically"
  ]
}