{
  "metadata": {
    "analysis_date": "2026-01-17T16:33:04",
    "program_version": "1.0",
    "structure_id": "7e0dc0cd-ef4",
    "sampling_rate_hz": 100.0,
    "recording_duration_sec": null
  },
  "modal_parameters": {
    "original_state": {
      "natural_frequencies_hz": [
        13.18359375,
        18.212890625,
        23.291015625,
        33.88671875,
        41.357421875
      ],
      "mode_shapes": [
        [
          0.7980773549855884,
          1.0,
          0.12616057099490596,
          0.12698370058823624,
          0.20692829313773908,
          0.05158436514782366
        ],
        [
          0.4661667997278246,
          1.0,
          0.12496904283435768,
          0.06526871381678989,
          0.022204479900325667,
          0.047503131127116155
        ],
        [
          0.23195417742320187,
          1.0,
          0.11660046074634844,
          0.2729225650788159,
          0.19021645779182725,
          0.04745224499461143
        ],
        [
          0.2503654761977683,
          0.10047669294156211,
          0.012219021711147842,
          0.5262755345226909,
          1.0,
          0.02032599421486494
        ],
        [
          0.4930914838430129,
          1.0,
          0.09254873562230576,
          0.06760119511014892,
          0.1329147667102057,
          0.022208469324526147
        ]
      ],
      "damping_ratios": [
        0.02,
        0.02,
        0.02,
        0.02,
        0.02
      ]
    },
    "damaged_state": {
      "natural_frequencies_hz": [
        18.115234375,
        24.0234375,
        29.443359375,
        34.033203125,
        40.625
      ],
      "mode_shapes": [
        [
          0.08379421233517304,
          0.09027205259865556,
          0.01913759784626269,
          0.22360130057779853,
          1.0,
          0.054199260445117955
        ],
        [
          0.5656064780315623,
          0.7921673474240145,
          0.10201540580304258,
          0.0666219840034774,
          1.0,
          0.07231055946504937
        ],
        [
          0.12826815685425658,
          0.2852014693368968,
          0.020280524022166083,
          0.11946916103048937,
          1.0,
          0.10080491483233123
        ],
        [
          0.1994996877644639,
          0.05374216479212008,
          0.04191583332520873,
          0.1184080387256467,
          1.0,
          0.09545878002652611
        ],
        [
          0.026539574576864983,
          0.291590780712696,
          0.07088942955571242,
          0.130791025870817,
          1.0,
          0.06771326921343578
        ]
      ],
      "damping_ratios": [
        0.02,
        0.02,
        0.02,
        0.02,
        0.02
      ]
    },
    "repaired_state": {
      "natural_frequencies_hz": [
        2.978515625,
        13.76953125,
        26.513671875,
        30.76171875,
        36.328125
      ],
      "mode_shapes": [
        [
          0.7231429328164964,
          0.6130696248708093,
          0.16612857780136928,
          0.3018063562961195,
          1.0,
          0.13449134726723688
        ],
        [
          0.5737537211362063,
          1.0,
          0.06915939007944912,
          0.035117819340462895,
          0.20396892907525924,
          0.03331194976884772
        ],
        [
          0.37174624740770534,
          1.0,
          0.08270021115639237,
          0.13933489219860973,
          0.3034389325814175,
          0.015206973494522578
        ],
        [
          0.09762292826939606,
          0.1838440449930226,
          0.02445556351366873,
          0.12354081060816688,
          1.0,
          0.04518464159526549
        ],
        [
          0.08114194983688522,
          0.14899981800141832,
          0.023243922583029215,
          0.13723256231014921,
          1.0,
          0.03660551830015168
        ]
      ],
      "damping_ratios": [
        0.02,
        0.02,
        0.02,
        0.02,
        0.02
      ]
    }
  },
  "quality_assessment": {
    "overall_score": 0.6564011604475344,
    "breakdown": {
      "frequency_recovery": 0.49523809523809526,
      "mode_shape_match": 0.6959403760949556,
      "damping_recovery": 1.0
    },
    "per_mode_analysis": [
      {
        "mode": 1,
        "frequency_recovery": 1.0,
        "mac_value": 0.6135965729460864,
        "damping_recovery": 1.0
      },
      {
        "mode": 2,
        "frequency_recovery": 0.0,
        "mac_value": 0.9657193012535616,
        "damping_recovery": 1.0
      },
      {
        "mode": 3,
        "frequency_recovery": 0.47619047619047616,
        "mac_value": 0.9584060686189143,
        "damping_recovery": 1.0
      },
      {
        "mode": 4,
        "frequency_recovery": 1.0,
        "mac_value": 0.8584915338822314,
        "damping_recovery": 1.0
      },
      {
        "mode": 5,
        "frequency_recovery": 0.0,
        "mac_value": 0.08348840377398463,
        "damping_recovery": 1.0
      }
    ],
    "interpretation": "Fair - Partial Improvement",
    "interpretation_code": "FAIR",
    "confidence_level": "high"
  },
  "statistics": {
    "frequency_changes": {
      "original_to_damaged_percent": [
        37.4,
        31.9,
        26.4,
        0.4,
        -1.8
      ],
      "damaged_to_repaired_percent": [
        -83.6,
        -42.7,
        -10.0,
        -9.6,
        -10.6
      ],
      "recovery_percent": [
        306.9,
        176.5,
        47.6,
        2233.3,
        -586.7
      ]
    },
    "average_stiffness_loss_percent": 18.877461468474277,
    "average_stiffness_recovery_percent": 435.53739911806304
  },
  "mode_mapping": {
    "damaged_to_original": null,
    "repaired_to_original": null
  },
  "mac_matrices": {
    "original_vs_damaged": [
      [
        0.08633297482634535,
        0.6454573553082835,
        0.19806446445159678,
        0.10825772922646142,
        0.15788346084814764
      ],
      [
        0.02209692712762518,
        0.4946957523726612,
        0.10500647346577886,
        0.026261237323029322,
        0.08718206189257596
      ],
      [
        0.10607568808341739,
        0.5665990116749294,
        0.2240953720038414,
        0.08745610143697267,
        0.218098641950997
      ],
      [
        0.9151461761219544,
        0.5966060799480827,
        0.836293091655536,
        0.8703489259803576,
        0.815825635084578
      ],
      [
        0.05864761258351573,
        0.5931287307072721,
        0.17026124292366943,
        0.06572327786545547,
        0.145702794510946
      ]
    ],
    "original_vs_repaired": [
      [
        0.6135965729442883,
        0.9715864135983515,
        0.8946303626011496,
        0.13184985984693226,
        0.10903584451826813
      ],
      [
        0.4115830619776665,
        0.9657193012501815,
        0.9243694962286091,
        0.0532968518769057,
        0.0380879940388816
      ],
      [
        0.4847022128232208,
        0.8723302270232103,
        0.9584060686154402,
        0.15135680168622,
        0.12912359945191695
      ],
      [
        0.7194581013176158,
        0.11776478621473313,
        0.19255566079568587,
        0.8584915338790872,
        0.8671331892818047
      ],
      [
        0.5021299174636675,
        0.9915203416421198,
        0.9616311533780828,
        0.1048178892830856,
        0.08348840377367367
      ]
    ]
  },
  "recommendations": [
    "Further repair recommended",
    "Schedule follow-up inspection in 6 months",
    "Document repair in maintenance records",
    "Monitor vibration behavior periodically"
  ]
}