{
  "metadata": {
    "analysis_date": "2026-01-17T18:46:49",
    "program_version": "1.0",
    "structure_id": "7eb7789e-fdf",
    "sampling_rate_hz": 100.0,
    "recording_duration_sec": null
  },
  "modal_parameters": {
    "original_state": {
      "natural_frequencies_hz": [
        13.18359375,
        18.212890625,
        23.291015625,
        33.88671875,
        41.357421875
      ],
      "mode_shapes": [
        [
          0.7980773549855884,
          1.0,
          0.12616057099490596,
          0.12698370058823624,
          0.20692829313773908,
          0.05158436514782366
        ],
        [
          0.4661667997278246,
          1.0,
          0.12496904283435768,
          0.06526871381678989,
          0.022204479900325667,
          0.047503131127116155
        ],
        [
          0.23195417742320187,
          1.0,
          0.11660046074634844,
          0.2729225650788159,
          0.19021645779182725,
          0.04745224499461143
        ],
        [
          0.2503654761977683,
          0.10047669294156211,
          0.012219021711147842,
          0.5262755345226909,
          1.0,
          0.02032599421486494
        ],
        [
          0.4930914838430129,
          1.0,
          0.09254873562230576,
          0.06760119511014892,
          0.1329147667102057,
          0.022208469324526147
        ]
      ],
      "damping_ratios": [
        0.02,
        0.02,
        0.02,
        0.02,
        0.02
      ]
    },
    "damaged_state": {
      "natural_frequencies_hz": [
        1.953125,
        14.501953125,
        21.484375,
        38.623046875,
        45.263671875
      ],
      "mode_shapes": [
        [
          0.6685228331888147,
          0.8474998791232325,
          0.707563901405021,
          1.0,
          0.32290460585355474,
          0.8191359040420961
        ],
        [
          0.9325357888351589,
          0.4957225056059473,
          0.5713421866710828,
          1.0,
          0.5770001702077092,
          0.7266809778719349
        ],
        [
          0.6189163629661547,
          0.5786905545585994,
          1.0,
          0.6152165437242397,
          0.3607976236956082,
          0.6698290752085723
        ],
        [
          1.0,
          0.9671550924666573,
          0.49166552132738156,
          0.5449558025422505,
          0.4151495513413179,
          0.6295618822327149
        ],
        [
          0.3758017075402482,
          0.5994794029483409,
          1.0,
          0.1904964417361705,
          0.749639405842455,
          0.4435667705704612
        ]
      ],
      "damping_ratios": [
        0.02,
        0.02,
        0.02,
        0.02,
        0.02
      ]
    },
    "repaired_state": {
      "natural_frequencies_hz": [
        1.953125,
        6.0546875,
        14.501953125,
        21.484375,
        45.263671875
      ],
      "mode_shapes": [
        [
          0.6685079280411105,
          0.8475112808553621,
          0.7075692217658676,
          1.0,
          0.32290439000548493,
          0.8191380638693234
        ],
        [
          0.19006001915669474,
          1.0,
          0.4347386003328354,
          0.31639593354644,
          0.27782125213590136,
          0.12348047871630369
        ],
        [
          0.9325353953025443,
          0.4957225129373495,
          0.5713420927795241,
          1.0,
          0.5770005739170276,
          0.7266820550047773
        ],
        [
          0.6189162858441896,
          0.5786905176171772,
          1.0,
          0.6152164909888799,
          0.3607976595847719,
          0.6698291178731131
        ],
        [
          0.3758017046973065,
          0.5994794033137776,
          1.0,
          0.190496441653542,
          0.7496394065227011,
          0.44356677221754226
        ]
      ],
      "damping_ratios": [
        0.02,
        0.02,
        0.02,
        0.02,
        0.02
      ]
    }
  },
  "quality_assessment": {
    "overall_score": 0.4472585500825743,
    "breakdown": {
      "frequency_recovery": 0.2,
      "mode_shape_match": 0.4908618336085809,
      "damping_recovery": 1.0
    },
    "per_mode_analysis": [
      {
        "mode": 1,
        "frequency_recovery": 0.0,
        "mac_value": 0.49353633324458557,
        "damping_recovery": 1.0
      },
      {
        "mode": 2,
        "frequency_recovery": 0.0,
        "mac_value": 0.7862443987316626,
        "damping_recovery": 1.0
      },
      {
        "mode": 3,
        "frequency_recovery": 0.0,
        "mac_value": 0.38820584880999476,
        "damping_recovery": 1.0
      },
      {
        "mode": 4,
        "frequency_recovery": 1.0,
        "mac_value": 0.44471687865737863,
        "damping_recovery": 1.0
      },
      {
        "mode": 5,
        "frequency_recovery": -0.0,
        "mac_value": 0.3416057085992826,
        "damping_recovery": 1.0
      }
    ],
    "interpretation": "Poor - Minimal Improvement",
    "interpretation_code": "POOR",
    "confidence_level": "high"
  },
  "statistics": {
    "frequency_changes": {
      "original_to_damaged_percent": [
        -85.2,
        -20.4,
        -7.8,
        14.0,
        9.4
      ],
      "damaged_to_repaired_percent": [
        0.0,
        -58.2,
        -32.5,
        -44.4,
        0.0
      ],
      "recovery_percent": [
        0.0,
        -227.6,
        -386.5,
        361.9,
        -0.0
      ]
    },
    "average_stiffness_loss_percent": -17.979057624774267,
    "average_stiffness_recovery_percent": -50.45247906615242
  },
  "mode_mapping": {
    "damaged_to_original": null,
    "repaired_to_original": null
  },
  "mac_matrices": {
    "original_vs_damaged": [
      [
        0.4935376728832993,
        0.4497891079726056,
        0.41890318638602314,
        0.7781886768322362,
        0.38300083255623324
      ],
      [
        0.4328040360964879,
        0.3032720769979619,
        0.34653917566313,
        0.6528689924449566,
        0.3169226766550504
      ],
      [
        0.5235881862108324,
        0.3668104787322709,
        0.3882058737240132,
        0.6382419939583578,
        0.3831344556931731
      ],
      [
        0.2733534918759221,
        0.444716833570143,
        0.23608989022892415,
        0.2777632971000171,
        0.3392340580877301
      ],
      [
        0.42882272180272607,
        0.32458172016650305,
        0.342640314342865,
        0.6698924603868877,
        0.34160570933529166
      ]
    ],
    "original_vs_repaired": [
      [
        0.4935363332432995,
        0.7066770783646026,
        0.44978884374090616,
        0.41890314742583823,
        0.38300083137765345
      ],
      [
        0.4328060600003094,
        0.7862443987289298,
        0.30327189753866196,
        0.3465391436940579,
        0.31692267596951024
      ],
      [
        0.5235928094970512,
        0.9186609624075752,
        0.36681036600194755,
        0.38820584880880527,
        0.38313445548586694
      ],
      [
        0.27335136525014525,
        0.18819610058773117,
        0.44471687865612375,
        0.23608989365651672,
        0.3392340579735695
      ],
      [
        0.42882428929485666,
        0.7904116377756464,
        0.3245815370578029,
        0.3426402835511986,
        0.3416057085982263
      ]
    ]
  },
  "recommendations": [
    "Further repair recommended",
    "Schedule follow-up inspection in 6 months",
    "Document repair in maintenance records",
    "Monitor vibration behavior periodically"
  ]
}