{
  "metadata": {
    "analysis_date": "2026-01-27T12:50:20",
    "program_version": "1.0",
    "structure_id": "7f530dfa-448",
    "sampling_rate_hz": 100.0,
    "recording_duration_sec": null
  },
  "modal_parameters": {
    "original_state": {
      "natural_frequencies_hz": [
        2.44140625,
        7.2509765625,
        16.4306640625,
        23.5595703125,
        31.9091796875
      ],
      "mode_shapes": [
        [
          0.5227585225697282,
          0.10427300703958302,
          0.1522456297513572,
          1.0,
          0.09243524377816727,
          0.7617146478486998
        ],
        [
          0.10450160230579185,
          0.037863668686398066,
          0.05439420601649092,
          1.0,
          0.12451502951680514,
          0.42865712006036594
        ],
        [
          0.16038171290408987,
          0.0077895945270038775,
          0.14132692050101456,
          0.11941603664232384,
          0.09695887746988087,
          1.0
        ],
        [
          1.0,
          0.06022899113614736,
          0.39126023545552885,
          0.08985546547360135,
          0.04596776945615948,
          0.42117278215957643
        ],
        [
          1.0,
          0.0353546373346567,
          0.41942079457373505,
          0.01256874879389121,
          0.002783595587316954,
          0.007057268721943781
        ]
      ],
      "damping_ratios": [
        0.02,
        0.02,
        0.02,
        0.02,
        0.02
      ]
    },
    "damaged_state": {
      "natural_frequencies_hz": [
        1.7578125,
        11.5234375,
        20.556640625,
        24.7802734375,
        30.17578125
      ],
      "mode_shapes": [
        [
          0.051543122394409294,
          0.0031257607541986194,
          0.020053602401837078,
          0.29349614938699353,
          0.0634309925040736,
          1.0
        ],
        [
          0.021688520418949156,
          0.010099148124425451,
          0.005975715921510341,
          0.4338822468136784,
          0.022153550032767835,
          1.0
        ],
        [
          0.05488360756987664,
          0.015434580599695245,
          0.02505974571183473,
          0.11243274750742568,
          0.06432502882111052,
          1.0
        ],
        [
          0.055498609776251026,
          0.007001650626928758,
          0.04241981085308986,
          0.46311189817998,
          0.029880495993534366,
          1.0
        ],
        [
          1.0,
          0.1427077611830888,
          0.2846068563285189,
          0.08476173826805,
          0.008310265459292705,
          0.14672905660993385
        ]
      ],
      "damping_ratios": [
        0.02,
        0.02,
        0.02,
        0.02,
        0.02
      ]
    },
    "repaired_state": {
      "natural_frequencies_hz": [
        1.66015625,
        11.2548828125,
        22.4365234375,
        30.2001953125,
        37.5732421875
      ],
      "mode_shapes": [
        [
          0.21896916061510988,
          0.018982680480858733,
          0.06013749898295219,
          1.0,
          0.13470253332924567,
          0.41464373256710774
        ],
        [
          0.24326439750192325,
          0.0218917095033802,
          0.07675899195947945,
          0.4115227525649054,
          0.2642498331601684,
          1.0
        ],
        [
          1.0,
          0.07131188138111352,
          0.21620607586929388,
          0.03226735322868361,
          0.022839836518027987,
          0.05061412549595321
        ],
        [
          1.0,
          0.10324308240611081,
          0.2910808012060392,
          0.35720082090587296,
          0.05524916655487613,
          0.2642941056887793
        ],
        [
          1.0,
          0.07123840725826418,
          0.3003918789353809,
          0.7044593879451836,
          0.14228095076686623,
          0.6514208691246208
        ]
      ],
      "damping_ratios": [
        0.02,
        0.02,
        0.02,
        0.02,
        0.02
      ]
    }
  },
  "quality_assessment": {
    "overall_score": 0.5203530918494814,
    "breakdown": {
      "frequency_recovery": 0.21538832997987928,
      "mode_shape_match": 0.7088630895318058,
      "damping_recovery": 1.0
    },
    "per_mode_analysis": [
      {
        "mode": 1,
        "frequency_recovery": 0.0,
        "mac_value": 0.8976100267082796,
        "damping_recovery": 1.0
      },
      {
        "mode": 2,
        "frequency_recovery": 0.06285714285714286,
        "mac_value": 0.515138896119166,
        "damping_recovery": 1.0
      },
      {
        "mode": 3,
        "frequency_recovery": 0.0,
        "mac_value": 0.416849484176551,
        "damping_recovery": 1.0
      },
      {
        "mode": 4,
        "frequency_recovery": 1.0,
        "mac_value": 0.8744878993023795,
        "damping_recovery": 1.0
      },
      {
        "mode": 5,
        "frequency_recovery": 0.014084507042253521,
        "mac_value": 0.8402291413526527,
        "damping_recovery": 1.0
      }
    ],
    "interpretation": "Fair - Partial Improvement",
    "interpretation_code": "FAIR",
    "confidence_level": "high"
  },
  "statistics": {
    "frequency_changes": {
      "original_to_damaged_percent": [
        -28.0,
        58.9,
        25.1,
        5.2,
        -5.4
      ],
      "damaged_to_repaired_percent": [
        -5.6,
        -2.3,
        9.1,
        21.9,
        24.5
      ],
      "recovery_percent": [
        -14.3,
        6.3,
        -45.6,
        -444.0,
        426.8
      ]
    },
    "average_stiffness_loss_percent": 11.156611939736427,
    "average_stiffness_recovery_percent": -14.160313359446628
  },
  "mode_mapping": {
    "damaged_to_original": null,
    "repaired_to_original": null
  },
  "mac_matrices": {
    "original_vs_damaged": [
      [
        0.5746410685742694,
        0.6502516078443151,
        0.43187082853407255,
        0.6902840041756473,
        0.2826583659875367
      ],
      [
        0.40868242518004516,
        0.521891602762946,
        0.2500751014862918,
        0.5512126737987986,
        0.05472617178385926
      ],
      [
        0.9471936724723052,
        0.88066480718167,
        0.9759764666211449,
        0.8824897765263942,
        0.10685796607064402
      ],
      [
        0.17701160530430154,
        0.14761668393666574,
        0.18209947411540095,
        0.17557789606100002,
        0.931712237561343
      ],
      [
        0.003915001017581066,
        0.000984208824220423,
        0.004629745567830701,
        0.0052076540330496385,
        0.9537629550117579
      ]
    ],
    "original_vs_repaired": [
      [
        0.8976100267053653,
        0.7245278372155872,
        0.2020553774631353,
        0.5302756432752721,
        0.8296671005908207
      ],
      [
        0.9889257911245753,
        0.5151388961173292,
        0.02408912263639134,
        0.2299597709541041,
        0.5117207372588134
      ],
      [
        0.26286873928894683,
        0.9067375143950825,
        0.054540956442253374,
        0.19110716704460076,
        0.41684948417516027
      ],
      [
        0.15843979158821683,
        0.31637316150884814,
        0.8744878992991688,
        0.9201284330815663,
        0.7851932274102242
      ],
      [
        0.04648952044387958,
        0.05444447816059493,
        0.9627105422121033,
        0.8402291413496272,
        0.5443444949547815
      ]
    ]
  },
  "recommendations": [
    "Further repair recommended",
    "Schedule follow-up inspection in 6 months",
    "Document repair in maintenance records",
    "Monitor vibration behavior periodically"
  ]
}