{
  "metadata": {
    "analysis_date": "2026-01-18T16:09:03",
    "program_version": "1.0",
    "structure_id": "7fce2846-095",
    "sampling_rate_hz": 100.0,
    "recording_duration_sec": null
  },
  "modal_parameters": {
    "original_state": {
      "natural_frequencies_hz": [
        7.4951171875,
        14.892578125,
        20.947265625,
        28.1005859375,
        43.0908203125
      ],
      "mode_shapes": [
        [
          0.35422305471546345,
          1.0,
          0.20835433714405313,
          0.028478502876734726,
          0.03167622540244718,
          0.0237056038109704
        ],
        [
          1.0,
          0.42862741239415464,
          0.39441314960028057,
          0.6372609927820855,
          0.2727834556754725,
          0.8952123707098313
        ],
        [
          1.0,
          0.24249262462770893,
          0.18449640355991975,
          0.20870281209855482,
          0.34076225843885566,
          0.30420957840829427
        ],
        [
          0.5464371562608262,
          1.0,
          0.3716315104219079,
          0.6109562224201468,
          0.027189314509014757,
          0.1303200687167111
        ],
        [
          0.5757877954844808,
          0.9767109262670789,
          0.33815623873316497,
          0.39747168025881724,
          0.8099899782145901,
          1.0
        ]
      ],
      "damping_ratios": [
        0.02,
        0.02,
        0.02,
        0.02,
        0.02
      ]
    },
    "damaged_state": {
      "natural_frequencies_hz": [
        1.7822265625,
        6.8115234375,
        11.1328125,
        15.3076171875,
        23.4375
      ],
      "mode_shapes": [
        [
          0.10576283970063104,
          0.024940606994831707,
          0.04516134312988563,
          0.2769637439889973,
          0.013423523762051122,
          1.0
        ],
        [
          0.045292205184467284,
          0.0092527854717683,
          0.017838043073015567,
          0.04035633373795934,
          0.019827043387895083,
          1.0
        ],
        [
          0.0683852134586133,
          0.03668490070162691,
          0.02934905756508316,
          0.3735563763340874,
          0.046544923183723365,
          1.0
        ],
        [
          0.22678686325496705,
          0.019677256757061497,
          0.08159867200599304,
          0.1075159680486553,
          0.0276913283247418,
          1.0
        ],
        [
          0.16475361771356065,
          0.025360903467666975,
          0.07796459001722307,
          0.1589660943732931,
          0.025342121430181674,
          1.0
        ]
      ],
      "damping_ratios": [
        0.02,
        0.02,
        0.02,
        0.02,
        0.02
      ]
    },
    "repaired_state": {
      "natural_frequencies_hz": [
        1.318359375,
        5.322265625,
        9.8876953125,
        22.607421875,
        30.224609375
      ],
      "mode_shapes": [
        [
          0.01907157242447601,
          0.005380537386006096,
          0.009296344606680676,
          0.4681490583525573,
          0.01318037951826202,
          1.0
        ],
        [
          0.02282319205298187,
          0.003163444228394876,
          0.009573461389721542,
          0.057851531310879695,
          0.028057080994598176,
          1.0
        ],
        [
          0.0549900050433929,
          0.02298377518407288,
          0.02411769368684701,
          0.09430474606259327,
          0.044260598702278164,
          1.0
        ],
        [
          1.0,
          0.023201692389533745,
          0.3273411387322702,
          0.06028085627595075,
          0.03147189754474753,
          0.2589093181168118
        ],
        [
          1.0,
          0.05300369725573134,
          0.34591745471350094,
          0.003821082200761888,
          0.0048048792671126625,
          0.05129462115563497
        ]
      ],
      "damping_ratios": [
        0.02,
        0.02,
        0.02,
        0.02,
        0.02
      ]
    }
  },
  "quality_assessment": {
    "overall_score": 0.5192920318443575,
    "breakdown": {
      "frequency_recovery": 0.4,
      "mode_shape_match": 0.39764010614785816,
      "damping_recovery": 1.0
    },
    "per_mode_analysis": [
      {
        "mode": 1,
        "frequency_recovery": 0.0,
        "mac_value": 0.0013247629680885316,
        "damping_recovery": 1.0
      },
      {
        "mode": 2,
        "frequency_recovery": 0.0,
        "mac_value": 0.46717477017076964,
        "damping_recovery": 1.0
      },
      {
        "mode": 3,
        "frequency_recovery": 1.0,
        "mac_value": 0.8601347169731105,
        "damping_recovery": 1.0
      },
      {
        "mode": 4,
        "frequency_recovery": 1.0,
        "mac_value": 0.2642387325069442,
        "damping_recovery": 1.0
      },
      {
        "mode": 5,
        "frequency_recovery": 0.0,
        "mac_value": 0.395327548120378,
        "damping_recovery": 1.0
      }
    ],
    "interpretation": "Fair - Partial Improvement",
    "interpretation_code": "FAIR",
    "confidence_level": "high"
  },
  "statistics": {
    "frequency_changes": {
      "original_to_damaged_percent": [
        -76.2,
        -54.3,
        -46.9,
        -45.5,
        -45.6
      ],
      "damaged_to_repaired_percent": [
        -26.0,
        -21.9,
        -11.2,
        47.7,
        29.0
      ],
      "recovery_percent": [
        -8.1,
        -18.4,
        -12.7,
        57.1,
        34.5
      ]
    },
    "average_stiffness_loss_percent": -53.69432706986233,
    "average_stiffness_recovery_percent": 10.47200037759761
  },
  "mode_mapping": {
    "damaged_to_original": null,
    "repaired_to_original": null
  },
  "mac_matrices": {
    "original_vs_damaged": [
      [
        0.0084389744725275,
        0.002524257674024066,
        0.007861741976411402,
        0.01668444227208524,
        0.013406383335393745
      ],
      [
        0.5117883741876319,
        0.36672597514529476,
        0.5120699188597319,
        0.5466538531651278,
        0.5268825070511687
      ],
      [
        0.1614782646199196,
        0.1014441397797446,
        0.14958599961371408,
        0.23574072873239987,
        0.1980333953964079
      ],
      [
        0.08002476726226838,
        0.020956433599978022,
        0.09423352199061966,
        0.07021043214911094,
        0.07163377327816901
      ],
      [
        0.42562132333744257,
        0.3568011899933741,
        0.4378261895580898,
        0.44863043533397096,
        0.4439721701741015
      ]
    ],
    "original_vs_repaired": [
      [
        0.0018584209422695072,
        0.0013247629680834395,
        0.00476710042114497,
        0.14953098381169042,
        0.17539942871772046
      ],
      [
        0.46717477016934633,
        0.3555568637198804,
        0.40790151873864117,
        0.6502889438291798,
        0.49546899551323487
      ],
      [
        0.11190720294458413,
        0.09126579138292576,
        0.11954512817056889,
        0.860134716970043,
        0.7918681730328982
      ],
      [
        0.08524777401177988,
        0.018762338585071387,
        0.03399775844750182,
        0.26988500193844456,
        0.2642387325060552
      ],
      [
        0.37725313942216354,
        0.35136471851712164,
        0.3953275481191522,
        0.2731459719408026,
        0.17753415745098358
      ]
    ]
  },
  "recommendations": [
    "Further repair recommended",
    "Schedule follow-up inspection in 6 months",
    "Document repair in maintenance records",
    "Monitor vibration behavior periodically"
  ]
}