{
  "metadata": {
    "analysis_date": "2026-01-19T13:17:07",
    "program_version": "1.0",
    "structure_id": "8de3da24-bad",
    "sampling_rate_hz": 100.0,
    "recording_duration_sec": null
  },
  "modal_parameters": {
    "original_state": {
      "natural_frequencies_hz": [
        1.953125,
        7.470703125,
        14.501953125,
        21.484375,
        45.263671875
      ],
      "mode_shapes": [
        [
          0.6685158291382846,
          0.8477196465229979,
          0.7076493034235478,
          1.0,
          0.3228989030854413,
          0.8192102953834722
        ],
        [
          1.0,
          0.42109330196656936,
          0.5267244795054644,
          0.4264699301314432,
          0.47230259880629166,
          0.685877624030604
        ],
        [
          0.9325357362763005,
          0.4957228400348669,
          0.5713420764056991,
          1.0,
          0.5769998576204042,
          0.7266805172043013
        ],
        [
          0.6189162239913116,
          0.5786905273085443,
          1.0,
          0.615216420899807,
          0.3607975979607237,
          0.6698290549031986
        ],
        [
          0.3758017020912605,
          0.5994794012196992,
          1.0,
          0.19049644842396293,
          0.74963940559621,
          0.443566771413181
        ]
      ],
      "damping_ratios": [
        0.02,
        0.02,
        0.02,
        0.02,
        0.02
      ]
    },
    "damaged_state": {
      "natural_frequencies_hz": [
        1.953125,
        7.470703125,
        14.501953125,
        21.484375,
        45.263671875
      ],
      "mode_shapes": [
        [
          0.6685158291382846,
          0.8477196465229979,
          0.7076493034235478,
          1.0,
          0.3228989030854413,
          0.8192102953834722
        ],
        [
          1.0,
          0.42109330196656936,
          0.5267244795054644,
          0.4264699301314432,
          0.47230259880629166,
          0.685877624030604
        ],
        [
          0.9325357362763005,
          0.4957228400348669,
          0.5713420764056991,
          1.0,
          0.5769998576204042,
          0.7266805172043013
        ],
        [
          0.6189162239913116,
          0.5786905273085443,
          1.0,
          0.615216420899807,
          0.3607975979607237,
          0.6698290549031986
        ],
        [
          0.3758017020912605,
          0.5994794012196992,
          1.0,
          0.19049644842396293,
          0.74963940559621,
          0.443566771413181
        ]
      ],
      "damping_ratios": [
        0.02,
        0.02,
        0.02,
        0.02,
        0.02
      ]
    },
    "repaired_state": {
      "natural_frequencies_hz": [
        1.953125,
        7.470703125,
        14.501953125,
        21.484375,
        45.263671875
      ],
      "mode_shapes": [
        [
          0.6685158291382846,
          0.8477196465229979,
          0.7076493034235478,
          1.0,
          0.3228989030854413,
          0.8192102953834722
        ],
        [
          1.0,
          0.42109330196656936,
          0.5267244795054644,
          0.4264699301314432,
          0.47230259880629166,
          0.685877624030604
        ],
        [
          0.9325357362763005,
          0.4957228400348669,
          0.5713420764056991,
          1.0,
          0.5769998576204042,
          0.7266805172043013
        ],
        [
          0.6189162239913116,
          0.5786905273085443,
          1.0,
          0.615216420899807,
          0.3607975979607237,
          0.6698290549031986
        ],
        [
          0.3758017020912605,
          0.5994794012196992,
          1.0,
          0.19049644842396293,
          0.74963940559621,
          0.443566771413181
        ]
      ],
      "damping_ratios": [
        0.02,
        0.02,
        0.02,
        0.02,
        0.02
      ]
    }
  },
  "quality_assessment": {
    "overall_score": 0.5,
    "breakdown": {
      "frequency_recovery": 0.0,
      "mode_shape_match": 1.0,
      "damping_recovery": 1.0
    },
    "per_mode_analysis": [
      {
        "mode": 1,
        "frequency_recovery": 0.0,
        "mac_value": 1.0,
        "damping_recovery": 1.0
      },
      {
        "mode": 2,
        "frequency_recovery": 0.0,
        "mac_value": 1.0,
        "damping_recovery": 1.0
      },
      {
        "mode": 3,
        "frequency_recovery": 0.0,
        "mac_value": 1.0,
        "damping_recovery": 1.0
      },
      {
        "mode": 4,
        "frequency_recovery": 0.0,
        "mac_value": 1.0,
        "damping_recovery": 1.0
      },
      {
        "mode": 5,
        "frequency_recovery": 0.0,
        "mac_value": 1.0,
        "damping_recovery": 1.0
      }
    ],
    "interpretation": "Fair - Partial Improvement",
    "interpretation_code": "FAIR",
    "confidence_level": "high"
  },
  "statistics": {
    "frequency_changes": {
      "original_to_damaged_percent": [
        0.0,
        0.0,
        0.0,
        0.0,
        0.0
      ],
      "damaged_to_repaired_percent": [
        0.0,
        0.0,
        0.0,
        0.0,
        0.0
      ],
      "recovery_percent": [
        0.0,
        0.0,
        0.0,
        0.0,
        0.0
      ]
    },
    "average_stiffness_loss_percent": 0.0,
    "average_stiffness_recovery_percent": 0.0
  },
  "mode_mapping": {
    "damaged_to_original": null,
    "repaired_to_original": null
  },
  "mac_matrices": {
    "original_vs_damaged": [
      [
        0.9999999999978437,
        0.8038964004245917,
        0.9175710308224261,
        0.9086229640281951,
        0.6481885058379561
      ],
      [
        0.8038964004245917,
        0.9999999999973792,
        0.9053624310035028,
        0.8350251420106796,
        0.6709787930650457
      ],
      [
        0.9175710308224261,
        0.9053624310035028,
        0.9999999999977991,
        0.8531005442737177,
        0.6178340388817829
      ],
      [
        0.9086229640281951,
        0.8350251420106796,
        0.8531005442737177,
        0.999999999997554,
        0.8348249096679051
      ],
      [
        0.6481885058379561,
        0.6709787930650457,
        0.6178340388817829,
        0.8348249096679051,
        0.9999999999973599
      ]
    ],
    "original_vs_repaired": [
      [
        0.9999999999978437,
        0.8038964004245917,
        0.9175710308224261,
        0.9086229640281951,
        0.6481885058379561
      ],
      [
        0.8038964004245917,
        0.9999999999973792,
        0.9053624310035028,
        0.8350251420106796,
        0.6709787930650457
      ],
      [
        0.9175710308224261,
        0.9053624310035028,
        0.9999999999977991,
        0.8531005442737177,
        0.6178340388817829
      ],
      [
        0.9086229640281951,
        0.8350251420106796,
        0.8531005442737177,
        0.999999999997554,
        0.8348249096679051
      ],
      [
        0.6481885058379561,
        0.6709787930650457,
        0.6178340388817829,
        0.8348249096679051,
        0.9999999999973599
      ]
    ]
  },
  "recommendations": [
    "Further repair recommended",
    "Schedule follow-up inspection in 6 months",
    "Document repair in maintenance records",
    "Monitor vibration behavior periodically"
  ]
}