{
  "metadata": {
    "analysis_date": "2026-01-21T18:57:35",
    "program_version": "1.0",
    "structure_id": "8e8c9290-04b",
    "sampling_rate_hz": 100.0,
    "recording_duration_sec": null
  },
  "modal_parameters": {
    "original_state": {
      "natural_frequencies_hz": [
        2.44140625,
        7.2509765625,
        16.4306640625,
        23.5595703125,
        31.9091796875
      ],
      "mode_shapes": [
        [
          0.5227585225697282,
          0.10427300703958302,
          0.1522456297513572,
          1.0,
          0.09243524377816727,
          0.7617146478486998
        ],
        [
          0.10450160230579185,
          0.037863668686398066,
          0.05439420601649092,
          1.0,
          0.12451502951680514,
          0.42865712006036594
        ],
        [
          0.16038171290408987,
          0.0077895945270038775,
          0.14132692050101456,
          0.11941603664232384,
          0.09695887746988087,
          1.0
        ],
        [
          1.0,
          0.06022899113614736,
          0.39126023545552885,
          0.08985546547360135,
          0.04596776945615948,
          0.42117278215957643
        ],
        [
          1.0,
          0.0353546373346567,
          0.41942079457373505,
          0.01256874879389121,
          0.002783595587316954,
          0.007057268721943781
        ]
      ],
      "damping_ratios": [
        0.02,
        0.02,
        0.02,
        0.02,
        0.02
      ]
    },
    "damaged_state": {
      "natural_frequencies_hz": [
        2.099609375,
        11.083984375,
        22.8515625,
        30.6396484375,
        38.8427734375
      ],
      "mode_shapes": [
        [
          0.03224306484405617,
          0.008718149231593659,
          0.046987524146987564,
          1.0,
          0.12053168388074204,
          0.46313964062937635
        ],
        [
          0.0291460755346807,
          0.013025704789083492,
          0.07223177232566508,
          1.0,
          0.04733651090177117,
          0.47193655847558463
        ],
        [
          1.0,
          0.376398676099953,
          0.11796088775068155,
          0.14126526501935108,
          0.04833326471769058,
          0.22562933259490356
        ],
        [
          1.0,
          0.015213339781438991,
          0.10184417635568178,
          0.07182136176482996,
          0.007716591254487288,
          0.034921374478157755
        ],
        [
          0.3931285051061416,
          0.10605974780168614,
          0.0814502501888822,
          1.0,
          0.09328772499708218,
          0.2856683922215705
        ]
      ],
      "damping_ratios": [
        0.02,
        0.02,
        0.02,
        0.02,
        0.02
      ]
    },
    "repaired_state": {
      "natural_frequencies_hz": [
        1.66015625,
        11.2548828125,
        22.4365234375,
        30.2001953125,
        37.5732421875
      ],
      "mode_shapes": [
        [
          0.21896916061510988,
          0.018982680480858733,
          0.06013749898295219,
          1.0,
          0.13470253332924567,
          0.41464373256710774
        ],
        [
          0.24326439750192325,
          0.0218917095033802,
          0.07675899195947945,
          0.4115227525649054,
          0.2642498331601684,
          1.0
        ],
        [
          1.0,
          0.07131188138111352,
          0.21620607586929388,
          0.03226735322868361,
          0.022839836518027987,
          0.05061412549595321
        ],
        [
          1.0,
          0.10324308240611081,
          0.2910808012060392,
          0.35720082090587296,
          0.05524916655487613,
          0.2642941056887793
        ],
        [
          1.0,
          0.07123840725826418,
          0.3003918789353809,
          0.7044593879451836,
          0.14228095076686623,
          0.6514208691246208
        ]
      ],
      "damping_ratios": [
        0.02,
        0.02,
        0.02,
        0.02,
        0.02
      ]
    }
  },
  "quality_assessment": {
    "overall_score": 0.4183234148769709,
    "breakdown": {
      "frequency_recovery": 0.011328976034858388,
      "mode_shape_match": 0.7088630895318058,
      "damping_recovery": 1.0
    },
    "per_mode_analysis": [
      {
        "mode": 1,
        "frequency_recovery": 0.0,
        "mac_value": 0.8976100267082796,
        "damping_recovery": 1.0
      },
      {
        "mode": 2,
        "frequency_recovery": 0.0,
        "mac_value": 0.515138896119166,
        "damping_recovery": 1.0
      },
      {
        "mode": 3,
        "frequency_recovery": 0.05664488017429194,
        "mac_value": 0.416849484176551,
        "damping_recovery": 1.0
      },
      {
        "mode": 4,
        "frequency_recovery": 0.0,
        "mac_value": 0.8744878993023795,
        "damping_recovery": 1.0
      },
      {
        "mode": 5,
        "frequency_recovery": 0.0,
        "mac_value": 0.8402291413526527,
        "damping_recovery": 1.0
      }
    ],
    "interpretation": "Poor - Minimal Improvement",
    "interpretation_code": "POOR",
    "confidence_level": "high"
  },
  "statistics": {
    "frequency_changes": {
      "original_to_damaged_percent": [
        -14.0,
        52.9,
        39.1,
        30.1,
        21.7
      ],
      "damaged_to_repaired_percent": [
        -20.9,
        1.5,
        -1.8,
        -1.4,
        -3.3
      ],
      "recovery_percent": [
        -128.6,
        -4.5,
        6.5,
        6.2,
        18.3
      ]
    },
    "average_stiffness_loss_percent": 25.944333783533192,
    "average_stiffness_recovery_percent": -20.409878652778662
  },
  "mode_mapping": {
    "damaged_to_original": null,
    "repaired_to_original": null
  },
  "mac_matrices": {
    "original_vs_damaged": [
      [
        0.8254927566528572,
        0.8293691973163255,
        0.34577661258239045,
        0.21173165322128737,
        0.8844409960809521
      ],
      [
        0.9940698426018052,
        0.9882698310718996,
        0.09131802108292443,
        0.031855772492825875,
        0.9134267478382099
      ],
      [
        0.2787654019781105,
        0.28346640417838387,
        0.13885950083868662,
        0.044152621306886894,
        0.17744934822002092
      ],
      [
        0.07044278587996783,
        0.07358782426969697,
        0.8411757480263382,
        0.8253687245130523,
        0.24572492090612
      ],
      [
        0.003227475993602266,
        0.003977570555120934,
        0.7858725998076868,
        0.9109590844131202,
        0.13372542245716826
      ]
    ],
    "original_vs_repaired": [
      [
        0.8976100267053653,
        0.7245278372155872,
        0.2020553774631353,
        0.5302756432752721,
        0.8296671005908207
      ],
      [
        0.9889257911245753,
        0.5151388961173292,
        0.02408912263639134,
        0.2299597709541041,
        0.5117207372588134
      ],
      [
        0.26286873928894683,
        0.9067375143950825,
        0.054540956442253374,
        0.19110716704460076,
        0.41684948417516027
      ],
      [
        0.15843979158821683,
        0.31637316150884814,
        0.8744878992991688,
        0.9201284330815663,
        0.7851932274102242
      ],
      [
        0.04648952044387958,
        0.05444447816059493,
        0.9627105422121033,
        0.8402291413496272,
        0.5443444949547815
      ]
    ]
  },
  "recommendations": [
    "Further repair recommended",
    "Schedule follow-up inspection in 6 months",
    "Document repair in maintenance records",
    "Monitor vibration behavior periodically"
  ]
}