{
  "metadata": {
    "analysis_date": "2026-01-19T19:30:06",
    "program_version": "1.0",
    "structure_id": "93aa0a73-6d2",
    "sampling_rate_hz": 100.0,
    "recording_duration_sec": null
  },
  "modal_parameters": {
    "original_state": {
      "natural_frequencies_hz": [
        6.4208984375,
        12.01171875,
        21.9970703125,
        28.0029296875,
        35.009765625
      ],
      "mode_shapes": [
        [
          0.46674757491628777,
          0.1282028021112493,
          0.5004129594045849,
          0.8867541698456434,
          0.08062948867149437,
          1.0
        ],
        [
          0.09991618727751439,
          0.03224357932185072,
          0.08779422363696102,
          1.0,
          0.10287264523263173,
          0.4699710759615812
        ],
        [
          0.5946442549293239,
          0.05800034950313935,
          0.25523592264255424,
          0.07102781374066164,
          0.09580713017405909,
          1.0
        ],
        [
          1.0,
          0.019340303816564656,
          0.3191337825834961,
          0.016647534151289757,
          0.014522461700876116,
          0.10892871321376117
        ],
        [
          1.0,
          0.007956239523710947,
          0.2734023626219728,
          0.06711429991602078,
          0.04156661487228603,
          0.16518768779409645
        ]
      ],
      "damping_ratios": [
        0.02,
        0.02,
        0.02,
        0.02,
        0.02
      ]
    },
    "damaged_state": {
      "natural_frequencies_hz": [
        2.099609375,
        11.083984375,
        22.8515625,
        30.6396484375,
        38.8427734375
      ],
      "mode_shapes": [
        [
          0.03224306484405617,
          0.008718149231593659,
          0.046987524146987564,
          1.0,
          0.12053168388074204,
          0.46313964062937635
        ],
        [
          0.0291460755346807,
          0.013025704789083492,
          0.07223177232566508,
          1.0,
          0.04733651090177117,
          0.47193655847558463
        ],
        [
          1.0,
          0.376398676099953,
          0.11796088775068155,
          0.14126526501935108,
          0.04833326471769058,
          0.22562933259490356
        ],
        [
          1.0,
          0.015213339781438991,
          0.10184417635568178,
          0.07182136176482996,
          0.007716591254487288,
          0.034921374478157755
        ],
        [
          0.3931285051061416,
          0.10605974780168614,
          0.0814502501888822,
          1.0,
          0.09328772499708218,
          0.2856683922215705
        ]
      ],
      "damping_ratios": [
        0.02,
        0.02,
        0.02,
        0.02,
        0.02
      ]
    },
    "repaired_state": {
      "natural_frequencies_hz": [
        2.4658203125,
        10.693359375,
        15.0390625,
        23.14453125,
        30.76171875
      ],
      "mode_shapes": [
        [
          0.1089456477320664,
          0.010394975341233894,
          0.014161663270879737,
          1.0,
          0.058163488885081056,
          0.6678240696869755
        ],
        [
          0.05100686269880743,
          0.02492393767579034,
          0.048639467233969315,
          1.0,
          0.2606091455636525,
          0.6845987773737887
        ],
        [
          0.6126240855974153,
          0.12901500088193288,
          0.3353438290835279,
          1.0,
          0.12331509272268998,
          0.4874851305646659
        ],
        [
          1.0,
          0.06549128081688475,
          0.1960958923851243,
          0.037225417903622326,
          0.03400544303617257,
          0.07016690858678991
        ],
        [
          1.0,
          0.04700446819767129,
          0.24899261281086063,
          0.02980798387169071,
          0.014066213848442869,
          0.049116703527683936
        ]
      ],
      "damping_ratios": [
        0.02,
        0.02,
        0.02,
        0.02,
        0.02
      ]
    }
  },
  "quality_assessment": {
    "overall_score": 0.7562701595935679,
    "breakdown": {
      "frequency_recovery": 0.6169491525423728,
      "mode_shape_match": 0.825985277741272,
      "damping_recovery": 1.0
    },
    "per_mode_analysis": [
      {
        "mode": 1,
        "frequency_recovery": 0.0847457627118644,
        "mac_value": 0.7869851480333513,
        "damping_recovery": 1.0
      },
      {
        "mode": 2,
        "frequency_recovery": 0.0,
        "mac_value": 0.9575263011680551,
        "damping_recovery": 1.0
      },
      {
        "mode": 3,
        "frequency_recovery": 1.0,
        "mac_value": 0.41844448230841563,
        "damping_recovery": 1.0
      },
      {
        "mode": 4,
        "frequency_recovery": 1.0,
        "mac_value": 0.9828668630328677,
        "damping_recovery": 1.0
      },
      {
        "mode": 5,
        "frequency_recovery": 1.0,
        "mac_value": 0.98410359416367,
        "damping_recovery": 1.0
      }
    ],
    "interpretation": "Good - Acceptable Repair",
    "interpretation_code": "GOOD",
    "confidence_level": "high"
  },
  "statistics": {
    "frequency_changes": {
      "original_to_damaged_percent": [
        -67.3,
        -7.7,
        3.9,
        9.4,
        10.9
      ],
      "damaged_to_repaired_percent": [
        17.4,
        -3.5,
        -34.2,
        -24.5,
        -20.8
      ],
      "recovery_percent": [
        8.5,
        -42.1,
        914.3,
        284.3,
        210.8
      ]
    },
    "average_stiffness_loss_percent": -10.155024238336534,
    "average_stiffness_recovery_percent": 275.14846242719443
  },
  "mode_mapping": {
    "damaged_to_original": null,
    "repaired_to_original": null
  },
  "mac_matrices": {
    "original_vs_damaged": [
      [
        0.6976180230152251,
        0.7129506841680266,
        0.3082657904636271,
        0.16535910709475776,
        0.6989484148163086
      ],
      [
        0.9942939259616336,
        0.9930517511691688,
        0.09138631252031021,
        0.030950086177436584,
        0.902616685730903
      ],
      [
        0.18834070980323697,
        0.19287440170327122,
        0.44564905540750444,
        0.3002567913504434,
        0.21630084152004217
      ],
      [
        0.009839522370920908,
        0.01070311049703291,
        0.8399492353131441,
        0.9503207146737068,
        0.1571497395925696
      ],
      [
        0.027494861225583013,
        0.028163210971182524,
        0.862812038757578,
        0.9574554685573387,
        0.20407242337435144
      ]
    ],
    "original_vs_repaired": [
      [
        0.7869851480310058,
        0.7692166348614699,
        0.8592916858207669,
        0.19286053638423306,
        0.18684227095734307
      ],
      [
        0.9714471997718698,
        0.9575263011648004,
        0.8131939085023232,
        0.028353877969964664,
        0.023637852829789942
      ],
      [
        0.31518564558884943,
        0.30710805350993703,
        0.4184444823070859,
        0.34803297042261777,
        0.3319597609160443
      ],
      [
        0.0255227363121373,
        0.015271156543844573,
        0.32162135477088866,
        0.9828668630290872,
        0.9918283671324076
      ],
      [
        0.052906137679347494,
        0.0382036098453899,
        0.37806976737793097,
        0.9829413671468926,
        0.9841035941598956
      ]
    ]
  },
  "recommendations": [
    "Structure suitable for normal operating loads",
    "Schedule follow-up inspection in 6 months",
    "Document repair in maintenance records",
    "Monitor vibration behavior periodically"
  ]
}