{
  "metadata": {
    "analysis_date": "2026-01-17T15:59:02",
    "program_version": "1.0",
    "structure_id": "99619700-c2a",
    "sampling_rate_hz": 100.0,
    "recording_duration_sec": null
  },
  "modal_parameters": {
    "original_state": {
      "natural_frequencies_hz": [
        13.18359375,
        18.212890625,
        23.291015625,
        33.88671875,
        41.357421875
      ],
      "mode_shapes": [
        [
          0.7980773549855884,
          1.0,
          0.12616057099490596,
          0.12698370058823624,
          0.20692829313773908,
          0.05158436514782366
        ],
        [
          0.4661667997278246,
          1.0,
          0.12496904283435768,
          0.06526871381678989,
          0.022204479900325667,
          0.047503131127116155
        ],
        [
          0.23195417742320187,
          1.0,
          0.11660046074634844,
          0.2729225650788159,
          0.19021645779182725,
          0.04745224499461143
        ],
        [
          0.2503654761977683,
          0.10047669294156211,
          0.012219021711147842,
          0.5262755345226909,
          1.0,
          0.02032599421486494
        ],
        [
          0.4930914838430129,
          1.0,
          0.09254873562230576,
          0.06760119511014892,
          0.1329147667102057,
          0.022208469324526147
        ]
      ],
      "damping_ratios": [
        0.02,
        0.02,
        0.02,
        0.02,
        0.02
      ]
    },
    "damaged_state": {
      "natural_frequencies_hz": [
        18.45703125,
        22.607421875,
        32.568359375,
        41.40625,
        47.265625
      ],
      "mode_shapes": [
        [
          1.0,
          0.2933104902281205,
          0.0934555897224245,
          0.17780635185824417,
          0.7099532922606737,
          0.09250714674883304
        ],
        [
          0.26082570476339545,
          0.295391317384258,
          0.07592715976421051,
          0.12079202014684137,
          1.0,
          0.08215094719686422
        ],
        [
          0.1549982007632731,
          0.18678603551560388,
          0.05598807828114463,
          0.14575226306008246,
          1.0,
          0.16558359176482723
        ],
        [
          0.7217598912516959,
          1.0,
          0.06253131716590521,
          0.04613742970068704,
          0.5055500493519518,
          0.0321916070533782
        ],
        [
          0.2558926515126209,
          0.1390692598090145,
          0.043302748470965456,
          0.2234657041453309,
          1.0,
          0.08384336452881878
        ]
      ],
      "damping_ratios": [
        0.02,
        0.02,
        0.02,
        0.02,
        0.02
      ]
    },
    "repaired_state": {
      "natural_frequencies_hz": [
        14.94140625,
        20.068359375,
        29.00390625,
        33.88671875,
        47.4609375
      ],
      "mode_shapes": [
        [
          0.20027943012604077,
          1.0,
          0.12497897395202899,
          0.10819810387593863,
          0.09351322925382913,
          0.02213742874291096
        ],
        [
          1.0,
          0.958297039505617,
          0.04358796648619183,
          0.2825677396756128,
          0.28906781702026857,
          0.04797348882934218
        ],
        [
          0.12933735761925572,
          0.3825916103116626,
          0.0514096358100652,
          0.10142113249370356,
          1.0,
          0.03345405929299538
        ],
        [
          0.3153596935535829,
          0.6170219155782947,
          0.07571592045863183,
          0.21016323760132097,
          1.0,
          0.09859274409332736
        ],
        [
          0.2896493508056191,
          1.0,
          0.1612783914787476,
          0.19038356089173117,
          0.6076521664362105,
          0.08493695757173253
        ]
      ],
      "damping_ratios": [
        0.02,
        0.02,
        0.02,
        0.02,
        0.02
      ]
    }
  },
  "quality_assessment": {
    "overall_score": 0.6712534595517603,
    "breakdown": {
      "frequency_recovery": 0.5257309941520468,
      "mode_shape_match": 0.6946265415857893,
      "damping_recovery": 1.0
    },
    "per_mode_analysis": [
      {
        "mode": 1,
        "frequency_recovery": 0.6666666666666666,
        "mac_value": 0.7929499541266911,
        "damping_recovery": 1.0
      },
      {
        "mode": 2,
        "frequency_recovery": 0.5777777777777777,
        "mac_value": 0.8208200077454162,
        "damping_recovery": 1.0
      },
      {
        "mode": 3,
        "frequency_recovery": 0.38421052631578945,
        "mac_value": 0.2930251213209505,
        "damping_recovery": 1.0
      },
      {
        "mode": 4,
        "frequency_recovery": 1.0,
        "mac_value": 0.7568967810286851,
        "damping_recovery": 1.0
      },
      {
        "mode": 5,
        "frequency_recovery": 0.0,
        "mac_value": 0.809440843707203,
        "damping_recovery": 1.0
      }
    ],
    "interpretation": "Fair - Partial Improvement",
    "interpretation_code": "FAIR",
    "confidence_level": "high"
  },
  "statistics": {
    "frequency_changes": {
      "original_to_damaged_percent": [
        40.0,
        24.1,
        39.8,
        22.2,
        14.3
      ],
      "damaged_to_repaired_percent": [
        -19.0,
        -11.2,
        -10.9,
        -18.2,
        0.4
      ],
      "recovery_percent": [
        66.7,
        57.8,
        38.4,
        100.0,
        -3.3
      ]
    },
    "average_stiffness_loss_percent": 28.087377491440527,
    "average_stiffness_recovery_percent": 51.911942390411284
  },
  "mode_mapping": {
    "damaged_to_original": null,
    "repaired_to_original": null
  },
  "mac_matrices": {
    "original_vs_damaged": [
      [
        0.5807427365784004,
        0.2698660495135006,
        0.1597386591934715,
        0.9407025457255788,
        0.17656289954036278
      ],
      [
        0.3172292098777817,
        0.14461751594642272,
        0.06782128452585932,
        0.8363885279329188,
        0.06540279793114954
      ],
      [
        0.271053135492189,
        0.25097309817856284,
        0.16643939902402136,
        0.7843395317802351,
        0.15584024845432307
      ],
      [
        0.5332922862455501,
        0.8444668581736591,
        0.8639784188104048,
        0.2740586385742104,
        0.9291684187612922
      ],
      [
        0.3908020784124464,
        0.2185978119093221,
        0.12157538088403953,
        0.9030323023948187,
        0.1205313761099654
      ]
    ],
    "original_vs_repaired": [
      [
        0.7929499541239514,
        0.9674334373403091,
        0.2524840771309124,
        0.47259268869958865,
        0.7570742654707169
      ],
      [
        0.9382309201001962,
        0.8208200077428052,
        0.15766918948262784,
        0.34713087761848427,
        0.7439536646021064
      ],
      [
        0.9684784805528441,
        0.7181509836853913,
        0.29302512131987096,
        0.4978870615748541,
        0.8799825103483401
      ],
      [
        0.06317105954425148,
        0.2193008137284351,
        0.7969496760553775,
        0.7568967810261623,
        0.3805507149081971
      ],
      [
        0.9315033795687357,
        0.8622619115063138,
        0.23332580378938017,
        0.43964796099339387,
        0.8094408437044566
      ]
    ]
  },
  "recommendations": [
    "Further repair recommended",
    "Schedule follow-up inspection in 6 months",
    "Document repair in maintenance records",
    "Monitor vibration behavior periodically"
  ]
}