{
  "metadata": {
    "analysis_date": "2026-01-19T13:15:35",
    "program_version": "1.0",
    "structure_id": "9e409c18-716",
    "sampling_rate_hz": 100.0,
    "recording_duration_sec": null
  },
  "modal_parameters": {
    "original_state": {
      "natural_frequencies_hz": [
        6.0546875,
        10.25390625,
        14.501953125,
        21.484375,
        45.263671875
      ],
      "mode_shapes": [
        [
          0.1610085083380296,
          1.0,
          0.3683075133633973,
          0.26804029066331414,
          0.23536269298244059,
          0.10460841589882189
        ],
        [
          1.0,
          0.43979236013603884,
          0.47231676542288564,
          0.7415198304022286,
          0.25425702019023644,
          0.37516370862055193
        ],
        [
          0.9325352600390335,
          0.4957225031401029,
          0.5713422037010031,
          1.0,
          0.5770008726488606,
          0.7266826028407193
        ],
        [
          0.6189162748034075,
          0.5786904974057141,
          1.0,
          0.6152164772709449,
          0.36079767968794985,
          0.6698291370172191
        ],
        [
          0.37580170391814066,
          0.5994794024207311,
          1.0,
          0.19049644071623345,
          0.7496394066110694,
          0.4435667721065706
        ]
      ],
      "damping_ratios": [
        0.02,
        0.02,
        0.02,
        0.02,
        0.02
      ]
    },
    "damaged_state": {
      "natural_frequencies_hz": [
        1.953125,
        14.501953125,
        21.484375,
        38.623046875,
        45.263671875
      ],
      "mode_shapes": [
        [
          0.6685228331888147,
          0.8474998791232325,
          0.707563901405021,
          1.0,
          0.32290460585355474,
          0.8191359040420961
        ],
        [
          0.9325357888351589,
          0.4957225056059473,
          0.5713421866710828,
          1.0,
          0.5770001702077092,
          0.7266809778719349
        ],
        [
          0.6189163629661547,
          0.5786905545585994,
          1.0,
          0.6152165437242397,
          0.3607976236956082,
          0.6698290752085723
        ],
        [
          1.0,
          0.9671550924666573,
          0.49166552132738156,
          0.5449558025422505,
          0.4151495513413179,
          0.6295618822327149
        ],
        [
          0.3758017075402482,
          0.5994794029483409,
          1.0,
          0.1904964417361705,
          0.749639405842455,
          0.4435667705704612
        ]
      ],
      "damping_ratios": [
        0.02,
        0.02,
        0.02,
        0.02,
        0.02
      ]
    },
    "repaired_state": {
      "natural_frequencies_hz": [
        1.953125,
        7.470703125,
        14.501953125,
        21.484375,
        45.263671875
      ],
      "mode_shapes": [
        [
          0.6685158291382846,
          0.8477196465229979,
          0.7076493034235478,
          1.0,
          0.3228989030854413,
          0.8192102953834722
        ],
        [
          1.0,
          0.42109330196656936,
          0.5267244795054644,
          0.4264699301314432,
          0.47230259880629166,
          0.685877624030604
        ],
        [
          0.9325357362763005,
          0.4957228400348669,
          0.5713420764056991,
          1.0,
          0.5769998576204042,
          0.7266805172043013
        ],
        [
          0.6189162239913116,
          0.5786905273085443,
          1.0,
          0.615216420899807,
          0.3607975979607237,
          0.6698290549031986
        ],
        [
          0.3758017020912605,
          0.5994794012196992,
          1.0,
          0.19049644842396293,
          0.74963940559621,
          0.443566771413181
        ]
      ],
      "damping_ratios": [
        0.02,
        0.02,
        0.02,
        0.02,
        0.02
      ]
    }
  },
  "quality_assessment": {
    "overall_score": 0.5699990970160127,
    "breakdown": {
      "frequency_recovery": 0.2,
      "mode_shape_match": 0.8999969900533754,
      "damping_recovery": 1.0
    },
    "per_mode_analysis": [
      {
        "mode": 1,
        "frequency_recovery": 0.0,
        "mac_value": 0.6054538085695909,
        "damping_recovery": 1.0
      },
      {
        "mode": 2,
        "frequency_recovery": 1.0,
        "mac_value": 0.8945311416988042,
        "damping_recovery": 1.0
      },
      {
        "mode": 3,
        "frequency_recovery": 0.0,
        "mac_value": 0.999999999998487,
        "damping_recovery": 1.0
      },
      {
        "mode": 4,
        "frequency_recovery": 0.0,
        "mac_value": 0.9999999999999951,
        "damping_recovery": 1.0
      },
      {
        "mode": 5,
        "frequency_recovery": 0.0,
        "mac_value": 1.0,
        "damping_recovery": 1.0
      }
    ],
    "interpretation": "Fair - Partial Improvement",
    "interpretation_code": "FAIR",
    "confidence_level": "high"
  },
  "statistics": {
    "frequency_changes": {
      "original_to_damaged_percent": [
        -67.7,
        41.4,
        48.1,
        79.8,
        0.0
      ],
      "damaged_to_repaired_percent": [
        0.0,
        -48.5,
        -32.5,
        -44.4,
        0.0
      ],
      "recovery_percent": [
        0.0,
        165.5,
        100.0,
        100.0,
        0.0
      ]
    },
    "average_stiffness_loss_percent": 20.321502273115176,
    "average_stiffness_recovery_percent": 73.10344827586206
  },
  "mode_mapping": {
    "damaged_to_original": null,
    "repaired_to_original": null
  },
  "mac_matrices": {
    "original_vs_damaged": [
      [
        0.6053710000701573,
        0.41588502098432656,
        0.537047997990153,
        0.6626692357137874,
        0.5683180197210248
      ],
      [
        0.840596363357933,
        0.9289064048753791,
        0.7918840868406003,
        0.8741235707682138,
        0.5199526982880589
      ],
      [
        0.9176168338440448,
        0.9999999999968765,
        0.8531006633999688,
        0.8570863394017879,
        0.6178342703770314
      ],
      [
        0.9086211270885816,
        0.8531005728917816,
        0.9999999999975464,
        0.8158154275799224,
        0.8348249059423177
      ],
      [
        0.6481625886909423,
        0.6178340734827427,
        0.8348248711092203,
        0.6565688102127586,
        0.9999999999973601
      ]
    ],
    "original_vs_repaired": [
      [
        0.605453808567876,
        0.38037818403312235,
        0.4158852390084393,
        0.5370480070687133,
        0.5683180198399418
      ],
      [
        0.8405541926442426,
        0.8945311416964181,
        0.9289065133383623,
        0.7918840162115477,
        0.5199526983786229
      ],
      [
        0.9175710275309598,
        0.9053625063036281,
        0.9999999999962859,
        0.8531006074411157,
        0.6178342719458891
      ],
      [
        0.9086229731473582,
        0.8350251738440136,
        0.8531005809048884,
        0.9999999999975491,
        0.8348249072813814
      ],
      [
        0.6481885026500835,
        0.6709787924769104,
        0.6178340358739911,
        0.8348249073978974,
        0.9999999999973597
      ]
    ]
  },
  "recommendations": [
    "Further repair recommended",
    "Schedule follow-up inspection in 6 months",
    "Document repair in maintenance records",
    "Monitor vibration behavior periodically"
  ]
}