{
  "metadata": {
    "analysis_date": "2026-01-17T18:58:20",
    "program_version": "1.0",
    "structure_id": "a9396e32-ca7",
    "sampling_rate_hz": 100.0,
    "recording_duration_sec": null
  },
  "modal_parameters": {
    "original_state": {
      "natural_frequencies_hz": [
        13.18359375,
        18.26171875,
        23.291015625,
        33.88671875,
        41.357421875
      ],
      "mode_shapes": [
        [
          0.9200835172041795,
          1.0,
          0.15691707829063897,
          0.14189188631319807,
          0.3699912012894707,
          0.06788694136541541
        ],
        [
          0.8050778253350627,
          1.0,
          0.06069790682524782,
          0.045231347951244026,
          0.26590061760353256,
          0.042250928524481264
        ],
        [
          0.3101483173789556,
          1.0,
          0.12651787881199952,
          0.25702161442539245,
          0.23963694182024958,
          0.04544524374598442
        ],
        [
          0.3074794981844683,
          0.06584539274244772,
          0.037196636109548015,
          0.5654882539039587,
          1.0,
          0.026892801182987387
        ],
        [
          0.4788731289158201,
          1.0,
          0.09165623937027792,
          0.07933674143297044,
          0.14068706096722977,
          0.02978425657328762
        ]
      ],
      "damping_ratios": [
        0.02,
        0.02,
        0.02,
        0.02,
        0.02
      ]
    },
    "damaged_state": {
      "natural_frequencies_hz": [
        16.9921875,
        22.119140625,
        31.34765625,
        38.037109375,
        42.08984375
      ],
      "mode_shapes": [
        [
          0.5769127194902792,
          0.8688860054571447,
          0.19328754105924742,
          0.27628974206822365,
          1.0,
          0.049027004991439874
        ],
        [
          0.20812028534098886,
          1.0,
          0.10257624111182391,
          0.06447583807663038,
          0.4297524110593454,
          0.04260502959219035
        ],
        [
          0.1626728825798325,
          0.35982972723754686,
          0.0582489514015665,
          0.3249983748532628,
          1.0,
          0.05674616387861615
        ],
        [
          0.15197629892421913,
          1.0,
          0.05877051045359549,
          0.2282353471914537,
          0.46272582762338654,
          0.03044411158046161
        ],
        [
          0.40273913102366415,
          1.0,
          0.11737623458097098,
          0.08488743315861448,
          0.2935544633320107,
          0.006357203177219675
        ]
      ],
      "damping_ratios": [
        0.02,
        0.02,
        0.02,
        0.02,
        0.02
      ]
    },
    "repaired_state": {
      "natural_frequencies_hz": [
        13.18359375,
        18.359375,
        23.291015625,
        33.88671875,
        41.30859375
      ],
      "mode_shapes": [
        [
          1.0,
          0.9750627413229459,
          0.17927888852132268,
          0.15318344744002887,
          0.4988883806024679,
          0.0809742282954085
        ],
        [
          0.8318221647192346,
          1.0,
          0.10811766250913217,
          0.04898277161630451,
          0.14406644314895073,
          0.025629786952215614
        ],
        [
          0.3677748207379824,
          1.0,
          0.13352278397163964,
          0.24488583973281383,
          0.2760811760041841,
          0.044684969934029845
        ],
        [
          0.3568369615624152,
          0.15287273798854684,
          0.058666677766882856,
          0.5992159255574903,
          1.0,
          0.037134787301464064
        ],
        [
          0.43487143160324204,
          1.0,
          0.11287824485337464,
          0.10640457447154945,
          0.2826106544664129,
          0.04448650671958736
        ]
      ],
      "damping_ratios": [
        0.02,
        0.02,
        0.02,
        0.02,
        0.02
      ]
    }
  },
  "quality_assessment": {
    "overall_score": 0.9946226058580201,
    "breakdown": {
      "frequency_recovery": 0.9949367088607595,
      "mode_shape_match": 0.9905141714254679,
      "damping_recovery": 1.0
    },
    "per_mode_analysis": [
      {
        "mode": 1,
        "frequency_recovery": 1.0,
        "mac_value": 0.9914778714910201,
        "damping_recovery": 1.0
      },
      {
        "mode": 2,
        "frequency_recovery": 0.9746835443037974,
        "mac_value": 0.9895476112017907,
        "damping_recovery": 1.0
      },
      {
        "mode": 3,
        "frequency_recovery": 1.0,
        "mac_value": 0.9966178094228608,
        "damping_recovery": 1.0
      },
      {
        "mode": 4,
        "frequency_recovery": 1.0,
        "mac_value": 0.9930495179644183,
        "damping_recovery": 1.0
      },
      {
        "mode": 5,
        "frequency_recovery": 1.0,
        "mac_value": 0.9818780470472495,
        "damping_recovery": 1.0
      }
    ],
    "interpretation": "Excellent - Nearly Perfect Repair",
    "interpretation_code": "EXCELLENT",
    "confidence_level": "high"
  },
  "statistics": {
    "frequency_changes": {
      "original_to_damaged_percent": [
        28.9,
        21.1,
        34.6,
        12.2,
        1.8
      ],
      "damaged_to_repaired_percent": [
        -22.4,
        -17.0,
        -25.7,
        -10.9,
        -1.9
      ],
      "recovery_percent": [
        100.0,
        97.5,
        100.0,
        100.0,
        106.7
      ]
    },
    "average_stiffness_loss_percent": 19.724374688594864,
    "average_stiffness_recovery_percent": 100.82700421940929
  },
  "mode_mapping": {
    "damaged_to_original": null,
    "repaired_to_original": null
  },
  "mac_matrices": {
    "original_vs_damaged": [
      [
        0.7577914728426496,
        0.751284855144877,
        0.3417312888575604,
        0.6978571198667056,
        0.8836787741889139
      ],
      [
        0.6945048924399114,
        0.7778819675360082,
        0.27599116637387916,
        0.7114940350213195,
        0.9117511819705629
      ],
      [
        0.7033447368232922,
        0.9333089023614742,
        0.35207209644318127,
        0.9379220772217409,
        0.9663643285182614
      ],
      [
        0.6253735807930105,
        0.2042920692190908,
        0.8827904293508847,
        0.2722346363629084,
        0.15916362572611997
      ],
      [
        0.6317205419934024,
        0.8785552544156537,
        0.23293970582488568,
        0.8256689335730464,
        0.9761497855404857
      ]
    ],
    "original_vs_repaired": [
      [
        0.9914778714883102,
        0.9686525320238304,
        0.856329343358729,
        0.2918543682624285,
        0.9014776980225757
      ],
      [
        0.9579379350678499,
        0.9895476111987783,
        0.8674248164449695,
        0.20846114059929832,
        0.9259481786160011
      ],
      [
        0.7723975148719513,
        0.8148517780274928,
        0.9966178094193151,
        0.23681985521376767,
        0.9689452352040075
      ],
      [
        0.29041243277446493,
        0.10108671437497567,
        0.19600523492580782,
        0.9930495179611379,
        0.1630581361736776
      ],
      [
        0.8454499401940839,
        0.9401699707188169,
        0.9536626326049713,
        0.140331720117427,
        0.9818780470437771
      ]
    ]
  },
  "recommendations": [
    "Structure suitable for normal operating loads",
    "Schedule follow-up inspection in 6 months",
    "Document repair in maintenance records",
    "Monitor vibration behavior periodically"
  ]
}