{
  "metadata": {
    "analysis_date": "2026-01-27T13:51:12",
    "program_version": "1.0",
    "structure_id": "a9de8e1d-5bd",
    "sampling_rate_hz": 100.0,
    "recording_duration_sec": null
  },
  "modal_parameters": {
    "original_state": {
      "natural_frequencies_hz": [
        2.44140625,
        7.2509765625,
        16.4306640625,
        23.5595703125,
        31.9091796875
      ],
      "mode_shapes": [
        [
          0.5227585225697282,
          0.10427300703958302,
          0.1522456297513572,
          1.0,
          0.09243524377816727,
          0.7617146478486998
        ],
        [
          0.10450160230579185,
          0.037863668686398066,
          0.05439420601649092,
          1.0,
          0.12451502951680514,
          0.42865712006036594
        ],
        [
          0.16038171290408987,
          0.0077895945270038775,
          0.14132692050101456,
          0.11941603664232384,
          0.09695887746988087,
          1.0
        ],
        [
          1.0,
          0.06022899113614736,
          0.39126023545552885,
          0.08985546547360135,
          0.04596776945615948,
          0.42117278215957643
        ],
        [
          1.0,
          0.0353546373346567,
          0.41942079457373505,
          0.01256874879389121,
          0.002783595587316954,
          0.007057268721943781
        ]
      ],
      "damping_ratios": [
        0.02,
        0.02,
        0.02,
        0.02,
        0.02
      ]
    },
    "damaged_state": {
      "natural_frequencies_hz": [
        2.1728515625,
        11.376953125,
        22.4853515625,
        30.1025390625,
        37.6953125
      ],
      "mode_shapes": [
        [
          0.11613602785052002,
          0.017262398994273547,
          0.15880337964457175,
          0.7334839801836337,
          0.19855476675326922,
          1.0
        ],
        [
          0.013588993835311244,
          0.004292603192442493,
          0.08530601137223258,
          0.5563078012564321,
          0.17386189818977224,
          1.0
        ],
        [
          1.0,
          0.1826102091122588,
          0.32220608025435904,
          0.07271650937691868,
          0.07790591197983948,
          0.33668505311486857
        ],
        [
          1.0,
          0.13982254691158713,
          0.378985825649464,
          0.044989870937768746,
          0.01504170738681121,
          0.08325613647519231
        ],
        [
          1.0,
          0.1344807423413203,
          0.29310192432151927,
          0.23914385808951144,
          0.0452706303365045,
          0.530214275706605
        ]
      ],
      "damping_ratios": [
        0.02,
        0.02,
        0.02,
        0.02,
        0.02
      ]
    },
    "repaired_state": {
      "natural_frequencies_hz": [
        2.4658203125,
        10.693359375,
        15.0390625,
        23.14453125,
        30.76171875
      ],
      "mode_shapes": [
        [
          0.1089456477320664,
          0.010394975341233894,
          0.014161663270879737,
          1.0,
          0.058163488885081056,
          0.6678240696869755
        ],
        [
          0.05100686269880743,
          0.02492393767579034,
          0.048639467233969315,
          1.0,
          0.2606091455636525,
          0.6845987773737887
        ],
        [
          0.6126240855974153,
          0.12901500088193288,
          0.3353438290835279,
          1.0,
          0.12331509272268998,
          0.4874851305646659
        ],
        [
          1.0,
          0.06549128081688475,
          0.1960958923851243,
          0.037225417903622326,
          0.03400544303617257,
          0.07016690858678991
        ],
        [
          1.0,
          0.04700446819767129,
          0.24899261281086063,
          0.02980798387169071,
          0.014066213848442869,
          0.049116703527683936
        ]
      ],
      "damping_ratios": [
        0.02,
        0.02,
        0.02,
        0.02,
        0.02
      ]
    }
  },
  "quality_assessment": {
    "overall_score": 0.8573337759341422,
    "breakdown": {
      "frequency_recovery": 0.8331360946745562,
      "mode_shape_match": 0.8025524286562133,
      "damping_recovery": 1.0
    },
    "per_mode_analysis": [
      {
        "mode": 1,
        "frequency_recovery": 1.0,
        "mac_value": 0.8942980640124365,
        "damping_recovery": 1.0
      },
      {
        "mode": 2,
        "frequency_recovery": 0.16568047337278108,
        "mac_value": 0.9512497627879475,
        "damping_recovery": 1.0
      },
      {
        "mode": 3,
        "frequency_recovery": 1.0,
        "mac_value": 0.31183046927914065,
        "damping_recovery": 1.0
      },
      {
        "mode": 4,
        "frequency_recovery": 1.0,
        "mac_value": 0.8808127686789945,
        "damping_recovery": 1.0
      },
      {
        "mode": 5,
        "frequency_recovery": 1.0,
        "mac_value": 0.9745710785225475,
        "damping_recovery": 1.0
      }
    ],
    "interpretation": "Very Good - Highly Effective Repair",
    "interpretation_code": "VERY_GOOD",
    "confidence_level": "high"
  },
  "statistics": {
    "frequency_changes": {
      "original_to_damaged_percent": [
        -11.0,
        56.9,
        36.8,
        27.8,
        18.1
      ],
      "damaged_to_repaired_percent": [
        13.5,
        -6.0,
        -33.1,
        -23.1,
        -18.4
      ],
      "recovery_percent": [
        109.1,
        16.6,
        123.0,
        106.3,
        119.8
      ]
    },
    "average_stiffness_loss_percent": 25.7314865274579,
    "average_stiffness_recovery_percent": 94.96346692134213
  },
  "mode_mapping": {
    "damaged_to_original": null,
    "repaired_to_original": null
  },
  "mac_matrices": {
    "original_vs_damaged": [
      [
        0.8355209630693774,
        0.718386358810285,
        0.3593361289804429,
        0.22348881798698653,
        0.5511783455033551
      ],
      [
        0.7436481420988471,
        0.6269461583747876,
        0.08254390486285355,
        0.031850783934254105,
        0.20357365655023657
      ],
      [
        0.7624556880276473,
        0.8361424728843815,
        0.2326051075773057,
        0.07425554107444432,
        0.37988340130364523
      ],
      [
        0.21000249855178832,
        0.15299375212074504,
        0.9794572154742404,
        0.9083931857487088,
        0.966180889783492
      ],
      [
        0.021055813766944303,
        0.002586648862878082,
        0.8825831119518373,
        0.9834283563448779,
        0.7569443238283625
      ]
    ],
    "original_vs_repaired": [
      [
        0.8942980640096582,
        0.85614035812994,
        0.9376035291448206,
        0.21430742358401417,
        0.19860577653289002
      ],
      [
        0.9609292363275549,
        0.9512497627846892,
        0.8058559758434066,
        0.028059343735955956,
        0.02292968169279171
      ],
      [
        0.4222952713834554,
        0.4324635093837917,
        0.3118304692780669,
        0.063244113984873,
        0.05472709781189961
      ],
      [
        0.12166188743560365,
        0.10282721844998408,
        0.4688872419203441,
        0.8808127686757561,
        0.880629436728558
      ],
      [
        0.010232672685365533,
        0.00450214767417057,
        0.2896950316662091,
        0.9531554712846759,
        0.9745710785188637
      ]
    ]
  },
  "recommendations": [
    "Structure suitable for normal operating loads",
    "Schedule follow-up inspection in 6 months",
    "Document repair in maintenance records",
    "Monitor vibration behavior periodically"
  ]
}