{
  "metadata": {
    "analysis_date": "2026-01-17T19:02:43",
    "program_version": "1.0",
    "structure_id": "b4164e14-7a2",
    "sampling_rate_hz": 100.0,
    "recording_duration_sec": null
  },
  "modal_parameters": {
    "original_state": {
      "natural_frequencies_hz": [
        13.18359375,
        18.212890625,
        23.291015625,
        33.88671875,
        41.357421875
      ],
      "mode_shapes": [
        [
          0.7980773549855884,
          1.0,
          0.12616057099490596,
          0.12698370058823624,
          0.20692829313773908,
          0.05158436514782366
        ],
        [
          0.4661667997278246,
          1.0,
          0.12496904283435768,
          0.06526871381678989,
          0.022204479900325667,
          0.047503131127116155
        ],
        [
          0.23195417742320187,
          1.0,
          0.11660046074634844,
          0.2729225650788159,
          0.19021645779182725,
          0.04745224499461143
        ],
        [
          0.2503654761977683,
          0.10047669294156211,
          0.012219021711147842,
          0.5262755345226909,
          1.0,
          0.02032599421486494
        ],
        [
          0.4930914838430129,
          1.0,
          0.09254873562230576,
          0.06760119511014892,
          0.1329147667102057,
          0.022208469324526147
        ]
      ],
      "damping_ratios": [
        0.02,
        0.02,
        0.02,
        0.02,
        0.02
      ]
    },
    "damaged_state": {
      "natural_frequencies_hz": [
        18.45703125,
        22.607421875,
        32.568359375,
        41.40625,
        47.265625
      ],
      "mode_shapes": [
        [
          1.0,
          0.2933104902281205,
          0.0934555897224245,
          0.17780635185824417,
          0.7099532922606737,
          0.09250714674883304
        ],
        [
          0.26082570476339545,
          0.295391317384258,
          0.07592715976421051,
          0.12079202014684137,
          1.0,
          0.08215094719686422
        ],
        [
          0.1549982007632731,
          0.18678603551560388,
          0.05598807828114463,
          0.14575226306008246,
          1.0,
          0.16558359176482723
        ],
        [
          0.7217598912516959,
          1.0,
          0.06253131716590521,
          0.04613742970068704,
          0.5055500493519518,
          0.0321916070533782
        ],
        [
          0.2558926515126209,
          0.1390692598090145,
          0.043302748470965456,
          0.2234657041453309,
          1.0,
          0.08384336452881878
        ]
      ],
      "damping_ratios": [
        0.02,
        0.02,
        0.02,
        0.02,
        0.02
      ]
    },
    "repaired_state": {
      "natural_frequencies_hz": [
        2.978515625,
        13.76953125,
        26.513671875,
        30.76171875,
        36.328125
      ],
      "mode_shapes": [
        [
          0.7231429328164964,
          0.6130696248708093,
          0.16612857780136928,
          0.3018063562961195,
          1.0,
          0.13449134726723688
        ],
        [
          0.5737537211362063,
          1.0,
          0.06915939007944912,
          0.035117819340462895,
          0.20396892907525924,
          0.03331194976884772
        ],
        [
          0.37174624740770534,
          1.0,
          0.08270021115639237,
          0.13933489219860973,
          0.3034389325814175,
          0.015206973494522578
        ],
        [
          0.09762292826939606,
          0.1838440449930226,
          0.02445556351366873,
          0.12354081060816688,
          1.0,
          0.04518464159526549
        ],
        [
          0.08114194983688522,
          0.14899981800141832,
          0.023243922583029215,
          0.13723256231014921,
          1.0,
          0.03660551830015168
        ]
      ],
      "damping_ratios": [
        0.02,
        0.02,
        0.02,
        0.02,
        0.02
      ]
    }
  },
  "quality_assessment": {
    "overall_score": 0.8740452707232236,
    "breakdown": {
      "frequency_recovery": 0.9305263157894738,
      "mode_shape_match": 0.6959403760949556,
      "damping_recovery": 1.0
    },
    "per_mode_analysis": [
      {
        "mode": 1,
        "frequency_recovery": 1.0,
        "mac_value": 0.6135965729460864,
        "damping_recovery": 1.0
      },
      {
        "mode": 2,
        "frequency_recovery": 1.0,
        "mac_value": 0.9657193012535616,
        "damping_recovery": 1.0
      },
      {
        "mode": 3,
        "frequency_recovery": 0.6526315789473685,
        "mac_value": 0.9584060686189143,
        "damping_recovery": 1.0
      },
      {
        "mode": 4,
        "frequency_recovery": 1.0,
        "mac_value": 0.8584915338822314,
        "damping_recovery": 1.0
      },
      {
        "mode": 5,
        "frequency_recovery": 1.0,
        "mac_value": 0.08348840377398463,
        "damping_recovery": 1.0
      }
    ],
    "interpretation": "Very Good - Highly Effective Repair",
    "interpretation_code": "VERY_GOOD",
    "confidence_level": "high"
  },
  "statistics": {
    "frequency_changes": {
      "original_to_damaged_percent": [
        40.0,
        24.1,
        39.8,
        22.2,
        14.3
      ],
      "damaged_to_repaired_percent": [
        -83.9,
        -39.1,
        -18.6,
        -25.7,
        -23.1
      ],
      "recovery_percent": [
        293.5,
        201.1,
        65.3,
        141.6,
        185.1
      ]
    },
    "average_stiffness_loss_percent": 28.087377491440527,
    "average_stiffness_recovery_percent": 177.31503920499136
  },
  "mode_mapping": {
    "damaged_to_original": null,
    "repaired_to_original": null
  },
  "mac_matrices": {
    "original_vs_damaged": [
      [
        0.5807427365784004,
        0.2698660495135005,
        0.15973865919347155,
        0.9407025457255788,
        0.17656289954036283
      ],
      [
        0.3172292098777817,
        0.14461751594642272,
        0.06782128452585932,
        0.8363885279329188,
        0.06540279793114954
      ],
      [
        0.271053135492189,
        0.2509730981785627,
        0.16643939902402136,
        0.7843395317802351,
        0.15584024845432307
      ],
      [
        0.5332922862455501,
        0.8444668581736591,
        0.8639784188104049,
        0.2740586385742104,
        0.9291684187612922
      ],
      [
        0.3908020784124465,
        0.2185978119093221,
        0.12157538088403953,
        0.9030323023948187,
        0.1205313761099654
      ]
    ],
    "original_vs_repaired": [
      [
        0.6135965729442885,
        0.9715864135983515,
        0.8946303626011497,
        0.13184985984693226,
        0.10903584451826809
      ],
      [
        0.4115830619776665,
        0.9657193012501817,
        0.9243694962286089,
        0.0532968518769057,
        0.03808799403888162
      ],
      [
        0.48470221282322096,
        0.8723302270232103,
        0.9584060686154402,
        0.15135680168622,
        0.129123599451917
      ],
      [
        0.7194581013176158,
        0.11776478621473313,
        0.19255566079568587,
        0.8584915338790872,
        0.8671331892818047
      ],
      [
        0.5021299174636674,
        0.9915203416421198,
        0.9616311533780826,
        0.1048178892830856,
        0.08348840377367367
      ]
    ]
  },
  "recommendations": [
    "Structure suitable for normal operating loads",
    "Schedule follow-up inspection in 6 months",
    "Document repair in maintenance records",
    "Monitor vibration behavior periodically"
  ]
}