{
  "metadata": {
    "analysis_date": "2026-01-15T21:44:28",
    "program_version": "1.0",
    "structure_id": "b5743183-9b9",
    "sampling_rate_hz": 100.0,
    "recording_duration_sec": null
  },
  "modal_parameters": {
    "original_state": {
      "natural_frequencies_hz": [
        8.0078125,
        13.232421875,
        17.87109375,
        23.974609375,
        39.94140625
      ],
      "mode_shapes": [
        [
          0.7376418700018403,
          1.0,
          0.9638523945169942,
          0.23076619159504638,
          0.1295462257156221,
          0.08229158627024936
        ],
        [
          1.0,
          0.40307066841654604,
          0.7226322299925942,
          0.2437651218866151,
          0.4980783834932664,
          0.693652292681032
        ],
        [
          0.3323115891961724,
          0.17782608660615773,
          1.0,
          0.45409026351375575,
          0.18147596498315605,
          0.18186422126371962
        ],
        [
          0.7706157803013707,
          1.0,
          0.8809277586911614,
          0.13944993984740028,
          0.05335728581815384,
          0.09803236222579643
        ],
        [
          0.7932325172877068,
          0.7888056170616813,
          1.0,
          0.12525233774972228,
          0.25051776238272616,
          0.093134236576387
        ]
      ],
      "damping_ratios": [
        0.02,
        0.02,
        0.02,
        0.02,
        0.02
      ]
    },
    "damaged_state": {
      "natural_frequencies_hz": [
        8.0078125,
        16.015625,
        35.107421875,
        40.185546875,
        45.654296875
      ],
      "mode_shapes": [
        [
          1.0,
          0.49319182301871584,
          0.6901828449896131,
          0.4385367513955016,
          0.176789495238743,
          0.12572135661155412
        ],
        [
          0.681406638182666,
          0.2730292556951311,
          1.0,
          0.359112436457653,
          0.2473891374895427,
          0.35143620091507083
        ],
        [
          0.11696612087563382,
          0.2581749436084271,
          0.5285261905994898,
          1.0,
          0.19579393980426296,
          0.2944943586092967
        ],
        [
          0.4577940461464036,
          0.17555985086492942,
          0.42182996919753674,
          1.0,
          0.12164906141256089,
          0.2830570141778412
        ],
        [
          0.5460470475292494,
          0.3243639007076232,
          0.3938013585368673,
          0.11194912214944294,
          0.42694010647336184,
          1.0
        ]
      ],
      "damping_ratios": [
        0.02,
        0.02,
        0.02,
        0.02,
        0.02
      ]
    },
    "repaired_state": {
      "natural_frequencies_hz": [
        8.056640625,
        16.162109375,
        24.31640625,
        32.2265625,
        40.234375
      ],
      "mode_shapes": [
        [
          0.5617914982009844,
          1.0,
          0.6671169590292225,
          0.07645851968508198,
          0.05288838756194727,
          0.10438910019223482
        ],
        [
          0.742338987929405,
          1.0,
          0.8152268995601245,
          0.03596800624978771,
          0.13990097266602466,
          0.14391566757022076
        ],
        [
          0.5390204147502162,
          0.7559229605811536,
          1.0,
          0.12156023255735623,
          0.2578726427555922,
          0.5341845278880959
        ],
        [
          1.0,
          0.8533666084113769,
          0.26786738970378,
          0.2088969367067547,
          0.4783108429281291,
          0.19495437128170767
        ],
        [
          0.518995555530769,
          0.6435234782313586,
          1.0,
          0.19665397613943186,
          0.12318529070100714,
          0.7416772238599743
        ]
      ],
      "damping_ratios": [
        0.02,
        0.02,
        0.02,
        0.02,
        0.02
      ]
    }
  },
  "quality_assessment": {
    "overall_score": 0.7383379274648447,
    "breakdown": {
      "frequency_recovery": 0.6131488254171622,
      "mode_shape_match": 0.7725450491875452,
      "damping_recovery": 1.0
    },
    "per_mode_analysis": [
      {
        "mode": 1,
        "frequency_recovery": 1.0,
        "mac_value": 0.962718451910562,
        "damping_recovery": 1.0
      },
      {
        "mode": 2,
        "frequency_recovery": 0.0,
        "mac_value": 0.6553587812137545,
        "damping_recovery": 1.0
      },
      {
        "mode": 3,
        "frequency_recovery": 0.6260623229461756,
        "mac_value": 0.7260080655333794,
        "damping_recovery": 1.0
      },
      {
        "mode": 4,
        "frequency_recovery": 0.49096385542168675,
        "mac_value": 0.7377077764355117,
        "damping_recovery": 1.0
      },
      {
        "mode": 5,
        "frequency_recovery": 0.9487179487179487,
        "mac_value": 0.7809321708445184,
        "damping_recovery": 1.0
      }
    ],
    "interpretation": "Good - Acceptable Repair",
    "interpretation_code": "GOOD",
    "confidence_level": "high"
  },
  "statistics": {
    "frequency_changes": {
      "original_to_damaged_percent": [
        0.0,
        21.0,
        96.4,
        67.6,
        14.3
      ],
      "damaged_to_repaired_percent": [
        0.6,
        0.9,
        -30.7,
        -19.8,
        -11.9
      ],
      "recovery_percent": [
        4.9,
        -5.3,
        62.6,
        49.1,
        94.9
      ]
    },
    "average_stiffness_loss_percent": 39.88031683817569,
    "average_stiffness_recovery_percent": 41.238813462768846
  },
  "mode_mapping": {
    "damaged_to_original": null,
    "repaired_to_original": null
  },
  "mac_matrices": {
    "original_vs_damaged": [
      [
        0.8253858149461168,
        0.7508793904053187,
        0.33980633402490706,
        0.36677147255104436,
        0.3608556607035725
      ],
      [
        0.8088952035344933,
        0.8458216986940058,
        0.3592098104876925,
        0.47552498230268425,
        0.8280719569058587
      ],
      [
        0.6718167454694722,
        0.9132988135602846,
        0.6369449496328662,
        0.5996297262115393,
        0.3587191014310655
      ],
      [
        0.8120976727453417,
        0.7095329205389014,
        0.27632925989222734,
        0.31715085504566926,
        0.3583942068780207
      ],
      [
        0.8586871011022517,
        0.8294027649142699,
        0.30358423455957134,
        0.3453731890586995,
        0.4102302805754099
      ]
    ],
    "original_vs_repaired": [
      [
        0.9627184519079125,
        0.9771883537520623,
        0.8694411333414547,
        0.7251303805813273,
        0.7651627716508891
      ],
      [
        0.5557894228717384,
        0.6553587812120486,
        0.7962297350699945,
        0.7374234144667734,
        0.7979952253834356
      ],
      [
        0.4761894394935135,
        0.5356320893889498,
        0.7260080655311851,
        0.3146235809232115,
        0.726877711818574
      ],
      [
        0.9774576682467458,
        0.9900707040158133,
        0.8518357529395969,
        0.7377077764335441,
        0.7509047920921913
      ],
      [
        0.8985535614072241,
        0.9555010266074834,
        0.8897768063830035,
        0.7302217286752302,
        0.7809321708424638
      ]
    ]
  },
  "recommendations": [
    "Structure suitable for normal operating loads",
    "Schedule follow-up inspection in 6 months",
    "Document repair in maintenance records",
    "Monitor vibration behavior periodically"
  ]
}