{
  "metadata": {
    "analysis_date": "2026-01-20T11:04:58",
    "program_version": "1.0",
    "structure_id": "b5acb5a0-a22",
    "sampling_rate_hz": 100.0,
    "recording_duration_sec": null
  },
  "modal_parameters": {
    "original_state": {
      "natural_frequencies_hz": [
        8.88671875,
        13.671875,
        18.4814453125,
        22.4853515625,
        28.90625
      ],
      "mode_shapes": [
        [
          0.05118325068692287,
          0.0045080537772909995,
          0.009420241327197031,
          1.0,
          0.23168831366802023,
          0.5330682529447519
        ],
        [
          0.7409027219761726,
          0.17217458165922653,
          0.12159193610974894,
          1.0,
          0.21525967861565623,
          0.9689396221391895
        ],
        [
          0.05735948034119617,
          0.013863904655096723,
          0.03457040677727756,
          0.021620514464163028,
          0.09015644236155085,
          1.0
        ],
        [
          0.3069452448435961,
          0.042028695247282866,
          0.2261623889364368,
          0.0774884538628279,
          0.10886025526270102,
          1.0
        ],
        [
          1.0,
          0.011801919718251607,
          0.7493943500037339,
          0.028208558481352564,
          0.006070593804598313,
          0.022681711438756486
        ]
      ],
      "damping_ratios": [
        0.02,
        0.02,
        0.02,
        0.02,
        0.02
      ]
    },
    "damaged_state": {
      "natural_frequencies_hz": [
        8.88671875,
        13.671875,
        18.4814453125,
        22.4853515625,
        28.90625
      ],
      "mode_shapes": [
        [
          0.05118325068692287,
          0.0045080537772909995,
          0.009420241327197031,
          1.0,
          0.23168831366802023,
          0.5330682529447519
        ],
        [
          0.7409027219761726,
          0.17217458165922653,
          0.12159193610974894,
          1.0,
          0.21525967861565623,
          0.9689396221391895
        ],
        [
          0.05735948034119617,
          0.013863904655096723,
          0.03457040677727756,
          0.021620514464163028,
          0.09015644236155085,
          1.0
        ],
        [
          0.3069452448435961,
          0.042028695247282866,
          0.2261623889364368,
          0.0774884538628279,
          0.10886025526270102,
          1.0
        ],
        [
          1.0,
          0.011801919718251607,
          0.7493943500037339,
          0.028208558481352564,
          0.006070593804598313,
          0.022681711438756486
        ]
      ],
      "damping_ratios": [
        0.02,
        0.02,
        0.02,
        0.02,
        0.02
      ]
    },
    "repaired_state": {
      "natural_frequencies_hz": [
        2.4658203125,
        10.693359375,
        15.0390625,
        23.14453125,
        30.76171875
      ],
      "mode_shapes": [
        [
          0.1089456477320664,
          0.010394975341233894,
          0.014161663270879737,
          1.0,
          0.058163488885081056,
          0.6678240696869755
        ],
        [
          0.05100686269880743,
          0.02492393767579034,
          0.048639467233969315,
          1.0,
          0.2606091455636525,
          0.6845987773737887
        ],
        [
          0.6126240855974153,
          0.12901500088193288,
          0.3353438290835279,
          1.0,
          0.12331509272268998,
          0.4874851305646659
        ],
        [
          1.0,
          0.06549128081688475,
          0.1960958923851243,
          0.037225417903622326,
          0.03400544303617257,
          0.07016690858678991
        ],
        [
          1.0,
          0.04700446819767129,
          0.24899261281086063,
          0.02980798387169071,
          0.014066213848442869,
          0.049116703527683936
        ]
      ],
      "damping_ratios": [
        0.02,
        0.02,
        0.02,
        0.02,
        0.02
      ]
    }
  },
  "quality_assessment": {
    "overall_score": 0.6923880262721398,
    "breakdown": {
      "frequency_recovery": 0.6,
      "mode_shape_match": 0.6412934209071327,
      "damping_recovery": 1.0
    },
    "per_mode_analysis": [
      {
        "mode": 1,
        "frequency_recovery": 0.0,
        "mac_value": 0.9652645386843812,
        "damping_recovery": 1.0
      },
      {
        "mode": 2,
        "frequency_recovery": 1.0,
        "mac_value": 0.8967520766216015,
        "damping_recovery": 1.0
      },
      {
        "mode": 3,
        "frequency_recovery": 0.0,
        "mac_value": 0.34539805714799376,
        "damping_recovery": 1.0
      },
      {
        "mode": 4,
        "frequency_recovery": 1.0,
        "mac_value": 0.15168978087989543,
        "damping_recovery": 1.0
      },
      {
        "mode": 5,
        "frequency_recovery": 1.0,
        "mac_value": 0.8473626512017917,
        "damping_recovery": 1.0
      }
    ],
    "interpretation": "Fair - Partial Improvement",
    "interpretation_code": "FAIR",
    "confidence_level": "high"
  },
  "statistics": {
    "frequency_changes": {
      "original_to_damaged_percent": [
        0.0,
        0.0,
        0.0,
        0.0,
        0.0
      ],
      "damaged_to_repaired_percent": [
        -72.3,
        -21.8,
        -18.6,
        2.9,
        6.4
      ],
      "recovery_percent": [
        -642.1,
        -297.9,
        -344.2,
        65.9,
        185.5
      ]
    },
    "average_stiffness_loss_percent": 0.0,
    "average_stiffness_recovery_percent": -206.54296875
  },
  "mode_mapping": {
    "damaged_to_original": null,
    "repaired_to_original": null
  },
  "mac_matrices": {
    "original_vs_damaged": [
      [
        0.9999999999965454,
        0.7463622927490245,
        0.24671329213059365,
        0.27371033859097443,
        0.0047725014254191645
      ],
      [
        0.7463622927490245,
        0.9999999999975091,
        0.4292753941952595,
        0.5906383458230733,
        0.19456652881844466
      ],
      [
        0.24671329213059365,
        0.4292753941952595,
        0.9999999999960263,
        0.9118566985521559,
        0.007265076272378039
      ],
      [
        0.27371033859097443,
        0.5906383458230733,
        0.9118566985521559,
        0.9999999999962936,
        0.13864108065195088
      ],
      [
        0.0047725014254191645,
        0.19456652881844466,
        0.007265076272378039,
        0.13864108065195088,
        0.999999999996801
      ]
    ],
    "original_vs_repaired": [
      [
        0.9652645386811173,
        0.9870407282991525,
        0.7436061062639359,
        0.013105375326011684,
        0.008919506441625894
      ],
      [
        0.8069012713095602,
        0.7855505235516723,
        0.8967520766191313,
        0.29155369115665125,
        0.26845134590162517
      ],
      [
        0.33235586651834415,
        0.34539805714675115,
        0.18166571702912523,
        0.018178294483799238,
        0.012793604824908763
      ],
      [
        0.36535582299006614,
        0.3725819463400275,
        0.3510206269384047,
        0.15168978087931825,
        0.14059751163086637
      ],
      [
        0.011685756502727553,
        0.00734584571231152,
        0.2984887404400259,
        0.8064418632233538,
        0.8473626511987951
      ]
    ]
  },
  "recommendations": [
    "Further repair recommended",
    "Schedule follow-up inspection in 6 months",
    "Document repair in maintenance records",
    "Monitor vibration behavior periodically"
  ]
}