{
  "metadata": {
    "analysis_date": "2026-01-20T14:22:17",
    "program_version": "1.0",
    "structure_id": "b653700e-435",
    "sampling_rate_hz": 100.0,
    "recording_duration_sec": null
  },
  "modal_parameters": {
    "original_state": {
      "natural_frequencies_hz": [
        2.44140625,
        7.2509765625,
        16.4306640625,
        23.5595703125,
        31.9091796875
      ],
      "mode_shapes": [
        [
          0.5227585225697282,
          0.10427300703958302,
          0.1522456297513572,
          1.0,
          0.09243524377816727,
          0.7617146478486998
        ],
        [
          0.10450160230579185,
          0.037863668686398066,
          0.05439420601649092,
          1.0,
          0.12451502951680514,
          0.42865712006036594
        ],
        [
          0.16038171290408987,
          0.0077895945270038775,
          0.14132692050101456,
          0.11941603664232384,
          0.09695887746988087,
          1.0
        ],
        [
          1.0,
          0.06022899113614736,
          0.39126023545552885,
          0.08985546547360135,
          0.04596776945615948,
          0.42117278215957643
        ],
        [
          1.0,
          0.0353546373346567,
          0.41942079457373505,
          0.01256874879389121,
          0.002783595587316954,
          0.007057268721943781
        ]
      ],
      "damping_ratios": [
        0.02,
        0.02,
        0.02,
        0.02,
        0.02
      ]
    },
    "damaged_state": {
      "natural_frequencies_hz": [
        8.7890625,
        13.671875,
        18.1640625,
        22.8271484375,
        28.9306640625
      ],
      "mode_shapes": [
        [
          0.2000966240246351,
          0.03353921411462567,
          0.1137170403421562,
          1.0,
          0.23866463048249495,
          0.5463620636631842
        ],
        [
          0.19292610648866337,
          0.10251727103957967,
          0.286197262154932,
          0.33083090495806483,
          0.18843467409705855,
          1.0
        ],
        [
          0.01885169907536699,
          0.010713568686101946,
          0.029866699921976804,
          0.08240154949051431,
          0.10076820275505971,
          1.0
        ],
        [
          0.3666007096299339,
          0.017307273440524122,
          0.28735473176148946,
          0.06110326594355636,
          0.12503095710178413,
          1.0
        ],
        [
          1.0,
          0.00796803824679873,
          0.7141909680760323,
          0.18723756003573322,
          0.018987500091502827,
          0.23942848943077105
        ]
      ],
      "damping_ratios": [
        0.02,
        0.02,
        0.02,
        0.02,
        0.02
      ]
    },
    "repaired_state": {
      "natural_frequencies_hz": [
        2.3193359375,
        10.7666015625,
        23.0712890625,
        30.6640625,
        36.8896484375
      ],
      "mode_shapes": [
        [
          0.06959440021059207,
          0.037119995258389646,
          0.035651437961662084,
          1.0,
          0.10533176503781065,
          0.3652361688608517
        ],
        [
          0.01797646003600653,
          0.00467809971602027,
          0.03384212556814656,
          1.0,
          0.03560494883445299,
          0.7203969939802102
        ],
        [
          1.0,
          0.07704791229626407,
          0.25753668204213687,
          0.056426499873956704,
          0.008784458177870592,
          0.011098920727475302
        ],
        [
          1.0,
          0.051151965567207545,
          0.2293929384610423,
          0.01663786847536609,
          0.0029962805473060334,
          0.02876798266868781
        ],
        [
          0.8703688320326214,
          0.05959477842986524,
          0.2248209831644677,
          1.0,
          0.12985781030899596,
          0.8975169089064293
        ]
      ],
      "damping_ratios": [
        0.02,
        0.02,
        0.02,
        0.02,
        0.02
      ]
    }
  },
  "quality_assessment": {
    "overall_score": 0.6372913656413712,
    "breakdown": {
      "frequency_recovery": 0.3830601092896175,
      "mode_shape_match": 0.8192043699885417,
      "damping_recovery": 1.0
    },
    "per_mode_analysis": [
      {
        "mode": 1,
        "frequency_recovery": 1.0,
        "mac_value": 0.8142571030991501,
        "damping_recovery": 1.0
      },
      {
        "mode": 2,
        "frequency_recovery": 0.0,
        "mac_value": 0.9386451512548383,
        "damping_recovery": 1.0
      },
      {
        "mode": 3,
        "frequency_recovery": 0.0,
        "mac_value": 0.5123558417581677,
        "damping_recovery": 1.0
      },
      {
        "mode": 4,
        "frequency_recovery": 0.3333333333333333,
        "mac_value": 0.8606360565019966,
        "damping_recovery": 1.0
      },
      {
        "mode": 5,
        "frequency_recovery": 0.5819672131147541,
        "mac_value": 0.9701276973285569,
        "damping_recovery": 1.0
      }
    ],
    "interpretation": "Fair - Partial Improvement",
    "interpretation_code": "FAIR",
    "confidence_level": "high"
  },
  "statistics": {
    "frequency_changes": {
      "original_to_damaged_percent": [
        260.0,
        88.6,
        10.5,
        -3.1,
        -9.3
      ],
      "damaged_to_repaired_percent": [
        -73.6,
        -21.2,
        27.0,
        34.3,
        27.5
      ],
      "recovery_percent": [
        101.9,
        45.2,
        -283.1,
        1070.0,
        267.2
      ]
    },
    "average_stiffness_loss_percent": 69.33176077963265,
    "average_stiffness_recovery_percent": 240.25694968337058
  },
  "mode_mapping": {
    "damaged_to_original": null,
    "repaired_to_original": null
  },
  "mac_matrices": {
    "original_vs_damaged": [
      [
        0.9148158311911525,
        0.6622257243081063,
        0.39106946264852505,
        0.4897159822357773,
        0.3314688146573242
      ],
      [
        0.9754623880418649,
        0.4370625406842858,
        0.2250716239138564,
        0.2087360688690988,
        0.0975943574252413
      ],
      [
        0.3606667824573339,
        0.9367203715160063,
        0.9684182381562433,
        0.9467634742496759,
        0.16079871063120008
      ],
      [
        0.1760353711689544,
        0.3466082600516408,
        0.1575429172809779,
        0.5008615984759419,
        0.9076191753195954
      ],
      [
        0.04265583838184041,
        0.07183330154008133,
        0.0013432513437681359,
        0.16890604435941278,
        0.9009240263204317
      ]
    ],
    "original_vs_repaired": [
      [
        0.8142571030964499,
        0.851098362444386,
        0.19813902634906222,
        0.1808434853709338,
        0.9612613678065421
      ],
      [
        0.9956652061531036,
        0.938645151251613,
        0.025831757189181657,
        0.017132122379252507,
        0.7092539239300519
      ],
      [
        0.2122511408449876,
        0.44498071582685894,
        0.04058474748886632,
        0.04451327721130663,
        0.5123558417565451
      ],
      [
        0.07216802405768401,
        0.08888151922692986,
        0.860636056498852,
        0.8623181503330725,
        0.5821673114174705
      ],
      [
        0.0075657035435962895,
        0.001400266212727991,
        0.9756051067284238,
        0.9701276973248806,
        0.3135060824545401
      ]
    ]
  },
  "recommendations": [
    "Further repair recommended",
    "Schedule follow-up inspection in 6 months",
    "Document repair in maintenance records",
    "Monitor vibration behavior periodically"
  ]
}