{
  "metadata": {
    "analysis_date": "2026-01-15T21:27:04",
    "program_version": "1.0",
    "structure_id": "bafa459d-f10",
    "sampling_rate_hz": 100.0,
    "recording_duration_sec": null
  },
  "modal_parameters": {
    "original_state": {
      "natural_frequencies_hz": [
        8.0078125,
        13.232421875,
        17.87109375,
        23.974609375,
        39.94140625
      ],
      "mode_shapes": [
        [
          0.7376418700018403,
          1.0,
          0.9638523945169942,
          0.23076619159504638,
          0.1295462257156221,
          0.08229158627024936
        ],
        [
          1.0,
          0.40307066841654604,
          0.7226322299925942,
          0.2437651218866151,
          0.4980783834932664,
          0.693652292681032
        ],
        [
          0.3323115891961724,
          0.17782608660615773,
          1.0,
          0.45409026351375575,
          0.18147596498315605,
          0.18186422126371962
        ],
        [
          0.7706157803013707,
          1.0,
          0.8809277586911614,
          0.13944993984740028,
          0.05335728581815384,
          0.09803236222579643
        ],
        [
          0.7932325172877068,
          0.7888056170616813,
          1.0,
          0.12525233774972228,
          0.25051776238272616,
          0.093134236576387
        ]
      ],
      "damping_ratios": [
        0.02,
        0.02,
        0.02,
        0.02,
        0.02
      ]
    },
    "damaged_state": {
      "natural_frequencies_hz": [
        7.91015625,
        15.91796875,
        23.876953125,
        31.93359375,
        39.84375
      ],
      "mode_shapes": [
        [
          0.7378147977224486,
          1.0,
          0.8265542519974644,
          0.060596218239004185,
          0.11878993831997216,
          0.10479480017484838
        ],
        [
          0.7405196236071843,
          0.929083510276167,
          1.0,
          0.09766982006158895,
          0.07643252521447425,
          0.09101686026363742
        ],
        [
          0.4450639356263581,
          0.8559056804922239,
          1.0,
          0.08043552822104173,
          0.16268082224090982,
          0.13132185910026717
        ],
        [
          0.4212836275971805,
          1.0,
          0.7868168391075125,
          0.5280856509173029,
          0.2023224379823698,
          0.45162192164391635
        ],
        [
          0.3739443612622436,
          0.8960808999652059,
          1.0,
          0.45260183994592085,
          0.4895546002266834,
          0.33304478138358923
        ]
      ],
      "damping_ratios": [
        0.02,
        0.02,
        0.02,
        0.02,
        0.02
      ]
    },
    "repaired_state": {
      "natural_frequencies_hz": [
        8.0078125,
        16.064453125,
        24.169921875,
        32.2265625,
        40.234375
      ],
      "mode_shapes": [
        [
          0.664168488253681,
          1.0,
          0.7699661568701627,
          0.04480605082334336,
          0.047409382105496875,
          0.018492098562724622
        ],
        [
          0.851943084568385,
          1.0,
          0.9764769408690853,
          0.12388805951184026,
          0.07142539462065801,
          0.07824887205826932
        ],
        [
          0.6838357413756811,
          1.0,
          0.748562831060295,
          0.13219412918825543,
          0.042299614107989304,
          0.1006181296472713
        ],
        [
          1.0,
          0.9784416645785786,
          0.8000096907945562,
          0.255637138243153,
          0.1739374069995052,
          0.5024872071182361
        ],
        [
          0.5882989659341891,
          0.24645662685071618,
          1.0,
          0.1168624772216104,
          0.21070752524081396,
          0.07479048229756602
        ]
      ],
      "damping_ratios": [
        0.02,
        0.02,
        0.02,
        0.02,
        0.02
      ]
    }
  },
  "quality_assessment": {
    "overall_score": 0.7438752335559575,
    "breakdown": {
      "frequency_recovery": 0.6,
      "mode_shape_match": 0.8129174451865249,
      "damping_recovery": 1.0
    },
    "per_mode_analysis": [
      {
        "mode": 1,
        "frequency_recovery": 1.0,
        "mac_value": 0.973941611095393,
        "damping_recovery": 1.0
      },
      {
        "mode": 2,
        "frequency_recovery": 0.0,
        "mac_value": 0.6468877418528036,
        "damping_recovery": 1.0
      },
      {
        "mode": 3,
        "frequency_recovery": 0.0,
        "mac_value": 0.5732830186034686,
        "damping_recovery": 1.0
      },
      {
        "mode": 4,
        "frequency_recovery": 1.0,
        "mac_value": 0.9946486040705618,
        "damping_recovery": 1.0
      },
      {
        "mode": 5,
        "frequency_recovery": 1.0,
        "mac_value": 0.8758262503103972,
        "damping_recovery": 1.0
      }
    ],
    "interpretation": "Good - Acceptable Repair",
    "interpretation_code": "GOOD",
    "confidence_level": "high"
  },
  "statistics": {
    "frequency_changes": {
      "original_to_damaged_percent": [
        -1.2,
        20.3,
        33.6,
        33.2,
        -0.2
      ],
      "damaged_to_repaired_percent": [
        1.2,
        0.9,
        1.2,
        0.9,
        1.0
      ],
      "recovery_percent": [
        100.0,
        -5.5,
        -4.9,
        -3.7,
        400.0
      ]
    },
    "average_stiffness_loss_percent": 17.127061072919453,
    "average_stiffness_recovery_percent": 97.19728483397495
  },
  "mode_mapping": {
    "damaged_to_original": null,
    "repaired_to_original": null
  },
  "mac_matrices": {
    "original_vs_damaged": [
      [
        0.9836190170395047,
        0.9897387619391056,
        0.9569183960834363,
        0.8589574697706257,
        0.8529813739383859
      ],
      [
        0.6365790354734088,
        0.6395363830214058,
        0.5929538379338498,
        0.6529007337037983,
        0.6754610519478033
      ],
      [
        0.5441264789379584,
        0.6412258678296607,
        0.6897191771457863,
        0.6525012816545954,
        0.7599000851738138
      ],
      [
        0.9947208139612339,
        0.9907902846568911,
        0.9380851801444314,
        0.8267460709726808,
        0.7971793462069622
      ],
      [
        0.9574978958899915,
        0.9781012801751586,
        0.9440883763266067,
        0.788665914349889,
        0.8388818441879184
      ]
    ],
    "original_vs_repaired": [
      [
        0.9739416110928083,
        0.9902296863932426,
        0.9823947244815942,
        0.907017223108968,
        0.7749920105783531
      ],
      [
        0.5537965693058304,
        0.646887741851194,
        0.6024833467120261,
        0.8374492478008887,
        0.700001662837377
      ],
      [
        0.500148843091815,
        0.6044234502390514,
        0.5281407302590159,
        0.5732830186018363,
        0.8688772106523496
      ],
      [
        0.9891461136210402,
        0.9970041898901284,
        0.9946486040678905,
        0.9177203438775992,
        0.7390557008355838
      ],
      [
        0.9293072886342462,
        0.9733432804175738,
        0.9309144676124923,
        0.8982614529721322,
        0.8758262503078073
      ]
    ]
  },
  "recommendations": [
    "Structure suitable for normal operating loads",
    "Schedule follow-up inspection in 6 months",
    "Document repair in maintenance records",
    "Monitor vibration behavior periodically"
  ]
}