{
  "metadata": {
    "analysis_date": "2026-01-17T18:08:15",
    "program_version": "1.0",
    "structure_id": "bb98b60d-0f1",
    "sampling_rate_hz": 100.0,
    "recording_duration_sec": null
  },
  "modal_parameters": {
    "original_state": {
      "natural_frequencies_hz": [
        12.060546875,
        18.310546875,
        22.4609375,
        36.376953125,
        41.455078125
      ],
      "mode_shapes": [
        [
          0.45955729844113236,
          1.0,
          0.18422853835462855,
          0.18486397842958163,
          0.2348510692726921,
          0.04763176693052682
        ],
        [
          0.38706603624072045,
          1.0,
          0.10386487413854201,
          0.07231413417813691,
          0.10494240637069346,
          0.030932748958310035
        ],
        [
          0.35429762290097067,
          1.0,
          0.08585064155718763,
          0.13752734889403892,
          0.29206476706772805,
          0.041181150454141745
        ],
        [
          0.2408367368433232,
          1.0,
          0.0742469961656946,
          0.34683547137895004,
          0.42327417040777165,
          0.10155953159113482
        ],
        [
          0.6950905936026195,
          1.0,
          0.039681149192960216,
          0.07863865692787003,
          0.19213751484638433,
          0.04800743494081302
        ]
      ],
      "damping_ratios": [
        0.02,
        0.02,
        0.02,
        0.02,
        0.02
      ]
    },
    "damaged_state": {
      "natural_frequencies_hz": [
        18.115234375,
        25.5859375,
        33.3984375,
        41.845703125,
        47.55859375
      ],
      "mode_shapes": [
        [
          1.0,
          0.7015353874002819,
          0.02810445594049421,
          0.2014641411040985,
          0.8725777410257773,
          0.11488943032369711
        ],
        [
          0.13745157793478027,
          0.5693312860615948,
          0.04755833453006391,
          0.08096844887643653,
          1.0,
          0.062267884874234895
        ],
        [
          0.050288199015136696,
          0.08713480012973969,
          0.015515265413110593,
          0.08595570561313329,
          1.0,
          0.12054126794964261
        ],
        [
          0.04843203160557591,
          0.14534414975583268,
          0.06459953319893649,
          0.2208296360017471,
          1.0,
          0.07382677012573739
        ],
        [
          0.24720687078250814,
          0.5230216743806164,
          0.04414778759283292,
          0.2544558661350465,
          1.0,
          0.08994516604011947
        ]
      ],
      "damping_ratios": [
        0.02,
        0.02,
        0.02,
        0.02,
        0.02
      ]
    },
    "repaired_state": {
      "natural_frequencies_hz": [
        2.978515625,
        13.76953125,
        26.513671875,
        30.76171875,
        36.328125
      ],
      "mode_shapes": [
        [
          0.7231429328164964,
          0.6130696248708093,
          0.16612857780136928,
          0.3018063562961195,
          1.0,
          0.13449134726723688
        ],
        [
          0.5737537211362063,
          1.0,
          0.06915939007944912,
          0.035117819340462895,
          0.20396892907525924,
          0.03331194976884772
        ],
        [
          0.37174624740770534,
          1.0,
          0.08270021115639237,
          0.13933489219860973,
          0.3034389325814175,
          0.015206973494522578
        ],
        [
          0.09762292826939606,
          0.1838440449930226,
          0.02445556351366873,
          0.12354081060816688,
          1.0,
          0.04518464159526549
        ],
        [
          0.08114194983688522,
          0.14899981800141832,
          0.023243922583029215,
          0.13723256231014921,
          1.0,
          0.03660551830015168
        ]
      ],
      "damping_ratios": [
        0.02,
        0.02,
        0.02,
        0.02,
        0.02
      ]
    }
  },
  "quality_assessment": {
    "overall_score": 0.7791863714636784,
    "breakdown": {
      "frequency_recovery": 0.8,
      "mode_shape_match": 0.5972879048789282,
      "damping_recovery": 1.0
    },
    "per_mode_analysis": [
      {
        "mode": 1,
        "frequency_recovery": 1.0,
        "mac_value": 0.5956110796512644,
        "damping_recovery": 1.0
      },
      {
        "mode": 2,
        "frequency_recovery": 1.0,
        "mac_value": 0.9693071666760863,
        "damping_recovery": 1.0
      },
      {
        "mode": 3,
        "frequency_recovery": 0.0,
        "mac_value": 0.999152938324137,
        "damping_recovery": 1.0
      },
      {
        "mode": 4,
        "frequency_recovery": 1.0,
        "mac_value": 0.3171735776550884,
        "damping_recovery": 1.0
      },
      {
        "mode": 5,
        "frequency_recovery": 1.0,
        "mac_value": 0.10519476208806514,
        "damping_recovery": 1.0
      }
    ],
    "interpretation": "Good - Acceptable Repair",
    "interpretation_code": "GOOD",
    "confidence_level": "high"
  },
  "statistics": {
    "frequency_changes": {
      "original_to_damaged_percent": [
        50.2,
        39.7,
        48.7,
        15.0,
        14.7
      ],
      "damaged_to_repaired_percent": [
        -83.6,
        -46.2,
        -20.6,
        -26.5,
        -23.6
      ],
      "recovery_percent": [
        250.0,
        162.4,
        62.9,
        202.7,
        184.0
      ]
    },
    "average_stiffness_loss_percent": 33.67763509463279,
    "average_stiffness_recovery_percent": 172.40822147651005
  },
  "mode_mapping": {
    "damaged_to_original": null,
    "repaired_to_original": null
  },
  "mac_matrices": {
    "original_vs_damaged": [
      [
        0.647950710386802,
        0.44106493893087023,
        0.0989896035775444,
        0.14548896332898167,
        0.4599869962363924
      ],
      [
        0.5307715282300371,
        0.34312239673427214,
        0.04093733124708513,
        0.06783217517198675,
        0.3383173699038978
      ],
      [
        0.6331782386402727,
        0.5126311771935392,
        0.1347641121725793,
        0.18173657873023347,
        0.5116310144609535
      ],
      [
        0.6142450673870513,
        0.6076618930883926,
        0.2257641349394272,
        0.3013969826339126,
        0.6325457237868649
      ],
      [
        0.7129059989261878,
        0.3634066331752303,
        0.06785816705120186,
        0.09407145191196468,
        0.38657179043770745
      ]
    ],
    "original_vs_repaired": [
      [
        0.5956110796493989,
        0.9638221060814435,
        0.9810997936682445,
        0.17137025619596657,
        0.14597527543578717
      ],
      [
        0.45213985771716153,
        0.9693071666726486,
        0.9645313554913507,
        0.09218354935489209,
        0.07223759459851425
      ],
      [
        0.5928094035581679,
        0.9523243758214432,
        0.9991529383205584,
        0.21483530155064345,
        0.18632807341278623
      ],
      [
        0.6434645929715401,
        0.8194120572390122,
        0.9404009821931731,
        0.31717357765393145,
        0.28852525440120746
      ],
      [
        0.5804947624454219,
        0.9904805932209932,
        0.922173534083027,
        0.1284429453957447,
        0.10519476208768966
      ]
    ]
  },
  "recommendations": [
    "Structure suitable for normal operating loads",
    "Schedule follow-up inspection in 6 months",
    "Document repair in maintenance records",
    "Monitor vibration behavior periodically"
  ]
}