{
  "metadata": {
    "analysis_date": "2026-01-20T14:12:42",
    "program_version": "1.0",
    "structure_id": "ca8ff698-8a1",
    "sampling_rate_hz": 100.0,
    "recording_duration_sec": null
  },
  "modal_parameters": {
    "original_state": {
      "natural_frequencies_hz": [
        2.05078125,
        11.1083984375,
        21.9970703125,
        29.0283203125,
        36.181640625
      ],
      "mode_shapes": [
        [
          0.04194645157302571,
          0.013270921652520374,
          0.0256769865779176,
          0.20509829125771473,
          0.1093097828985624,
          1.0
        ],
        [
          0.054487676475101735,
          0.06310278590493344,
          0.08870453439456621,
          0.7422162475326356,
          0.27925341555577854,
          1.0
        ],
        [
          1.0,
          0.16160947400338543,
          0.37318797702029033,
          0.03180531591347725,
          0.036898876282974946,
          0.15213172534340363
        ],
        [
          1.0,
          0.1356266349179992,
          0.3027172150421213,
          0.10333528672609699,
          0.041685575026604055,
          0.15484045977855757
        ],
        [
          1.0,
          0.1505426771868023,
          0.3247178274892461,
          0.03671973107562883,
          0.061415266532150396,
          0.2590068263793103
        ]
      ],
      "damping_ratios": [
        0.02,
        0.02,
        0.02,
        0.02,
        0.02
      ]
    },
    "damaged_state": {
      "natural_frequencies_hz": [
        2.2216796875,
        10.302734375,
        14.84375,
        22.2412109375,
        29.7607421875
      ],
      "mode_shapes": [
        [
          0.3318140441529913,
          0.034046428695101154,
          0.11721271478321149,
          1.0,
          0.05444818682472058,
          0.7847484469732028
        ],
        [
          0.08129360739441699,
          0.036431139331681434,
          0.0241438948467728,
          1.0,
          0.10560657834595345,
          0.7210685126586458
        ],
        [
          0.6709954242440006,
          0.13739321321975273,
          0.10561729794014035,
          1.0,
          0.11134410343157354,
          0.1881525817616139
        ],
        [
          1.0,
          0.15741660665394375,
          0.2526998247266677,
          0.5762050479222954,
          0.10147330813841146,
          0.3508549968444082
        ],
        [
          1.0,
          0.0632605749639477,
          0.3139802434758413,
          0.05440297059442767,
          0.007550909347338013,
          0.03968185053090164
        ]
      ],
      "damping_ratios": [
        0.02,
        0.02,
        0.02,
        0.02,
        0.02
      ]
    },
    "repaired_state": {
      "natural_frequencies_hz": [
        2.4658203125,
        10.693359375,
        15.0390625,
        23.14453125,
        30.76171875
      ],
      "mode_shapes": [
        [
          0.1089456477320664,
          0.010394975341233894,
          0.014161663270879737,
          1.0,
          0.058163488885081056,
          0.6678240696869755
        ],
        [
          0.05100686269880743,
          0.02492393767579034,
          0.048639467233969315,
          1.0,
          0.2606091455636525,
          0.6845987773737887
        ],
        [
          0.6126240855974153,
          0.12901500088193288,
          0.3353438290835279,
          1.0,
          0.12331509272268998,
          0.4874851305646659
        ],
        [
          1.0,
          0.06549128081688475,
          0.1960958923851243,
          0.037225417903622326,
          0.03400544303617257,
          0.07016690858678991
        ],
        [
          1.0,
          0.04700446819767129,
          0.24899261281086063,
          0.02980798387169071,
          0.014066213848442869,
          0.049116703527683936
        ]
      ],
      "damping_ratios": [
        0.02,
        0.02,
        0.02,
        0.02,
        0.02
      ]
    }
  },
  "quality_assessment": {
    "overall_score": 0.5015197670751128,
    "breakdown": {
      "frequency_recovery": 0.16022786008324513,
      "mode_shape_match": 0.7380194567783007,
      "damping_recovery": 1.0
    },
    "per_mode_analysis": [
      {
        "mode": 1,
        "frequency_recovery": 0.0,
        "mac_value": 0.5064331679843438,
        "damping_recovery": 1.0
      },
      {
        "mode": 2,
        "frequency_recovery": 0.48484848484848486,
        "mac_value": 0.8974216222963162,
        "damping_recovery": 1.0
      },
      {
        "mode": 3,
        "frequency_recovery": 0.027303754266211604,
        "mac_value": 0.3609651704179958,
        "damping_recovery": 1.0
      },
      {
        "mode": 4,
        "frequency_recovery": 0.13309352517985612,
        "mac_value": 0.976644969322845,
        "damping_recovery": 1.0
      },
      {
        "mode": 5,
        "frequency_recovery": 0.155893536121673,
        "mac_value": 0.9486323538700032,
        "damping_recovery": 1.0
      }
    ],
    "interpretation": "Fair - Partial Improvement",
    "interpretation_code": "FAIR",
    "confidence_level": "high"
  },
  "statistics": {
    "frequency_changes": {
      "original_to_damaged_percent": [
        8.3,
        -7.3,
        -32.5,
        -23.4,
        -17.7
      ],
      "damaged_to_repaired_percent": [
        11.0,
        3.8,
        1.3,
        4.1,
        3.4
      ],
      "recovery_percent": [
        -142.9,
        48.5,
        2.7,
        13.3,
        15.6
      ]
    },
    "average_stiffness_loss_percent": -14.513223602486653,
    "average_stiffness_recovery_percent": -12.548642563104059
  },
  "mode_mapping": {
    "damaged_to_original": null,
    "repaired_to_original": null
  },
  "mac_matrices": {
    "original_vs_damaged": [
      [
        0.5571377375537769,
        0.545736494547099,
        0.11887655755865265,
        0.17148968008026638,
        0.008983150365790069
      ],
      [
        0.8630385551326988,
        0.8910557194558493,
        0.4110352267219781,
        0.3126785091079453,
        0.015601462529476702
      ],
      [
        0.1374455168842456,
        0.03183268779112644,
        0.3491916556783223,
        0.7718526241278717,
        0.9777703651340274
      ],
      [
        0.17949676427779776,
        0.055480763660712716,
        0.42092819574042073,
        0.8298874212775484,
        0.9807060687123045
      ],
      [
        0.18265751895951893,
        0.057010288288675985,
        0.36505077824143234,
        0.8031906457712537,
        0.951022054159049
      ]
    ],
    "original_vs_repaired": [
      [
        0.5064331679825204,
        0.5215802966973808,
        0.2965893828630799,
        0.015082560368754184,
        0.00990929539204555
      ],
      [
        0.856140405738788,
        0.8974216222934708,
        0.6174078170772724,
        0.019465478711196645,
        0.013638359351686564
      ],
      [
        0.036328281148171444,
        0.026056277049400788,
        0.3609651704167895,
        0.9619764879588811,
        0.9680380715478735
      ],
      [
        0.06257743499833651,
        0.04734318797630846,
        0.4161269844873717,
        0.9766449693191145,
        0.976024062288962
      ],
      [
        0.061464622076535025,
        0.04881258384129171,
        0.3938934320062349,
        0.9514583548081812,
        0.9486323538664351
      ]
    ]
  },
  "recommendations": [
    "Further repair recommended",
    "Schedule follow-up inspection in 6 months",
    "Document repair in maintenance records",
    "Monitor vibration behavior periodically"
  ]
}