{
  "metadata": {
    "analysis_date": "2026-01-15T20:46:16",
    "program_version": "1.0",
    "structure_id": "d3dc09ae-07f",
    "sampling_rate_hz": 100.0,
    "recording_duration_sec": null
  },
  "modal_parameters": {
    "original_state": {
      "natural_frequencies_hz": [
        8.0078125,
        16.162109375,
        24.12109375,
        32.177734375,
        45.263671875
      ],
      "mode_shapes": [
        [
          0.5587502654947569,
          1.0,
          0.7894673558312068,
          0.053050677322513985,
          0.028141497700830263,
          0.07359055258604487
        ],
        [
          0.6323891566815871,
          1.0,
          0.9098397291478646,
          0.05869085528782163,
          0.031786799910389206,
          0.07555976490585894
        ],
        [
          0.8549035462677225,
          1.0,
          0.7005552170716183,
          0.64438441018962,
          0.43061830721674005,
          0.4980111771918929
        ],
        [
          1.0,
          0.5258312714765405,
          0.3292583498490586,
          0.3244870407414778,
          0.6188623271146694,
          0.13830064775945167
        ],
        [
          0.1912014164072499,
          0.49035071426542065,
          0.21921666685372398,
          1.0,
          0.34506214717809236,
          0.7706222678270692
        ]
      ],
      "damping_ratios": [
        0.02,
        0.02,
        0.02,
        0.02,
        0.02
      ]
    },
    "damaged_state": {
      "natural_frequencies_hz": [
        7.91015625,
        15.869140625,
        23.828125,
        31.884765625,
        45.703125
      ],
      "mode_shapes": [
        [
          0.5339215442850719,
          1.0,
          0.6759146560904444,
          0.0423032266681948,
          0.022533779326892142,
          0.16837142771955535
        ],
        [
          0.7229868091092061,
          1.0,
          0.9854668514046145,
          0.07331650495435395,
          0.12604843912278793,
          0.18569475122132395
        ],
        [
          0.7858978467775909,
          1.0,
          0.7656045455691852,
          0.07161748111419332,
          0.06418550891773282,
          0.168267114036451
        ],
        [
          0.6678357579448247,
          0.821226175007908,
          1.0,
          0.30388583223115156,
          0.43881918162026257,
          0.22964326928475257
        ],
        [
          1.0,
          0.23201822110734413,
          0.9767927988710224,
          0.7233959107890019,
          0.9399523175665269,
          0.7685328445004191
        ]
      ],
      "damping_ratios": [
        0.02,
        0.02,
        0.02,
        0.02,
        0.02
      ]
    },
    "repaired_state": {
      "natural_frequencies_hz": [
        8.0078125,
        13.232421875,
        17.87109375,
        23.974609375,
        39.94140625
      ],
      "mode_shapes": [
        [
          0.7376418700018403,
          1.0,
          0.9638523945169942,
          0.23076619159504638,
          0.1295462257156221,
          0.08229158627024936
        ],
        [
          1.0,
          0.40307066841654604,
          0.7226322299925942,
          0.2437651218866151,
          0.4980783834932664,
          0.693652292681032
        ],
        [
          0.3323115891961724,
          0.17782608660615773,
          1.0,
          0.45409026351375575,
          0.18147596498315605,
          0.18186422126371962
        ],
        [
          0.7706157803013707,
          1.0,
          0.8809277586911614,
          0.13944993984740028,
          0.05335728581815384,
          0.09803236222579643
        ],
        [
          0.7932325172877068,
          0.7888056170616813,
          1.0,
          0.12525233774972228,
          0.25051776238272616,
          0.093134236576387
        ]
      ],
      "damping_ratios": [
        0.02,
        0.02,
        0.02,
        0.02,
        0.02
      ]
    }
  },
  "quality_assessment": {
    "overall_score": 0.7524472489798357,
    "breakdown": {
      "frequency_recovery": 0.7,
      "mode_shape_match": 0.6748241632661192,
      "damping_recovery": 1.0
    },
    "per_mode_analysis": [
      {
        "mode": 1,
        "frequency_recovery": 1.0,
        "mac_value": 0.9717364310785945,
        "damping_recovery": 1.0
      },
      {
        "mode": 2,
        "frequency_recovery": 1.0,
        "mac_value": 0.5707110611530642,
        "damping_recovery": 1.0
      },
      {
        "mode": 3,
        "frequency_recovery": 0.5,
        "mac_value": 0.8057618771951266,
        "damping_recovery": 1.0
      },
      {
        "mode": 4,
        "frequency_recovery": 0.0,
        "mac_value": 0.7984683726900691,
        "damping_recovery": 1.0
      },
      {
        "mode": 5,
        "frequency_recovery": 1.0,
        "mac_value": 0.22744307421374138,
        "damping_recovery": 1.0
      }
    ],
    "interpretation": "Good - Acceptable Repair",
    "interpretation_code": "GOOD",
    "confidence_level": "high"
  },
  "statistics": {
    "frequency_changes": {
      "original_to_damaged_percent": [
        -1.2,
        -1.8,
        -1.2,
        -0.9,
        1.0
      ],
      "damaged_to_repaired_percent": [
        1.2,
        -16.6,
        -25.0,
        -24.8,
        -12.6
      ],
      "recovery_percent": [
        100.0,
        -900.0,
        -2033.3,
        -2700.0,
        1311.1
      ]
    },
    "average_stiffness_loss_percent": -0.837274507792712,
    "average_stiffness_recovery_percent": -844.4444444444443
  },
  "mode_mapping": {
    "damaged_to_original": null,
    "repaired_to_original": null
  },
  "mac_matrices": {
    "original_vs_damaged": [
      [
        0.9899722191659325,
        0.9789903394309823,
        0.9751366223221759,
        0.8615095334439721,
        0.36380752387791493
      ],
      [
        0.9768885055476497,
        0.9895622276787028,
        0.9759552126449614,
        0.8818888464050766,
        0.39578817672691596
      ],
      [
        0.7727691170001924,
        0.799978936669965,
        0.8133258108118414,
        0.8901200889093209,
        0.7440140038148245
      ],
      [
        0.5299447734555952,
        0.5995487899959181,
        0.6419288413306256,
        0.720644681813472,
        0.7387772109631473
      ],
      [
        0.23452177005740285,
        0.2347909270682582,
        0.2331052616549418,
        0.38118963978091414,
        0.5710741129255689
      ]
    ],
    "original_vs_repaired": [
      [
        0.971736431075983,
        0.5391812235309977,
        0.5197620535175457,
        0.9825737239942877,
        0.9170168242458586
      ],
      [
        0.9820688520751675,
        0.5695317402191329,
        0.5707110611513414,
        0.989443471095283,
        0.9439478286897715
      ],
      [
        0.8314107963489804,
        0.8107159579573673,
        0.6072308541575734,
        0.8057618771931664,
        0.8038682917661271
      ],
      [
        0.6326929227123147,
        0.7984683726878923,
        0.4040600794744244,
        0.619762316821034,
        0.6887500694568889
      ],
      [
        0.2686490435674154,
        0.4448526498887165,
        0.3658067447575367,
        0.23137883263948586,
        0.2274430742131252
      ]
    ]
  },
  "recommendations": [
    "Structure suitable for normal operating loads",
    "Schedule follow-up inspection in 6 months",
    "Document repair in maintenance records",
    "Monitor vibration behavior periodically"
  ]
}