{
  "metadata": {
    "analysis_date": "2026-01-22T13:05:32",
    "program_version": "1.0",
    "structure_id": "d4554bcb-6f9",
    "sampling_rate_hz": 100.0,
    "recording_duration_sec": null
  },
  "modal_parameters": {
    "original_state": {
      "natural_frequencies_hz": [
        2.44140625,
        7.2509765625,
        16.4306640625,
        23.5595703125,
        31.9091796875
      ],
      "mode_shapes": [
        [
          0.5227585225697282,
          0.10427300703958302,
          0.1522456297513572,
          1.0,
          0.09243524377816727,
          0.7617146478486998
        ],
        [
          0.10450160230579185,
          0.037863668686398066,
          0.05439420601649092,
          1.0,
          0.12451502951680514,
          0.42865712006036594
        ],
        [
          0.16038171290408987,
          0.0077895945270038775,
          0.14132692050101456,
          0.11941603664232384,
          0.09695887746988087,
          1.0
        ],
        [
          1.0,
          0.06022899113614736,
          0.39126023545552885,
          0.08985546547360135,
          0.04596776945615948,
          0.42117278215957643
        ],
        [
          1.0,
          0.0353546373346567,
          0.41942079457373505,
          0.01256874879389121,
          0.002783595587316954,
          0.007057268721943781
        ]
      ],
      "damping_ratios": [
        0.02,
        0.02,
        0.02,
        0.02,
        0.02
      ]
    },
    "damaged_state": {
      "natural_frequencies_hz": [
        8.88671875,
        13.671875,
        18.4814453125,
        22.4853515625,
        28.90625
      ],
      "mode_shapes": [
        [
          0.05118325068692287,
          0.0045080537772909995,
          0.009420241327197031,
          1.0,
          0.23168831366802023,
          0.5330682529447519
        ],
        [
          0.7409027219761726,
          0.17217458165922653,
          0.12159193610974894,
          1.0,
          0.21525967861565623,
          0.9689396221391895
        ],
        [
          0.05735948034119617,
          0.013863904655096723,
          0.03457040677727756,
          0.021620514464163028,
          0.09015644236155085,
          1.0
        ],
        [
          0.3069452448435961,
          0.042028695247282866,
          0.2261623889364368,
          0.0774884538628279,
          0.10886025526270102,
          1.0
        ],
        [
          1.0,
          0.011801919718251607,
          0.7493943500037339,
          0.028208558481352564,
          0.006070593804598313,
          0.022681711438756486
        ]
      ],
      "damping_ratios": [
        0.02,
        0.02,
        0.02,
        0.02,
        0.02
      ]
    },
    "repaired_state": {
      "natural_frequencies_hz": [
        2.4658203125,
        10.693359375,
        15.0390625,
        23.14453125,
        30.76171875
      ],
      "mode_shapes": [
        [
          0.1089456477320664,
          0.010394975341233894,
          0.014161663270879737,
          1.0,
          0.058163488885081056,
          0.6678240696869755
        ],
        [
          0.05100686269880743,
          0.02492393767579034,
          0.048639467233969315,
          1.0,
          0.2606091455636525,
          0.6845987773737887
        ],
        [
          0.6126240855974153,
          0.12901500088193288,
          0.3353438290835279,
          1.0,
          0.12331509272268998,
          0.4874851305646659
        ],
        [
          1.0,
          0.06549128081688475,
          0.1960958923851243,
          0.037225417903622326,
          0.03400544303617257,
          0.07016690858678991
        ],
        [
          1.0,
          0.04700446819767129,
          0.24899261281086063,
          0.02980798387169071,
          0.014066213848442869,
          0.049116703527683936
        ]
      ],
      "damping_ratios": [
        0.02,
        0.02,
        0.02,
        0.02,
        0.02
      ]
    }
  },
  "quality_assessment": {
    "overall_score": 0.7637005915423314,
    "breakdown": {
      "frequency_recovery": 0.6458697258909348,
      "mode_shape_match": 0.8025524286562133,
      "damping_recovery": 1.0
    },
    "per_mode_analysis": [
      {
        "mode": 1,
        "frequency_recovery": 0.9978260869565218,
        "mac_value": 0.8942980640124365,
        "damping_recovery": 1.0
      },
      {
        "mode": 2,
        "frequency_recovery": 0.0,
        "mac_value": 0.9512497627879475,
        "damping_recovery": 1.0
      },
      {
        "mode": 3,
        "frequency_recovery": 1.0,
        "mac_value": 0.31183046927914065,
        "damping_recovery": 1.0
      },
      {
        "mode": 4,
        "frequency_recovery": 0.6136363636363636,
        "mac_value": 0.8808127686789945,
        "damping_recovery": 1.0
      },
      {
        "mode": 5,
        "frequency_recovery": 0.6178861788617886,
        "mac_value": 0.9745710785225475,
        "damping_recovery": 1.0
      }
    ],
    "interpretation": "Good - Acceptable Repair",
    "interpretation_code": "GOOD",
    "confidence_level": "high"
  },
  "statistics": {
    "frequency_changes": {
      "original_to_damaged_percent": [
        264.0,
        88.6,
        12.5,
        -4.6,
        -9.4
      ],
      "damaged_to_repaired_percent": [
        -72.3,
        -21.8,
        -18.6,
        2.9,
        6.4
      ],
      "recovery_percent": [
        99.6,
        46.4,
        167.9,
        61.4,
        61.8
      ]
    },
    "average_stiffness_loss_percent": 70.21263298666683,
    "average_stiffness_recovery_percent": 87.403688385558
  },
  "mode_mapping": {
    "damaged_to_original": null,
    "repaired_to_original": null
  },
  "mac_matrices": {
    "original_vs_damaged": [
      [
        0.8341602482880245,
        0.9735776323988041,
        0.3571557468716404,
        0.49772678090656336,
        0.15791988370950244
      ],
      [
        0.9803042403634786,
        0.7501041727792221,
        0.17941946565198486,
        0.22614392611706627,
        0.017910706471152383
      ],
      [
        0.326843886061165,
        0.56353104253428,
        0.9705356122158622,
        0.9735639057318946,
        0.051365648635029626
      ],
      [
        0.08019584007549584,
        0.492580750912456,
        0.18278845146868955,
        0.4410613041431999,
        0.8120898188163199
      ],
      [
        0.0033090436503683887,
        0.22039869463523007,
        0.005355099227575251,
        0.12352680642383183,
        0.9399967506206464
      ]
    ],
    "original_vs_repaired": [
      [
        0.8942980640096582,
        0.8561403581299398,
        0.9376035291448206,
        0.21430742358401417,
        0.19860577653289002
      ],
      [
        0.9609292363275549,
        0.9512497627846894,
        0.8058559758434068,
        0.028059343735955956,
        0.02292968169279171
      ],
      [
        0.4222952713834554,
        0.4324635093837917,
        0.3118304692780669,
        0.063244113984873,
        0.05472709781189961
      ],
      [
        0.1216618874356036,
        0.10282721844998408,
        0.4688872419203441,
        0.8808127686757561,
        0.880629436728558
      ],
      [
        0.010232672685365533,
        0.00450214767417057,
        0.2896950316662091,
        0.9531554712846759,
        0.9745710785188637
      ]
    ]
  },
  "recommendations": [
    "Structure suitable for normal operating loads",
    "Schedule follow-up inspection in 6 months",
    "Document repair in maintenance records",
    "Monitor vibration behavior periodically"
  ]
}