{
  "metadata": {
    "analysis_date": "2026-01-15T20:29:39",
    "program_version": "1.0",
    "structure_id": "d63958e0-b65",
    "sampling_rate_hz": 100.0,
    "recording_duration_sec": null
  },
  "modal_parameters": {
    "original_state": {
      "natural_frequencies_hz": [
        7.8125,
        12.6953125,
        24.072265625,
        29.1015625,
        43.1640625
      ],
      "mode_shapes": [
        [
          0.918603911800983,
          0.5875013166853049,
          1.0,
          0.5088040029520643,
          0.3572351350843927,
          0.5282806378197458
        ],
        [
          1.0,
          0.19966335519416267,
          0.3204688725380869,
          0.31755100430621647,
          0.15371742595466412,
          0.014889767659731525
        ],
        [
          0.7122012911188362,
          0.6237007740028078,
          1.0,
          0.34597749049590903,
          0.32809353679678904,
          0.21830513841364393
        ],
        [
          1.0,
          0.6372326018275623,
          0.6798088523430695,
          0.2570947460326146,
          0.45002504057305237,
          0.19605418379176925
        ],
        [
          0.4745173478103937,
          0.6491497985469024,
          0.6098404776569113,
          0.48190879510115603,
          0.8592471181234638,
          1.0
        ]
      ],
      "damping_ratios": [
        0.02,
        0.02,
        0.02,
        0.02,
        0.02
      ]
    },
    "damaged_state": {
      "natural_frequencies_hz": [
        8.0078125,
        15.869140625,
        23.876953125,
        31.884765625,
        39.94140625
      ],
      "mode_shapes": [
        [
          0.7307145268314474,
          0.891496138118162,
          1.0,
          0.19343136482643516,
          0.15299648383617254,
          0.26744742600433496
        ],
        [
          0.7132475931008849,
          0.37134056144326555,
          1.0,
          0.3292944040778272,
          0.1564156928921301,
          0.23360501106190215
        ],
        [
          0.6261280115418827,
          0.8868230992230064,
          1.0,
          0.11717836229464712,
          0.12296579242525577,
          0.10024479622445866
        ],
        [
          0.7121700519060883,
          1.0,
          0.9528748288923349,
          0.2786895795172511,
          0.011181809355772102,
          0.09182186582073498
        ],
        [
          0.6334038351840432,
          0.25856944228024786,
          1.0,
          0.9386249916827315,
          0.06225300635181436,
          0.6724201110510638
        ]
      ],
      "damping_ratios": [
        0.02,
        0.02,
        0.02,
        0.02,
        0.02
      ]
    },
    "repaired_state": {
      "natural_frequencies_hz": [
        8.0078125,
        16.064453125,
        24.169921875,
        32.2265625,
        40.234375
      ],
      "mode_shapes": [
        [
          0.664168488253681,
          1.0,
          0.7699661568701627,
          0.04480605082334336,
          0.047409382105496875,
          0.018492098562724622
        ],
        [
          0.851943084568385,
          1.0,
          0.9764769408690853,
          0.12388805951184026,
          0.07142539462065801,
          0.07824887205826932
        ],
        [
          0.6838357413756811,
          1.0,
          0.748562831060295,
          0.13219412918825543,
          0.042299614107989304,
          0.1006181296472713
        ],
        [
          1.0,
          0.9784416645785786,
          0.8000096907945562,
          0.255637138243153,
          0.1739374069995052,
          0.5024872071182361
        ],
        [
          0.5882989659341891,
          0.24645662685071618,
          1.0,
          0.1168624772216104,
          0.21070752524081396,
          0.07479048229756602
        ]
      ],
      "damping_ratios": [
        0.02,
        0.02,
        0.02,
        0.02,
        0.02
      ]
    }
  },
  "quality_assessment": {
    "overall_score": 0.5163979769604887,
    "breakdown": {
      "frequency_recovery": 0.21818181818181817,
      "mode_shape_match": 0.6910235595652654,
      "damping_recovery": 1.0
    },
    "per_mode_analysis": [
      {
        "mode": 1,
        "frequency_recovery": -0.0,
        "mac_value": 0.6991658479038153,
        "damping_recovery": 1.0
      },
      {
        "mode": 2,
        "frequency_recovery": 0.0,
        "mac_value": 0.5847447890001802,
        "damping_recovery": 1.0
      },
      {
        "mode": 3,
        "frequency_recovery": 1.0,
        "mac_value": 0.8432865804068971,
        "damping_recovery": 1.0
      },
      {
        "mode": 4,
        "frequency_recovery": 0.0,
        "mac_value": 0.9063989510285775,
        "damping_recovery": 1.0
      },
      {
        "mode": 5,
        "frequency_recovery": 0.09090909090909091,
        "mac_value": 0.42152162948685706,
        "damping_recovery": 1.0
      }
    ],
    "interpretation": "Fair - Partial Improvement",
    "interpretation_code": "FAIR",
    "confidence_level": "high"
  },
  "statistics": {
    "frequency_changes": {
      "original_to_damaged_percent": [
        2.5,
        25.0,
        -0.8,
        9.6,
        -7.5
      ],
      "damaged_to_repaired_percent": [
        0.0,
        1.2,
        1.2,
        1.1,
        0.7
      ],
      "recovery_percent": [
        -0.0,
        -6.2,
        150.0,
        -12.3,
        9.1
      ]
    },
    "average_stiffness_loss_percent": 5.757267202895257,
    "average_stiffness_recovery_percent": 28.13127223653539
  },
  "mode_mapping": {
    "damaged_to_original": null,
    "repaired_to_original": null
  },
  "mac_matrices": {
    "original_vs_damaged": [
      [
        0.8820847569118498,
        0.9414960927725453,
        0.8017068760593012,
        0.7992226991266324,
        0.836965611146564
      ],
      [
        0.5570768513622663,
        0.6614907379189701,
        0.49658102856960784,
        0.5403713302463815,
        0.49249385456231404
      ],
      [
        0.9490459328831918,
        0.9605791007219394,
        0.9175667781618898,
        0.8943428850388452,
        0.7270715181218196
      ],
      [
        0.8631643237243216,
        0.839895071351925,
        0.8096416635354582,
        0.804217124226445,
        0.5787083373419717
      ],
      [
        0.5587745956991261,
        0.5371640559624343,
        0.45943306028256675,
        0.4352392701988817,
        0.6072855370491983
      ]
    ],
    "original_vs_repaired": [
      [
        0.6991658479020082,
        0.793987769324872,
        0.7507390631200339,
        0.9001640941593986,
        0.8236976001109592
      ],
      [
        0.49635292991407276,
        0.5847447889984302,
        0.5280724457636119,
        0.6579530479117015,
        0.5677527021363745
      ],
      [
        0.8171276313201077,
        0.8928374013920976,
        0.8432865804045763,
        0.883983369478197,
        0.9036727201845433
      ],
      [
        0.7812709350188602,
        0.8466322694533287,
        0.8089391513219184,
        0.9063989510262915,
        0.7653921724657538
      ],
      [
        0.37652501004236577,
        0.4223527379747715,
        0.43248453958648003,
        0.6394407365812599,
        0.4215216294856741
      ]
    ]
  },
  "recommendations": [
    "Further repair recommended",
    "Schedule follow-up inspection in 6 months",
    "Document repair in maintenance records",
    "Monitor vibration behavior periodically"
  ]
}