{
  "metadata": {
    "analysis_date": "2026-01-28T10:39:51",
    "program_version": "1.0",
    "structure_id": "d8c8f8a6-c34",
    "sampling_rate_hz": 100.0,
    "recording_duration_sec": null
  },
  "modal_parameters": {
    "original_state": {
      "natural_frequencies_hz": [
        2.44140625,
        7.2509765625,
        16.4306640625,
        23.5595703125,
        31.9091796875
      ],
      "mode_shapes": [
        [
          0.5227585225697282,
          0.10427300703958302,
          0.1522456297513572,
          1.0,
          0.09243524377816727,
          0.7617146478486998
        ],
        [
          0.10450160230579185,
          0.037863668686398066,
          0.05439420601649092,
          1.0,
          0.12451502951680514,
          0.42865712006036594
        ],
        [
          0.16038171290408987,
          0.0077895945270038775,
          0.14132692050101456,
          0.11941603664232384,
          0.09695887746988087,
          1.0
        ],
        [
          1.0,
          0.06022899113614736,
          0.39126023545552885,
          0.08985546547360135,
          0.04596776945615948,
          0.42117278215957643
        ],
        [
          1.0,
          0.0353546373346567,
          0.41942079457373505,
          0.01256874879389121,
          0.002783595587316954,
          0.007057268721943781
        ]
      ],
      "damping_ratios": [
        0.02,
        0.02,
        0.02,
        0.02,
        0.02
      ]
    },
    "damaged_state": {
      "natural_frequencies_hz": [
        3.5400390625,
        9.1796875,
        14.84375,
        20.3857421875,
        25.6591796875
      ],
      "mode_shapes": [
        [
          0.010782421255409017,
          0.026984418954497276,
          0.029039307357063986,
          0.1823360736620773,
          0.05207097818337626,
          1.0
        ],
        [
          0.008238868319167952,
          0.05014817227656593,
          0.02832222591702352,
          0.19656490366592752,
          0.06343292434014416,
          1.0
        ],
        [
          0.03888282589074196,
          1.0,
          0.6226645287334471,
          0.27434678697672876,
          0.11636992848373044,
          0.9552809252254139
        ],
        [
          0.06255976156514555,
          1.0,
          0.5619442722858751,
          0.044418231055692814,
          0.036655465794040894,
          0.20736597951936106
        ],
        [
          0.10565165472950479,
          0.3743458173124493,
          0.14451237462015548,
          0.14653091998479034,
          0.14353341110409285,
          1.0
        ]
      ],
      "damping_ratios": [
        0.02,
        0.02,
        0.02,
        0.02,
        0.02
      ]
    },
    "repaired_state": {
      "natural_frequencies_hz": [
        2.4658203125,
        10.693359375,
        15.0390625,
        23.14453125,
        30.76171875
      ],
      "mode_shapes": [
        [
          0.1089456477320664,
          0.010394975341233894,
          0.014161663270879737,
          1.0,
          0.058163488885081056,
          0.6678240696869755
        ],
        [
          0.05100686269880743,
          0.02492393767579034,
          0.048639467233969315,
          1.0,
          0.2606091455636525,
          0.6845987773737887
        ],
        [
          0.6126240855974153,
          0.12901500088193288,
          0.3353438290835279,
          1.0,
          0.12331509272268998,
          0.4874851305646659
        ],
        [
          1.0,
          0.06549128081688475,
          0.1960958923851243,
          0.037225417903622326,
          0.03400544303617257,
          0.07016690858678991
        ],
        [
          1.0,
          0.04700446819767129,
          0.24899261281086063,
          0.02980798387169071,
          0.014066213848442869,
          0.049116703527683936
        ]
      ],
      "damping_ratios": [
        0.02,
        0.02,
        0.02,
        0.02,
        0.02
      ]
    }
  },
  "quality_assessment": {
    "overall_score": 0.7194149006054109,
    "breakdown": {
      "frequency_recovery": 0.557298344017094,
      "mode_shape_match": 0.8025524286562133,
      "damping_recovery": 1.0
    },
    "per_mode_analysis": [
      {
        "mode": 1,
        "frequency_recovery": 0.9777777777777777,
        "mac_value": 0.8942980640124365,
        "damping_recovery": 1.0
      },
      {
        "mode": 2,
        "frequency_recovery": 0.0,
        "mac_value": 0.9512497627879475,
        "damping_recovery": 1.0
      },
      {
        "mode": 3,
        "frequency_recovery": 0.12307692307692308,
        "mac_value": 0.31183046927914065,
        "damping_recovery": 1.0
      },
      {
        "mode": 4,
        "frequency_recovery": 0.8692307692307693,
        "mac_value": 0.8808127686789945,
        "damping_recovery": 1.0
      },
      {
        "mode": 5,
        "frequency_recovery": 0.81640625,
        "mac_value": 0.9745710785225475,
        "damping_recovery": 1.0
      }
    ],
    "interpretation": "Good - Acceptable Repair",
    "interpretation_code": "GOOD",
    "confidence_level": "high"
  },
  "statistics": {
    "frequency_changes": {
      "original_to_damaged_percent": [
        45.0,
        26.6,
        -9.7,
        -13.5,
        -19.6
      ],
      "damaged_to_repaired_percent": [
        -30.3,
        16.5,
        1.3,
        13.5,
        19.9
      ],
      "recovery_percent": [
        97.8,
        -78.5,
        12.3,
        86.9,
        81.6
      ]
    },
    "average_stiffness_loss_percent": 5.776547452015789,
    "average_stiffness_recovery_percent": 40.033631870063836
  },
  "mode_mapping": {
    "damaged_to_original": null,
    "repaired_to_original": null
  },
  "mac_matrices": {
    "original_vs_damaged": [
      [
        0.47011612489634796,
        0.48223834392681914,
        0.33493931391533277,
        0.07082149019855266,
        0.4677816199001158
      ],
      [
        0.30619658980930725,
        0.31980190004840825,
        0.2063914068666958,
        0.02730409001219871,
        0.2658317765989151
      ],
      [
        0.9613726737528875,
        0.9582220476466947,
        0.47445839043245025,
        0.06726307847765788,
        0.8844817290341569
      ],
      [
        0.15415967822984675,
        0.15316695475385753,
        0.18693477990341176,
        0.1033631488744282,
        0.23982793638227282
      ],
      [
        0.0009136707889799239,
        0.0008105400302866957,
        0.04251121547109516,
        0.07008214536506757,
        0.02493228383011204
      ]
    ],
    "original_vs_repaired": [
      [
        0.8942980640096582,
        0.85614035812994,
        0.9376035291448206,
        0.21430742358401417,
        0.19860577653289002
      ],
      [
        0.9609292363275549,
        0.9512497627846892,
        0.8058559758434066,
        0.028059343735955956,
        0.02292968169279171
      ],
      [
        0.4222952713834554,
        0.4324635093837917,
        0.3118304692780669,
        0.063244113984873,
        0.05472709781189961
      ],
      [
        0.12166188743560365,
        0.10282721844998408,
        0.4688872419203441,
        0.8808127686757561,
        0.880629436728558
      ],
      [
        0.010232672685365533,
        0.00450214767417057,
        0.2896950316662091,
        0.9531554712846759,
        0.9745710785188637
      ]
    ]
  },
  "recommendations": [
    "Structure suitable for normal operating loads",
    "Schedule follow-up inspection in 6 months",
    "Document repair in maintenance records",
    "Monitor vibration behavior periodically"
  ]
}