{
  "metadata": {
    "analysis_date": "2026-01-27T08:18:22",
    "program_version": "1.0",
    "structure_id": "da7fe38a-692",
    "sampling_rate_hz": 100.0,
    "recording_duration_sec": null
  },
  "modal_parameters": {
    "original_state": {
      "natural_frequencies_hz": [
        2.44140625,
        7.2509765625,
        16.4306640625,
        23.5595703125,
        31.9091796875
      ],
      "mode_shapes": [
        [
          0.5227585225697282,
          0.10427300703958302,
          0.1522456297513572,
          1.0,
          0.09243524377816727,
          0.7617146478486998
        ],
        [
          0.10450160230579185,
          0.037863668686398066,
          0.05439420601649092,
          1.0,
          0.12451502951680514,
          0.42865712006036594
        ],
        [
          0.16038171290408987,
          0.0077895945270038775,
          0.14132692050101456,
          0.11941603664232384,
          0.09695887746988087,
          1.0
        ],
        [
          1.0,
          0.06022899113614736,
          0.39126023545552885,
          0.08985546547360135,
          0.04596776945615948,
          0.42117278215957643
        ],
        [
          1.0,
          0.0353546373346567,
          0.41942079457373505,
          0.01256874879389121,
          0.002783595587316954,
          0.007057268721943781
        ]
      ],
      "damping_ratios": [
        0.02,
        0.02,
        0.02,
        0.02,
        0.02
      ]
    },
    "damaged_state": {
      "natural_frequencies_hz": [
        2.099609375,
        11.083984375,
        22.8515625,
        30.6396484375,
        38.8427734375
      ],
      "mode_shapes": [
        [
          0.03224306484405617,
          0.008718149231593659,
          0.046987524146987564,
          1.0,
          0.12053168388074204,
          0.46313964062937635
        ],
        [
          0.0291460755346807,
          0.013025704789083492,
          0.07223177232566508,
          1.0,
          0.04733651090177117,
          0.47193655847558463
        ],
        [
          1.0,
          0.376398676099953,
          0.11796088775068155,
          0.14126526501935108,
          0.04833326471769058,
          0.22562933259490356
        ],
        [
          1.0,
          0.015213339781438991,
          0.10184417635568178,
          0.07182136176482996,
          0.007716591254487288,
          0.034921374478157755
        ],
        [
          0.3931285051061416,
          0.10605974780168614,
          0.0814502501888822,
          1.0,
          0.09328772499708218,
          0.2856683922215705
        ]
      ],
      "damping_ratios": [
        0.02,
        0.02,
        0.02,
        0.02,
        0.02
      ]
    },
    "repaired_state": {
      "natural_frequencies_hz": [
        2.4658203125,
        10.693359375,
        15.0390625,
        23.14453125,
        30.76171875
      ],
      "mode_shapes": [
        [
          0.1089456477320664,
          0.010394975341233894,
          0.014161663270879737,
          1.0,
          0.058163488885081056,
          0.6678240696869755
        ],
        [
          0.05100686269880743,
          0.02492393767579034,
          0.048639467233969315,
          1.0,
          0.2606091455636525,
          0.6845987773737887
        ],
        [
          0.6126240855974153,
          0.12901500088193288,
          0.3353438290835279,
          1.0,
          0.12331509272268998,
          0.4874851305646659
        ],
        [
          1.0,
          0.06549128081688475,
          0.1960958923851243,
          0.037225417903622326,
          0.03400544303617257,
          0.07016690858678991
        ],
        [
          1.0,
          0.04700446819767129,
          0.24899261281086063,
          0.02980798387169071,
          0.014066213848442869,
          0.049116703527683936
        ]
      ],
      "damping_ratios": [
        0.02,
        0.02,
        0.02,
        0.02,
        0.02
      ]
    }
  },
  "quality_assessment": {
    "overall_score": 0.701951506359624,
    "breakdown": {
      "frequency_recovery": 0.52237155552552,
      "mode_shape_match": 0.8025524286562133,
      "damping_recovery": 1.0
    },
    "per_mode_analysis": [
      {
        "mode": 1,
        "frequency_recovery": 1.0,
        "mac_value": 0.8942980640124365,
        "damping_recovery": 1.0
      },
      {
        "mode": 2,
        "frequency_recovery": 0.10191082802547771,
        "mac_value": 0.9512497627879475,
        "damping_recovery": 1.0
      },
      {
        "mode": 3,
        "frequency_recovery": 1.0,
        "mac_value": 0.31183046927914065,
        "damping_recovery": 1.0
      },
      {
        "mode": 4,
        "frequency_recovery": 0.41379310344827586,
        "mac_value": 0.8808127686789945,
        "damping_recovery": 1.0
      },
      {
        "mode": 5,
        "frequency_recovery": 0.09615384615384616,
        "mac_value": 0.9745710785225475,
        "damping_recovery": 1.0
      }
    ],
    "interpretation": "Good - Acceptable Repair",
    "interpretation_code": "GOOD",
    "confidence_level": "high"
  },
  "statistics": {
    "frequency_changes": {
      "original_to_damaged_percent": [
        -14.0,
        52.9,
        39.1,
        30.1,
        21.7
      ],
      "damaged_to_repaired_percent": [
        17.4,
        -3.5,
        -34.2,
        -24.5,
        -20.8
      ],
      "recovery_percent": [
        107.1,
        10.2,
        121.7,
        105.9,
        116.5
      ]
    },
    "average_stiffness_loss_percent": 25.944333783533192,
    "average_stiffness_recovery_percent": 92.28366169757028
  },
  "mode_mapping": {
    "damaged_to_original": null,
    "repaired_to_original": null
  },
  "mac_matrices": {
    "original_vs_damaged": [
      [
        0.8254927566528572,
        0.8293691973163255,
        0.34577661258239045,
        0.21173165322128737,
        0.8844409960809521
      ],
      [
        0.9940698426018052,
        0.9882698310718996,
        0.09131802108292443,
        0.031855772492825875,
        0.9134267478382099
      ],
      [
        0.2787654019781105,
        0.28346640417838387,
        0.13885950083868662,
        0.044152621306886894,
        0.17744934822002092
      ],
      [
        0.07044278587996783,
        0.07358782426969697,
        0.8411757480263382,
        0.8253687245130523,
        0.24572492090612
      ],
      [
        0.003227475993602266,
        0.003977570555120934,
        0.7858725998076868,
        0.9109590844131202,
        0.13372542245716826
      ]
    ],
    "original_vs_repaired": [
      [
        0.8942980640096582,
        0.85614035812994,
        0.9376035291448206,
        0.21430742358401417,
        0.19860577653289002
      ],
      [
        0.9609292363275549,
        0.9512497627846892,
        0.8058559758434066,
        0.028059343735955956,
        0.02292968169279171
      ],
      [
        0.4222952713834554,
        0.4324635093837917,
        0.3118304692780669,
        0.063244113984873,
        0.05472709781189961
      ],
      [
        0.12166188743560365,
        0.10282721844998408,
        0.4688872419203441,
        0.8808127686757561,
        0.880629436728558
      ],
      [
        0.010232672685365533,
        0.00450214767417057,
        0.2896950316662091,
        0.9531554712846759,
        0.9745710785188637
      ]
    ]
  },
  "recommendations": [
    "Structure suitable for normal operating loads",
    "Schedule follow-up inspection in 6 months",
    "Document repair in maintenance records",
    "Monitor vibration behavior periodically"
  ]
}