{
  "metadata": {
    "analysis_date": "2026-01-15T20:13:57",
    "program_version": "1.0",
    "structure_id": "dffb68e7-aaf",
    "sampling_rate_hz": 100.0,
    "recording_duration_sec": null
  },
  "modal_parameters": {
    "original_state": {
      "natural_frequencies_hz": [
        7.958984375,
        17.87109375,
        23.828125,
        32.470703125,
        44.189453125
      ],
      "mode_shapes": [
        [
          0.6008922122795551,
          1.0,
          0.6214071160727107,
          0.13691990579302485,
          0.057142690945398984,
          0.13665819254283526
        ],
        [
          0.10156858850178883,
          0.50525165181269,
          1.0,
          0.26670305558853064,
          0.02326450481790341,
          0.25512765423943423
        ],
        [
          0.9595193274121138,
          1.0,
          0.5496862399457194,
          0.417928465031681,
          0.11592297858290672,
          0.33547717370452773
        ],
        [
          0.6217960417379792,
          0.22215433850591565,
          0.8356962063575128,
          1.0,
          0.40157184719842526,
          0.22330555125816984
        ],
        [
          0.7456587621755065,
          0.2697195850024032,
          1.0,
          0.4822732998222069,
          0.3090937154037512,
          0.7894324584632291
        ]
      ],
      "damping_ratios": [
        0.02,
        0.02,
        0.02,
        0.02,
        0.02
      ]
    },
    "damaged_state": {
      "natural_frequencies_hz": [
        7.91015625,
        15.91796875,
        23.876953125,
        31.93359375,
        39.84375
      ],
      "mode_shapes": [
        [
          0.7378147977224486,
          1.0,
          0.8265542519974644,
          0.060596218239004185,
          0.11878993831997216,
          0.10479480017484838
        ],
        [
          0.7405196236071843,
          0.929083510276167,
          1.0,
          0.09766982006158895,
          0.07643252521447425,
          0.09101686026363742
        ],
        [
          0.4450639356263581,
          0.8559056804922239,
          1.0,
          0.08043552822104173,
          0.16268082224090982,
          0.13132185910026717
        ],
        [
          0.4212836275971805,
          1.0,
          0.7868168391075125,
          0.5280856509173029,
          0.2023224379823698,
          0.45162192164391635
        ],
        [
          0.3739443612622436,
          0.8960808999652059,
          1.0,
          0.45260183994592085,
          0.4895546002266834,
          0.33304478138358923
        ]
      ],
      "damping_ratios": [
        0.02,
        0.02,
        0.02,
        0.02,
        0.02
      ]
    },
    "repaired_state": {
      "natural_frequencies_hz": [
        8.0078125,
        16.064453125,
        24.169921875,
        32.2265625,
        40.234375
      ],
      "mode_shapes": [
        [
          0.664168488253681,
          1.0,
          0.7699661568701627,
          0.04480605082334336,
          0.047409382105496875,
          0.018492098562724622
        ],
        [
          0.851943084568385,
          1.0,
          0.9764769408690853,
          0.12388805951184026,
          0.07142539462065801,
          0.07824887205826932
        ],
        [
          0.6838357413756811,
          1.0,
          0.748562831060295,
          0.13219412918825543,
          0.042299614107989304,
          0.1006181296472713
        ],
        [
          1.0,
          0.9784416645785786,
          0.8000096907945562,
          0.255637138243153,
          0.1739374069995052,
          0.5024872071182361
        ],
        [
          0.5882989659341891,
          0.24645662685071618,
          1.0,
          0.1168624772216104,
          0.21070752524081396,
          0.07479048229756602
        ]
      ],
      "damping_ratios": [
        0.02,
        0.02,
        0.02,
        0.02,
        0.02
      ]
    }
  },
  "quality_assessment": {
    "overall_score": 0.6032205519133387,
    "breakdown": {
      "frequency_recovery": 0.3420684371807967,
      "mode_shape_match": 0.7739544444098011,
      "damping_recovery": 1.0
    },
    "per_mode_analysis": [
      {
        "mode": 1,
        "frequency_recovery": 1.0,
        "mac_value": 0.9789515351968139,
        "damping_recovery": 1.0
      },
      {
        "mode": 2,
        "frequency_recovery": 0.075,
        "mac_value": 0.6941110376605799,
        "damping_recovery": 1.0
      },
      {
        "mode": 3,
        "frequency_recovery": 0.0,
        "mac_value": 0.8999388078596338,
        "damping_recovery": 1.0
      },
      {
        "mode": 4,
        "frequency_recovery": 0.5454545454545454,
        "mac_value": 0.5478208652229247,
        "damping_recovery": 1.0
      },
      {
        "mode": 5,
        "frequency_recovery": 0.0898876404494382,
        "mac_value": 0.7489499761090538,
        "damping_recovery": 1.0
      }
    ],
    "interpretation": "Fair - Partial Improvement",
    "interpretation_code": "FAIR",
    "confidence_level": "high"
  },
  "statistics": {
    "frequency_changes": {
      "original_to_damaged_percent": [
        -0.6,
        -10.9,
        0.2,
        -1.7,
        -9.8
      ],
      "damaged_to_repaired_percent": [
        1.2,
        0.9,
        1.2,
        0.9,
        1.0
      ],
      "recovery_percent": [
        200.0,
        7.5,
        -600.0,
        54.5,
        9.0
      ]
    },
    "average_stiffness_loss_percent": -4.565186026070921,
    "average_stiffness_recovery_percent": -65.79315628192032
  },
  "mode_mapping": {
    "damaged_to_original": null,
    "repaired_to_original": null
  },
  "mac_matrices": {
    "original_vs_damaged": [
      [
        0.9780875153723663,
        0.9424112531839748,
        0.897658396995903,
        0.8589238572076288,
        0.7893162882052093
      ],
      [
        0.666676251747458,
        0.745579762205483,
        0.8497621517062665,
        0.7824461794717223,
        0.8324946310415233
      ],
      [
        0.8785231871258783,
        0.8381666782790107,
        0.744547362182143,
        0.8511241595253143,
        0.7415896439611687
      ],
      [
        0.4270676204537256,
        0.4773570249891853,
        0.46996941324831504,
        0.6301107820893438,
        0.6764077688869492
      ],
      [
        0.5535307348011598,
        0.6023097296963097,
        0.6029784976774087,
        0.698157221065214,
        0.7191796936453719
      ]
    ],
    "original_vs_repaired": [
      [
        0.9789515351939779,
        0.9558850072354207,
        0.9921232197888042,
        0.9107940328479751,
        0.6035048324677198
      ],
      [
        0.6474111275954114,
        0.6941110376585632,
        0.6650331659690178,
        0.6169508488980516,
        0.7449412873155206
      ],
      [
        0.8498884904712614,
        0.8722778290733885,
        0.8999388078572457,
        0.9614769788215505,
        0.573641450259623
      ],
      [
        0.3792225742381266,
        0.47592740769845576,
        0.43245145121051515,
        0.5478208652215706,
        0.6303061288740659
      ],
      [
        0.4781152027591553,
        0.5873930873362393,
        0.5345280641983454,
        0.7474308437863859,
        0.7489499761068857
      ]
    ]
  },
  "recommendations": [
    "Further repair recommended",
    "Schedule follow-up inspection in 6 months",
    "Document repair in maintenance records",
    "Monitor vibration behavior periodically"
  ]
}