{
  "metadata": {
    "analysis_date": "2026-01-17T20:33:03",
    "program_version": "1.0",
    "structure_id": "e158a919-aa3",
    "sampling_rate_hz": 100.0,
    "recording_duration_sec": null
  },
  "modal_parameters": {
    "original_state": {
      "natural_frequencies_hz": [
        13.18359375,
        18.212890625,
        23.291015625,
        33.88671875,
        41.357421875
      ],
      "mode_shapes": [
        [
          0.7980773549855884,
          1.0,
          0.12616057099490596,
          0.12698370058823624,
          0.20692829313773908,
          0.05158436514782366
        ],
        [
          0.4661667997278246,
          1.0,
          0.12496904283435768,
          0.06526871381678989,
          0.022204479900325667,
          0.047503131127116155
        ],
        [
          0.23195417742320187,
          1.0,
          0.11660046074634844,
          0.2729225650788159,
          0.19021645779182725,
          0.04745224499461143
        ],
        [
          0.2503654761977683,
          0.10047669294156211,
          0.012219021711147842,
          0.5262755345226909,
          1.0,
          0.02032599421486494
        ],
        [
          0.4930914838430129,
          1.0,
          0.09254873562230576,
          0.06760119511014892,
          0.1329147667102057,
          0.022208469324526147
        ]
      ],
      "damping_ratios": [
        0.02,
        0.02,
        0.02,
        0.02,
        0.02
      ]
    },
    "damaged_state": {
      "natural_frequencies_hz": [
        18.45703125,
        22.607421875,
        32.568359375,
        41.40625,
        47.265625
      ],
      "mode_shapes": [
        [
          1.0,
          0.2933104902281205,
          0.0934555897224245,
          0.17780635185824417,
          0.7099532922606737,
          0.09250714674883304
        ],
        [
          0.26082570476339545,
          0.295391317384258,
          0.07592715976421051,
          0.12079202014684137,
          1.0,
          0.08215094719686422
        ],
        [
          0.1549982007632731,
          0.18678603551560388,
          0.05598807828114463,
          0.14575226306008246,
          1.0,
          0.16558359176482723
        ],
        [
          0.7217598912516959,
          1.0,
          0.06253131716590521,
          0.04613742970068704,
          0.5055500493519518,
          0.0321916070533782
        ],
        [
          0.2558926515126209,
          0.1390692598090145,
          0.043302748470965456,
          0.2234657041453309,
          1.0,
          0.08384336452881878
        ]
      ],
      "damping_ratios": [
        0.02,
        0.02,
        0.02,
        0.02,
        0.02
      ]
    },
    "repaired_state": {
      "natural_frequencies_hz": [
        4.833984375,
        18.408203125,
        22.607421875,
        31.005859375,
        38.916015625
      ],
      "mode_shapes": [
        [
          0.6378192689346919,
          1.0,
          0.08192596335215435,
          0.059790288878012535,
          0.3752208119259074,
          0.03189997226460402
        ],
        [
          0.9321663262121348,
          1.0,
          0.1529517927500997,
          0.12253734243931148,
          0.1039896470612373,
          0.04243398153355325
        ],
        [
          0.24442171555131806,
          0.6631625050212884,
          0.0827689131191119,
          0.29823680968784355,
          1.0,
          0.06078694383841848
        ],
        [
          0.8664695788774691,
          0.5107774781661025,
          0.2409834683626667,
          0.8579228850263095,
          1.0,
          0.1626664357881849
        ],
        [
          0.07172732096079566,
          1.0,
          0.09802984037205927,
          0.48220008172255224,
          0.4025017437760885,
          0.04908583435813931
        ]
      ],
      "damping_ratios": [
        0.02,
        0.02,
        0.02,
        0.02,
        0.02
      ]
    }
  },
  "quality_assessment": {
    "overall_score": 0.9291322365277654,
    "breakdown": {
      "frequency_recovery": 0.9911111111111112,
      "mode_shape_match": 0.7785889365740332,
      "damping_recovery": 1.0
    },
    "per_mode_analysis": [
      {
        "mode": 1,
        "frequency_recovery": 1.0,
        "mac_value": 0.9653377456787336,
        "damping_recovery": 1.0
      },
      {
        "mode": 2,
        "frequency_recovery": 0.9555555555555556,
        "mac_value": 0.9027455090970963,
        "damping_recovery": 1.0
      },
      {
        "mode": 3,
        "frequency_recovery": 1.0,
        "mac_value": 0.534095220772539,
        "damping_recovery": 1.0
      },
      {
        "mode": 4,
        "frequency_recovery": 1.0,
        "mac_value": 0.7789793328333411,
        "damping_recovery": 1.0
      },
      {
        "mode": 5,
        "frequency_recovery": 1.0,
        "mac_value": 0.7117868744884559,
        "damping_recovery": 1.0
      }
    ],
    "interpretation": "Very Good - Highly Effective Repair",
    "interpretation_code": "VERY_GOOD",
    "confidence_level": "high"
  },
  "statistics": {
    "frequency_changes": {
      "original_to_damaged_percent": [
        40.0,
        24.1,
        39.8,
        22.2,
        14.3
      ],
      "damaged_to_repaired_percent": [
        -73.8,
        -18.6,
        -30.6,
        -25.1,
        -17.7
      ],
      "recovery_percent": [
        258.3,
        95.6,
        107.4,
        138.3,
        141.3
      ]
    },
    "average_stiffness_loss_percent": 28.087377491440527,
    "average_stiffness_recovery_percent": 148.1782624605591
  },
  "mode_mapping": {
    "damaged_to_original": null,
    "repaired_to_original": null
  },
  "mac_matrices": {
    "original_vs_damaged": [
      [
        0.5807427365784004,
        0.2698660495135005,
        0.15973865919347155,
        0.9407025457255788,
        0.17656289954036283
      ],
      [
        0.3172292098777817,
        0.14461751594642272,
        0.06782128452585932,
        0.8363885279329188,
        0.06540279793114954
      ],
      [
        0.271053135492189,
        0.2509730981785627,
        0.16643939902402136,
        0.7843395317802351,
        0.15584024845432307
      ],
      [
        0.5332922862455501,
        0.8444668581736591,
        0.8639784188104049,
        0.2740586385742104,
        0.9291684187612922
      ],
      [
        0.3908020784124465,
        0.2185978119093221,
        0.12157538088403953,
        0.9030323023948187,
        0.1205313761099654
      ]
    ],
    "original_vs_repaired": [
      [
        0.9653377456757125,
        0.9870440661080795,
        0.4548027911018506,
        0.49922608920711176,
        0.6116146035867331
      ],
      [
        0.9032206136052302,
        0.9027455090941718,
        0.34913912072587916,
        0.30253071686732386,
        0.6768016231596882
      ],
      [
        0.8447060002002212,
        0.7335183516114439,
        0.534095220770711,
        0.4108493252850617,
        0.9206565580716449
      ],
      [
        0.2123005499476488,
        0.09839572644899858,
        0.7671686702965227,
        0.7789793328310745,
        0.3166366945316851
      ],
      [
        0.953994372954538,
        0.9156836955549524,
        0.43893611552904593,
        0.3694943210837273,
        0.7117868744859968
      ]
    ]
  },
  "recommendations": [
    "Structure suitable for normal operating loads",
    "Schedule follow-up inspection in 6 months",
    "Document repair in maintenance records",
    "Monitor vibration behavior periodically"
  ]
}