{
  "metadata": {
    "analysis_date": "2026-01-17T16:01:36",
    "program_version": "1.0",
    "structure_id": "e3ccbcc2-8cb",
    "sampling_rate_hz": 100.0,
    "recording_duration_sec": null
  },
  "modal_parameters": {
    "original_state": {
      "natural_frequencies_hz": [
        9.619140625,
        14.0625,
        18.45703125,
        26.318359375,
        41.552734375
      ],
      "mode_shapes": [
        [
          0.649907229137116,
          1.0,
          0.12597191554444945,
          0.23235660621994206,
          0.419340325042872,
          0.015509454437398632
        ],
        [
          0.40404074832889264,
          1.0,
          0.1369290815086847,
          0.1186639411945409,
          0.2371196189424277,
          0.0329702194124233
        ],
        [
          0.44826850131073287,
          1.0,
          0.07265743080511423,
          0.10056246477281805,
          0.15118988607544356,
          0.015145846668872401
        ],
        [
          0.25985008552694006,
          1.0,
          0.11822426632896602,
          0.0937725094107475,
          0.105311253744204,
          0.0346085343962112
        ],
        [
          0.3355598698478362,
          1.0,
          0.050794966489563526,
          0.21862446977030475,
          0.6290596516047959,
          0.06700626842879727
        ]
      ],
      "damping_ratios": [
        0.02,
        0.02,
        0.02,
        0.02,
        0.02
      ]
    },
    "damaged_state": {
      "natural_frequencies_hz": [
        12.59765625,
        20.703125,
        32.51953125,
        37.20703125,
        46.728515625
      ],
      "mode_shapes": [
        [
          0.5404993620498247,
          0.698936667064629,
          0.13579464825986234,
          0.21714979297203535,
          1.0,
          0.06054205044895514
        ],
        [
          0.6627193952570488,
          1.0,
          0.06739238783585622,
          0.07217321927706619,
          0.8835951991681361,
          0.15291812850731198
        ],
        [
          0.07595914446328045,
          0.3010873293958926,
          0.014944097134578074,
          0.08180919888916433,
          1.0,
          0.09589404700123288
        ],
        [
          0.351201879438764,
          0.6700838034619044,
          0.31452573679575985,
          0.4645694501015617,
          1.0,
          0.31149985960774046
        ],
        [
          0.3716127850188267,
          0.3037132729774317,
          0.09978307524700954,
          0.26039128928103084,
          1.0,
          0.08008214255090038
        ]
      ],
      "damping_ratios": [
        0.02,
        0.02,
        0.02,
        0.02,
        0.02
      ]
    },
    "repaired_state": {
      "natural_frequencies_hz": [
        12.59765625,
        20.703125,
        32.51953125,
        37.20703125,
        46.728515625
      ],
      "mode_shapes": [
        [
          0.5404993620498247,
          0.698936667064629,
          0.13579464825986234,
          0.21714979297203535,
          1.0,
          0.06054205044895514
        ],
        [
          0.6627193952570488,
          1.0,
          0.06739238783585622,
          0.07217321927706619,
          0.8835951991681361,
          0.15291812850731198
        ],
        [
          0.07595914446328045,
          0.3010873293958926,
          0.014944097134578074,
          0.08180919888916433,
          1.0,
          0.09589404700123288
        ],
        [
          0.351201879438764,
          0.6700838034619044,
          0.31452573679575985,
          0.4645694501015617,
          1.0,
          0.31149985960774046
        ],
        [
          0.3716127850188267,
          0.3037132729774317,
          0.09978307524700954,
          0.26039128928103084,
          1.0,
          0.08008214255090038
        ]
      ],
      "damping_ratios": [
        0.02,
        0.02,
        0.02,
        0.02,
        0.02
      ]
    }
  },
  "quality_assessment": {
    "overall_score": 0.36955718487095357,
    "breakdown": {
      "frequency_recovery": 0.0,
      "mode_shape_match": 0.5651906162365119,
      "damping_recovery": 1.0
    },
    "per_mode_analysis": [
      {
        "mode": 1,
        "frequency_recovery": -0.0,
        "mac_value": 0.7664979198859246,
        "damping_recovery": 1.0
      },
      {
        "mode": 2,
        "frequency_recovery": -0.0,
        "mac_value": 0.5388087745785106,
        "damping_recovery": 1.0
      },
      {
        "mode": 3,
        "frequency_recovery": -0.0,
        "mac_value": 0.7478649620738075,
        "damping_recovery": 1.0
      },
      {
        "mode": 4,
        "frequency_recovery": -0.0,
        "mac_value": 0.15703422587513038,
        "damping_recovery": 1.0
      },
      {
        "mode": 5,
        "frequency_recovery": -0.0,
        "mac_value": 0.6157471987691862,
        "damping_recovery": 1.0
      }
    ],
    "interpretation": "Poor - Minimal Improvement",
    "interpretation_code": "POOR",
    "confidence_level": "high"
  },
  "statistics": {
    "frequency_changes": {
      "original_to_damaged_percent": [
        31.0,
        47.2,
        76.2,
        41.4,
        12.5
      ],
      "damaged_to_repaired_percent": [
        0.0,
        0.0,
        0.0,
        0.0,
        0.0
      ],
      "recovery_percent": [
        -0.0,
        -0.0,
        -0.0,
        -0.0,
        -0.0
      ]
    },
    "average_stiffness_loss_percent": 41.641202482864685,
    "average_stiffness_recovery_percent": 0.0
  },
  "mode_mapping": {
    "damaged_to_original": null,
    "repaired_to_original": null
  },
  "mac_matrices": {
    "original_vs_damaged": [
      [
        0.76649791988361,
        0.8898305342728409,
        0.3381002441809208,
        0.6528661334359119,
        0.49213963656037496
      ],
      [
        0.6218735021574814,
        0.7968716857931979,
        0.24442585740228415,
        0.5388087745767831,
        0.3307316557148551
      ],
      [
        0.5520289033136648,
        0.7478649620714676,
        0.17920105707530096,
        0.45087984743284937,
        0.2642412959722878
      ],
      [
        0.4739475790722799,
        0.6649903232683295,
        0.1570342258745335,
        0.41967723802756324,
        0.20461579840270888
      ],
      [
        0.8499974964631706,
        0.927792311874596,
        0.5530367615034598,
        0.7800216980221603,
        0.6157471987671268
      ]
    ],
    "original_vs_repaired": [
      [
        0.76649791988361,
        0.8898305342728409,
        0.3381002441809208,
        0.6528661334359119,
        0.49213963656037496
      ],
      [
        0.6218735021574814,
        0.7968716857931979,
        0.24442585740228415,
        0.5388087745767831,
        0.3307316557148551
      ],
      [
        0.5520289033136648,
        0.7478649620714676,
        0.17920105707530096,
        0.45087984743284937,
        0.2642412959722878
      ],
      [
        0.4739475790722799,
        0.6649903232683295,
        0.1570342258745335,
        0.41967723802756324,
        0.20461579840270888
      ],
      [
        0.8499974964631706,
        0.927792311874596,
        0.5530367615034598,
        0.7800216980221603,
        0.6157471987671268
      ]
    ]
  },
  "recommendations": [
    "Further repair recommended",
    "Schedule follow-up inspection in 6 months",
    "Document repair in maintenance records",
    "Monitor vibration behavior periodically"
  ]
}