{
  "metadata": {
    "analysis_date": "2026-01-17T16:01:03",
    "program_version": "1.0",
    "structure_id": "e47d282a-2b2",
    "sampling_rate_hz": 100.0,
    "recording_duration_sec": null
  },
  "modal_parameters": {
    "original_state": {
      "natural_frequencies_hz": [
        2.001953125,
        18.505859375,
        24.4140625,
        35.3515625,
        41.259765625
      ],
      "mode_shapes": [
        [
          0.1940625241526919,
          1.0,
          0.20246516415300408,
          0.06391586794337817,
          0.2429632635542045,
          0.007958340943976997
        ],
        [
          0.48233307013514914,
          1.0,
          0.09389852281553561,
          0.024369207323693815,
          0.07727977105299924,
          0.00442031242616744
        ],
        [
          0.22512675230855836,
          1.0,
          0.12399203808131096,
          0.09447931267774526,
          0.21266537047140197,
          0.04025455710741251
        ],
        [
          0.3748403709599855,
          1.0,
          0.1361104083878627,
          0.16862956276936714,
          0.5718762906508797,
          0.06594571813420348
        ],
        [
          0.6142689970161738,
          1.0,
          0.09290334560419745,
          0.21917670329781355,
          0.2309287395361379,
          0.039854888180299586
        ]
      ],
      "damping_ratios": [
        0.02,
        0.02,
        0.02,
        0.02,
        0.02
      ]
    },
    "damaged_state": {
      "natural_frequencies_hz": [
        18.115234375,
        25.5859375,
        33.3984375,
        41.845703125,
        47.55859375
      ],
      "mode_shapes": [
        [
          1.0,
          0.7015353874002819,
          0.02810445594049421,
          0.2014641411040985,
          0.8725777410257773,
          0.11488943032369711
        ],
        [
          0.13745157793478027,
          0.5693312860615948,
          0.04755833453006391,
          0.08096844887643653,
          1.0,
          0.062267884874234895
        ],
        [
          0.050288199015136696,
          0.08713480012973969,
          0.015515265413110593,
          0.08595570561313329,
          1.0,
          0.12054126794964261
        ],
        [
          0.04843203160557591,
          0.14534414975583268,
          0.06459953319893649,
          0.2208296360017471,
          1.0,
          0.07382677012573739
        ],
        [
          0.24720687078250814,
          0.5230216743806164,
          0.04414778759283292,
          0.2544558661350465,
          1.0,
          0.08994516604011947
        ]
      ],
      "damping_ratios": [
        0.02,
        0.02,
        0.02,
        0.02,
        0.02
      ]
    },
    "repaired_state": {
      "natural_frequencies_hz": [
        1.26953125,
        13.671875,
        27.783203125,
        32.32421875,
        37.6953125
      ],
      "mode_shapes": [
        [
          0.8507727828562656,
          0.4102094320669926,
          0.22337759033420082,
          0.141966625500765,
          1.0,
          0.07218539412290745
        ],
        [
          0.14418369328805722,
          0.4878922632499511,
          0.0795894598296411,
          0.4959301518976558,
          1.0,
          0.09962859977894657
        ],
        [
          0.16167469830577913,
          0.8659089445616542,
          0.10113429628453272,
          0.0025495409426501458,
          1.0,
          0.06350373995980141
        ],
        [
          0.014096286777515548,
          0.17021259110222953,
          0.03458671504927503,
          0.2012753731355013,
          1.0,
          0.05333872354286839
        ],
        [
          0.2772956105318577,
          0.5462665941961553,
          0.04024914249341111,
          0.10194310005821748,
          1.0,
          0.07081351642607726
        ]
      ],
      "damping_ratios": [
        0.02,
        0.02,
        0.02,
        0.02,
        0.02
      ]
    }
  },
  "quality_assessment": {
    "overall_score": 0.6851102220590293,
    "breakdown": {
      "frequency_recovery": 0.725,
      "mode_shape_match": 0.4087007401967643,
      "damping_recovery": 1.0
    },
    "per_mode_analysis": [
      {
        "mode": 1,
        "frequency_recovery": 1.0,
        "mac_value": 0.3393864145577568,
        "damping_recovery": 1.0
      },
      {
        "mode": 2,
        "frequency_recovery": 0.0,
        "mac_value": 0.22580586905430255,
        "damping_recovery": 1.0
      },
      {
        "mode": 3,
        "frequency_recovery": 0.625,
        "mac_value": 0.6361575276872686,
        "damping_recovery": 1.0
      },
      {
        "mode": 4,
        "frequency_recovery": 1.0,
        "mac_value": 0.38224068335966055,
        "damping_recovery": 1.0
      },
      {
        "mode": 5,
        "frequency_recovery": 1.0,
        "mac_value": 0.45991320632483285,
        "damping_recovery": 1.0
      }
    ],
    "interpretation": "Fair - Partial Improvement",
    "interpretation_code": "FAIR",
    "confidence_level": "high"
  },
  "statistics": {
    "frequency_changes": {
      "original_to_damaged_percent": [
        804.9,
        38.3,
        36.8,
        18.4,
        15.3
      ],
      "damaged_to_repaired_percent": [
        -93.0,
        -46.6,
        -16.8,
        -22.8,
        -20.7
      ],
      "recovery_percent": [
        104.5,
        168.3,
        62.5,
        146.6,
        156.6
      ]
    },
    "average_stiffness_loss_percent": 182.7146123827165,
    "average_stiffness_recovery_percent": 127.70540105092505
  },
  "mode_mapping": {
    "damaged_to_original": null,
    "repaired_to_original": null
  },
  "mac_matrices": {
    "original_vs_damaged": [
      [
        0.4820047819129349,
        0.4714270147342087,
        0.10360343655645712,
        0.14655488589608864,
        0.43830756812701926
      ],
      [
        0.5505645396240375,
        0.30605987759715964,
        0.02883902040469315,
        0.049206413743555805,
        0.303179370353846
      ],
      [
        0.5013562207492394,
        0.451860071156659,
        0.09178251411292404,
        0.13233278139132976,
        0.4299114095331374
      ],
      [
        0.7493070359358955,
        0.7192263114662899,
        0.31468396294681433,
        0.3762356029105419,
        0.7210462686915766
      ],
      [
        0.7160222236910385,
        0.40964745195140545,
        0.09102633277219767,
        0.1332942824445232,
        0.4476729829288928
      ]
    ],
    "original_vs_repaired": [
      [
        0.33938641455663765,
        0.37538777460393874,
        0.6598611778752121,
        0.15519679394093697,
        0.4633458831371984
      ],
      [
        0.34666738963185356,
        0.2258058690535321,
        0.4757634679120837,
        0.05149078354770583,
        0.33579062941428944
      ],
      [
        0.33388255716945686,
        0.36923508481715317,
        0.6361575276851167,
        0.14058121591704384,
        0.4504858656996019
      ],
      [
        0.6190689098028418,
        0.6388308814298856,
        0.8460963878062017,
        0.3822406833583024,
        0.7381771406603171
      ],
      [
        0.506863602673068,
        0.37981529908347633,
        0.5480478819158942,
        0.13193023903480341,
        0.4599132063232996
      ]
    ]
  },
  "recommendations": [
    "Further repair recommended",
    "Schedule follow-up inspection in 6 months",
    "Document repair in maintenance records",
    "Monitor vibration behavior periodically"
  ]
}