{
  "metadata": {
    "analysis_date": "2026-01-17T19:02:04",
    "program_version": "1.0",
    "structure_id": "f01e0654-198",
    "sampling_rate_hz": 100.0,
    "recording_duration_sec": null
  },
  "modal_parameters": {
    "original_state": {
      "natural_frequencies_hz": [
        13.18359375,
        18.212890625,
        23.291015625,
        33.88671875,
        41.357421875
      ],
      "mode_shapes": [
        [
          0.7980773549855884,
          1.0,
          0.12616057099490596,
          0.12698370058823624,
          0.20692829313773908,
          0.05158436514782366
        ],
        [
          0.4661667997278246,
          1.0,
          0.12496904283435768,
          0.06526871381678989,
          0.022204479900325667,
          0.047503131127116155
        ],
        [
          0.23195417742320187,
          1.0,
          0.11660046074634844,
          0.2729225650788159,
          0.19021645779182725,
          0.04745224499461143
        ],
        [
          0.2503654761977683,
          0.10047669294156211,
          0.012219021711147842,
          0.5262755345226909,
          1.0,
          0.02032599421486494
        ],
        [
          0.4930914838430129,
          1.0,
          0.09254873562230576,
          0.06760119511014892,
          0.1329147667102057,
          0.022208469324526147
        ]
      ],
      "damping_ratios": [
        0.02,
        0.02,
        0.02,
        0.02,
        0.02
      ]
    },
    "damaged_state": {
      "natural_frequencies_hz": [
        18.45703125,
        22.607421875,
        32.568359375,
        41.40625,
        47.265625
      ],
      "mode_shapes": [
        [
          1.0,
          0.2933104902281205,
          0.0934555897224245,
          0.17780635185824417,
          0.7099532922606737,
          0.09250714674883304
        ],
        [
          0.26082570476339545,
          0.295391317384258,
          0.07592715976421051,
          0.12079202014684137,
          1.0,
          0.08215094719686422
        ],
        [
          0.1549982007632731,
          0.18678603551560388,
          0.05598807828114463,
          0.14575226306008246,
          1.0,
          0.16558359176482723
        ],
        [
          0.7217598912516959,
          1.0,
          0.06253131716590521,
          0.04613742970068704,
          0.5055500493519518,
          0.0321916070533782
        ],
        [
          0.2558926515126209,
          0.1390692598090145,
          0.043302748470965456,
          0.2234657041453309,
          1.0,
          0.08384336452881878
        ]
      ],
      "damping_ratios": [
        0.02,
        0.02,
        0.02,
        0.02,
        0.02
      ]
    },
    "repaired_state": {
      "natural_frequencies_hz": [
        13.671875,
        18.603515625,
        26.123046875,
        32.763671875,
        38.671875
      ],
      "mode_shapes": [
        [
          1.0,
          0.9302906631539899,
          0.05814909380937988,
          0.23805725444302323,
          0.8893017993862762,
          0.08358380956124334
        ],
        [
          1.0,
          0.9162804516162384,
          0.04131039837534893,
          0.19730957738541452,
          0.2902857239791856,
          0.06499628309444037
        ],
        [
          0.30879558553905884,
          1.0,
          0.09090038259726087,
          0.11442706522480034,
          0.8082838178005796,
          0.04549448850880843
        ],
        [
          0.2099445826862098,
          0.23665934930858976,
          0.05113887699287946,
          0.3352989632049256,
          1.0,
          0.055081727733056335
        ],
        [
          0.46937534753157184,
          0.6593841816983701,
          0.07483186595167368,
          0.17777130035784375,
          1.0,
          0.025424481733606053
        ]
      ],
      "damping_ratios": [
        0.02,
        0.02,
        0.02,
        0.02,
        0.02
      ]
    }
  },
  "quality_assessment": {
    "overall_score": 0.8831694949790112,
    "breakdown": {
      "frequency_recovery": 0.9026510721247563,
      "mode_shape_match": 0.7728131963887772,
      "damping_recovery": 1.0
    },
    "per_mode_analysis": [
      {
        "mode": 1,
        "frequency_recovery": 0.9074074074074074,
        "mac_value": 0.8179781767394366,
        "damping_recovery": 1.0
      },
      {
        "mode": 2,
        "frequency_recovery": 0.9111111111111111,
        "mac_value": 0.8144643305430518,
        "damping_recovery": 1.0
      },
      {
        "mode": 3,
        "frequency_recovery": 0.6947368421052632,
        "mac_value": 0.7703410145815464,
        "damping_recovery": 1.0
      },
      {
        "mode": 4,
        "frequency_recovery": 1.0,
        "mac_value": 0.9568339235188008,
        "damping_recovery": 1.0
      },
      {
        "mode": 5,
        "frequency_recovery": 1.0,
        "mac_value": 0.5044485365610503,
        "damping_recovery": 1.0
      }
    ],
    "interpretation": "Very Good - Highly Effective Repair",
    "interpretation_code": "VERY_GOOD",
    "confidence_level": "high"
  },
  "statistics": {
    "frequency_changes": {
      "original_to_damaged_percent": [
        40.0,
        24.1,
        39.8,
        22.2,
        14.3
      ],
      "damaged_to_repaired_percent": [
        -25.9,
        -17.7,
        -19.8,
        -20.9,
        -18.2
      ],
      "recovery_percent": [
        90.7,
        91.1,
        69.5,
        114.9,
        145.5
      ]
    },
    "average_stiffness_loss_percent": 28.087377491440527,
    "average_stiffness_recovery_percent": 102.34302929039771
  },
  "mode_mapping": {
    "damaged_to_original": null,
    "repaired_to_original": null
  },
  "mac_matrices": {
    "original_vs_damaged": [
      [
        0.5807427365784004,
        0.2698660495135005,
        0.15973865919347155,
        0.9407025457255788,
        0.17656289954036283
      ],
      [
        0.3172292098777817,
        0.14461751594642272,
        0.06782128452585932,
        0.8363885279329188,
        0.06540279793114954
      ],
      [
        0.271053135492189,
        0.2509730981785627,
        0.16643939902402136,
        0.7843395317802351,
        0.15584024845432307
      ],
      [
        0.5332922862455501,
        0.8444668581736591,
        0.8639784188104049,
        0.2740586385742104,
        0.9291684187612922
      ],
      [
        0.3908020784124465,
        0.2185978119093221,
        0.12157538088403953,
        0.9030323023948187,
        0.1205313761099654
      ]
    ],
    "original_vs_repaired": [
      [
        0.8179781767371953,
        0.9685347202662321,
        0.6844532439484994,
        0.21048051877162946,
        0.5594117850583992
      ],
      [
        0.6166212526651527,
        0.8144643305404283,
        0.6367917391243672,
        0.09947621560718711,
        0.40545570756813065
      ],
      [
        0.6159746363197525,
        0.6888773861231603,
        0.7703410145789705,
        0.2304780252110235,
        0.5175274939654672
      ],
      [
        0.5035884416894894,
        0.20509243765853172,
        0.4592748683234864,
        0.95683392351542,
        0.7153175150069726
      ],
      [
        0.7056061888675703,
        0.8572419786920579,
        0.7219003776969581,
        0.1621434230821698,
        0.504448536559381
      ]
    ]
  },
  "recommendations": [
    "Structure suitable for normal operating loads",
    "Schedule follow-up inspection in 6 months",
    "Document repair in maintenance records",
    "Monitor vibration behavior periodically"
  ]
}