{
  "metadata": {
    "analysis_date": "2026-01-15T20:18:27",
    "program_version": "1.0",
    "structure_id": "f0ed1146-2d2",
    "sampling_rate_hz": 100.0,
    "recording_duration_sec": null
  },
  "modal_parameters": {
    "original_state": {
      "natural_frequencies_hz": [
        7.8125,
        12.6953125,
        24.072265625,
        29.1015625,
        43.1640625
      ],
      "mode_shapes": [
        [
          0.918603911800983,
          0.5875013166853049,
          1.0,
          0.5088040029520643,
          0.3572351350843927,
          0.5282806378197458
        ],
        [
          1.0,
          0.19966335519416267,
          0.3204688725380869,
          0.31755100430621647,
          0.15371742595466412,
          0.014889767659731525
        ],
        [
          0.7122012911188362,
          0.6237007740028078,
          1.0,
          0.34597749049590903,
          0.32809353679678904,
          0.21830513841364393
        ],
        [
          1.0,
          0.6372326018275623,
          0.6798088523430695,
          0.2570947460326146,
          0.45002504057305237,
          0.19605418379176925
        ],
        [
          0.4745173478103937,
          0.6491497985469024,
          0.6098404776569113,
          0.48190879510115603,
          0.8592471181234638,
          1.0
        ]
      ],
      "damping_ratios": [
        0.02,
        0.02,
        0.02,
        0.02,
        0.02
      ]
    },
    "damaged_state": {
      "natural_frequencies_hz": [
        11.328125,
        16.015625,
        23.92578125,
        36.9140625,
        44.189453125
      ],
      "mode_shapes": [
        [
          1.0,
          0.40556175409801604,
          0.08317114879437211,
          0.6322989032372134,
          0.7950058119567446,
          0.6897253913316443
        ],
        [
          0.69750447323227,
          0.2612336419226308,
          1.0,
          0.3035528215576414,
          0.2516910758388559,
          0.31220252123045916
        ],
        [
          1.0,
          0.6280042156553588,
          0.9785083608861255,
          0.504853915580065,
          0.31965898570291373,
          0.5208284613630678
        ],
        [
          0.5319020637138882,
          0.27262489687837443,
          1.0,
          0.7283685200408099,
          0.4708921658911712,
          0.4394266403048563
        ],
        [
          0.4332973890331621,
          0.27452951936816367,
          0.5065904893852705,
          0.8920836497394347,
          1.0,
          0.6664308745210454
        ]
      ],
      "damping_ratios": [
        0.02,
        0.02,
        0.02,
        0.02,
        0.02
      ]
    },
    "repaired_state": {
      "natural_frequencies_hz": [
        8.0078125,
        16.162109375,
        24.12109375,
        32.177734375,
        45.263671875
      ],
      "mode_shapes": [
        [
          0.5587502654947569,
          1.0,
          0.7894673558312068,
          0.053050677322513985,
          0.028141497700830263,
          0.07359055258604487
        ],
        [
          0.6323891566815871,
          1.0,
          0.9098397291478646,
          0.05869085528782163,
          0.031786799910389206,
          0.07555976490585894
        ],
        [
          0.8549035462677225,
          1.0,
          0.7005552170716183,
          0.64438441018962,
          0.43061830721674005,
          0.4980111771918929
        ],
        [
          1.0,
          0.5258312714765405,
          0.3292583498490586,
          0.3244870407414778,
          0.6188623271146694,
          0.13830064775945167
        ],
        [
          0.1912014164072499,
          0.49035071426542065,
          0.21921666685372398,
          1.0,
          0.34506214717809236,
          0.7706222678270692
        ]
      ],
      "damping_ratios": [
        0.02,
        0.02,
        0.02,
        0.02,
        0.02
      ]
    }
  },
  "quality_assessment": {
    "overall_score": 0.7784381878046303,
    "breakdown": {
      "frequency_recovery": 0.7164880952380953,
      "mode_shape_match": 0.7339804672852756,
      "damping_recovery": 1.0
    },
    "per_mode_analysis": [
      {
        "mode": 1,
        "frequency_recovery": 0.9761904761904762,
        "mac_value": 0.696455522083924,
        "damping_recovery": 1.0
      },
      {
        "mode": 2,
        "frequency_recovery": 1.0,
        "mac_value": 0.46493297457072863,
        "damping_recovery": 1.0
      },
      {
        "mode": 3,
        "frequency_recovery": 1.0,
        "mac_value": 0.8684082461204413,
        "damping_recovery": 1.0
      },
      {
        "mode": 4,
        "frequency_recovery": 0.60625,
        "mac_value": 0.9218284878982927,
        "damping_recovery": 1.0
      },
      {
        "mode": 5,
        "frequency_recovery": 0.0,
        "mac_value": 0.7182771057529911,
        "damping_recovery": 1.0
      }
    ],
    "interpretation": "Good - Acceptable Repair",
    "interpretation_code": "GOOD",
    "confidence_level": "high"
  },
  "statistics": {
    "frequency_changes": {
      "original_to_damaged_percent": [
        45.0,
        26.2,
        -0.6,
        26.8,
        2.4
      ],
      "damaged_to_repaired_percent": [
        -29.3,
        0.9,
        0.8,
        -12.8,
        2.4
      ],
      "recovery_percent": [
        94.4,
        -4.4,
        133.3,
        60.6,
        -104.8
      ]
    },
    "average_stiffness_loss_percent": 19.953306015764326,
    "average_stiffness_recovery_percent": 35.84582166199813
  },
  "mode_mapping": {
    "damaged_to_original": null,
    "repaired_to_original": null
  },
  "mac_matrices": {
    "original_vs_damaged": [
      [
        0.6387490930493777,
        0.9409222278071586,
        0.9969651856657311,
        0.8907896286016644,
        0.6307506287018912
      ],
      [
        0.6115526822489195,
        0.6389662154104923,
        0.7262850264517412,
        0.5075944260213416,
        0.34434163522256794
      ],
      [
        0.48435617353576177,
        0.9347690061615146,
        0.9471630062794023,
        0.8416381070213453,
        0.5220429605355678
      ],
      [
        0.6663323168667022,
        0.8205669222242058,
        0.9192446101948514,
        0.69872495199079,
        0.5175609067238129
      ],
      [
        0.7594714295076639,
        0.5897819782580928,
        0.7116060801557292,
        0.7253054660895061,
        0.850274755943009
      ]
    ],
    "original_vs_repaired": [
      [
        0.6964555220821003,
        0.7299333528971597,
        0.9061663152419526,
        0.7524176327795687,
        0.5097793304100361
      ],
      [
        0.43361585716716977,
        0.46493297456928084,
        0.6233058057566268,
        0.8299147340410397,
        0.2128485967998132
      ],
      [
        0.8148279336561294,
        0.8490673910919901,
        0.8684082461182706,
        0.7157933268388138,
        0.3752820086630209
      ],
      [
        0.743529273061618,
        0.7670432081680909,
        0.8808426125283629,
        0.921828487895702,
        0.33363252886726297
      ],
      [
        0.39703206985083245,
        0.39975938142166983,
        0.7713432239251221,
        0.600577659913454,
        0.7182771057511534
      ]
    ]
  },
  "recommendations": [
    "Structure suitable for normal operating loads",
    "Schedule follow-up inspection in 6 months",
    "Document repair in maintenance records",
    "Monitor vibration behavior periodically"
  ]
}