{
  "metadata": {
    "analysis_date": "2026-01-17T18:45:22",
    "program_version": "1.0",
    "structure_id": "f17a0ec1-5c6",
    "sampling_rate_hz": 100.0,
    "recording_duration_sec": null
  },
  "modal_parameters": {
    "original_state": {
      "natural_frequencies_hz": [
        6.0546875,
        10.25390625,
        14.501953125,
        21.484375,
        45.263671875
      ],
      "mode_shapes": [
        [
          0.1610085083380296,
          1.0,
          0.3683075133633973,
          0.26804029066331414,
          0.23536269298244059,
          0.10460841589882189
        ],
        [
          1.0,
          0.43979236013603884,
          0.47231676542288564,
          0.7415198304022286,
          0.25425702019023644,
          0.37516370862055193
        ],
        [
          0.9325352600390335,
          0.4957225031401029,
          0.5713422037010031,
          1.0,
          0.5770008726488606,
          0.7266826028407193
        ],
        [
          0.6189162748034075,
          0.5786904974057141,
          1.0,
          0.6152164772709449,
          0.36079767968794985,
          0.6698291370172191
        ],
        [
          0.37580170391814066,
          0.5994794024207311,
          1.0,
          0.19049644071623345,
          0.7496394066110694,
          0.4435667721065706
        ]
      ],
      "damping_ratios": [
        0.02,
        0.02,
        0.02,
        0.02,
        0.02
      ]
    },
    "damaged_state": {
      "natural_frequencies_hz": [
        1.953125,
        14.501953125,
        21.484375,
        38.623046875,
        45.263671875
      ],
      "mode_shapes": [
        [
          0.6685228331888147,
          0.8474998791232325,
          0.707563901405021,
          1.0,
          0.32290460585355474,
          0.8191359040420961
        ],
        [
          0.9325357888351589,
          0.4957225056059473,
          0.5713421866710828,
          1.0,
          0.5770001702077092,
          0.7266809778719349
        ],
        [
          0.6189163629661547,
          0.5786905545585994,
          1.0,
          0.6152165437242397,
          0.3607976236956082,
          0.6698290752085723
        ],
        [
          1.0,
          0.9671550924666573,
          0.49166552132738156,
          0.5449558025422505,
          0.4151495513413179,
          0.6295618822327149
        ],
        [
          0.3758017075402482,
          0.5994794029483409,
          1.0,
          0.1904964417361705,
          0.749639405842455,
          0.4435667705704612
        ]
      ],
      "damping_ratios": [
        0.02,
        0.02,
        0.02,
        0.02,
        0.02
      ]
    },
    "repaired_state": {
      "natural_frequencies_hz": [
        1.953125,
        14.501953125,
        21.484375,
        38.623046875,
        45.263671875
      ],
      "mode_shapes": [
        [
          0.6685182148950318,
          0.8476515491659493,
          0.7076241636725428,
          1.0,
          0.32290331135921413,
          0.8191923844115498
        ],
        [
          0.9325356835881563,
          0.495722739166384,
          0.571342129106382,
          1.0,
          0.5770000674574302,
          0.7266809165290044
        ],
        [
          0.6189162506355911,
          0.5786905290517866,
          1.0,
          0.6152164370241813,
          0.36079761427453705,
          0.6698290706614933
        ],
        [
          1.0,
          0.9671551154133485,
          0.4916655215212037,
          0.5449558021972064,
          0.41514954699360707,
          0.6295618846351898
        ],
        [
          0.37580170308271704,
          0.5994794017972498,
          1.0,
          0.19049644663721932,
          0.7496394056941407,
          0.4435667714099557
        ]
      ],
      "damping_ratios": [
        0.02,
        0.02,
        0.02,
        0.02,
        0.02
      ]
    }
  },
  "quality_assessment": {
    "overall_score": 0.46877304754930904,
    "breakdown": {
      "frequency_recovery": 0.0,
      "mode_shape_match": 0.8959101584976968,
      "damping_recovery": 1.0
    },
    "per_mode_analysis": [
      {
        "mode": 1,
        "frequency_recovery": 0.0,
        "mac_value": 0.605427227176021,
        "damping_recovery": 1.0
      },
      {
        "mode": 2,
        "frequency_recovery": -0.0,
        "mac_value": 0.8741235653134605,
        "damping_recovery": 1.0
      },
      {
        "mode": 3,
        "frequency_recovery": 0.0,
        "mac_value": 0.9999999999990064,
        "damping_recovery": 1.0
      },
      {
        "mode": 4,
        "frequency_recovery": 0.0,
        "mac_value": 0.9999999999999966,
        "damping_recovery": 1.0
      },
      {
        "mode": 5,
        "frequency_recovery": 0.0,
        "mac_value": 1.0,
        "damping_recovery": 1.0
      }
    ],
    "interpretation": "Poor - Minimal Improvement",
    "interpretation_code": "POOR",
    "confidence_level": "high"
  },
  "statistics": {
    "frequency_changes": {
      "original_to_damaged_percent": [
        -67.7,
        41.4,
        48.1,
        79.8,
        0.0
      ],
      "damaged_to_repaired_percent": [
        0.0,
        0.0,
        0.0,
        0.0,
        0.0
      ],
      "recovery_percent": [
        0.0,
        -0.0,
        -0.0,
        -0.0,
        0.0
      ]
    },
    "average_stiffness_loss_percent": 20.321502273115176,
    "average_stiffness_recovery_percent": 0.0
  },
  "mode_mapping": {
    "damaged_to_original": null,
    "repaired_to_original": null
  },
  "mac_matrices": {
    "original_vs_damaged": [
      [
        0.6053710000701574,
        0.41588502098432645,
        0.537047997990153,
        0.6626692357137874,
        0.5683180197210248
      ],
      [
        0.840596363357933,
        0.9289064048753791,
        0.7918840868406002,
        0.8741235707682133,
        0.5199526982880591
      ],
      [
        0.917616833844045,
        0.9999999999968765,
        0.8531006633999688,
        0.8570863394017879,
        0.6178342703770314
      ],
      [
        0.9086211270885816,
        0.8531005728917815,
        0.9999999999975469,
        0.8158154275799226,
        0.8348249059423175
      ],
      [
        0.6481625886909423,
        0.6178340734827427,
        0.8348248711092203,
        0.6565688102127588,
        0.9999999999973599
      ]
    ],
    "original_vs_repaired": [
      [
        0.605427227174306,
        0.4158851535801026,
        0.5370480019118764,
        0.6626692443516207,
        0.5683180198621688
      ],
      [
        0.8405665669001868,
        0.9289064151237122,
        0.7918840267414169,
        0.8741235653112717,
        0.5199526981385634
      ],
      [
        0.9175854782151774,
        0.999999999996805,
        0.8531006184328316,
        0.857086333177793,
        0.6178342714055757
      ],
      [
        0.9086228359286038,
        0.8531005935946626,
        0.9999999999975508,
        0.8158154243075848,
        0.8348249068666025
      ],
      [
        0.648181405166016,
        0.61783408302938,
        0.8348249046153512,
        0.6565688079698603,
        0.9999999999973597
      ]
    ]
  },
  "recommendations": [
    "Further repair recommended",
    "Schedule follow-up inspection in 6 months",
    "Document repair in maintenance records",
    "Monitor vibration behavior periodically"
  ]
}