{
  "metadata": {
    "analysis_date": "2026-01-15T21:25:47",
    "program_version": "1.0",
    "structure_id": "f6f605f0-376",
    "sampling_rate_hz": 100.0,
    "recording_duration_sec": null
  },
  "modal_parameters": {
    "original_state": {
      "natural_frequencies_hz": [
        8.0078125,
        13.232421875,
        17.87109375,
        23.974609375,
        39.94140625
      ],
      "mode_shapes": [
        [
          0.7376418700018403,
          1.0,
          0.9638523945169942,
          0.23076619159504638,
          0.1295462257156221,
          0.08229158627024936
        ],
        [
          1.0,
          0.40307066841654604,
          0.7226322299925942,
          0.2437651218866151,
          0.4980783834932664,
          0.693652292681032
        ],
        [
          0.3323115891961724,
          0.17782608660615773,
          1.0,
          0.45409026351375575,
          0.18147596498315605,
          0.18186422126371962
        ],
        [
          0.7706157803013707,
          1.0,
          0.8809277586911614,
          0.13944993984740028,
          0.05335728581815384,
          0.09803236222579643
        ],
        [
          0.7932325172877068,
          0.7888056170616813,
          1.0,
          0.12525233774972228,
          0.25051776238272616,
          0.093134236576387
        ]
      ],
      "damping_ratios": [
        0.02,
        0.02,
        0.02,
        0.02,
        0.02
      ]
    },
    "damaged_state": {
      "natural_frequencies_hz": [
        8.0078125,
        15.869140625,
        23.876953125,
        31.884765625,
        39.94140625
      ],
      "mode_shapes": [
        [
          0.7307145268314474,
          0.891496138118162,
          1.0,
          0.19343136482643516,
          0.15299648383617254,
          0.26744742600433496
        ],
        [
          0.7132475931008849,
          0.37134056144326555,
          1.0,
          0.3292944040778272,
          0.1564156928921301,
          0.23360501106190215
        ],
        [
          0.6261280115418827,
          0.8868230992230064,
          1.0,
          0.11717836229464712,
          0.12296579242525577,
          0.10024479622445866
        ],
        [
          0.7121700519060883,
          1.0,
          0.9528748288923349,
          0.2786895795172511,
          0.011181809355772102,
          0.09182186582073498
        ],
        [
          0.6334038351840432,
          0.25856944228024786,
          1.0,
          0.9386249916827315,
          0.06225300635181436,
          0.6724201110510638
        ]
      ],
      "damping_ratios": [
        0.02,
        0.02,
        0.02,
        0.02,
        0.02
      ]
    },
    "repaired_state": {
      "natural_frequencies_hz": [
        8.0078125,
        16.162109375,
        24.12109375,
        32.177734375,
        45.263671875
      ],
      "mode_shapes": [
        [
          0.5587502654947569,
          1.0,
          0.7894673558312068,
          0.053050677322513985,
          0.028141497700830263,
          0.07359055258604487
        ],
        [
          0.6323891566815871,
          1.0,
          0.9098397291478646,
          0.05869085528782163,
          0.031786799910389206,
          0.07555976490585894
        ],
        [
          0.8549035462677225,
          1.0,
          0.7005552170716183,
          0.64438441018962,
          0.43061830721674005,
          0.4980111771918929
        ],
        [
          1.0,
          0.5258312714765405,
          0.3292583498490586,
          0.3244870407414778,
          0.6188623271146694,
          0.13830064775945167
        ],
        [
          0.1912014164072499,
          0.49035071426542065,
          0.21921666685372398,
          1.0,
          0.34506214717809236,
          0.7706222678270692
        ]
      ],
      "damping_ratios": [
        0.02,
        0.02,
        0.02,
        0.02,
        0.02
      ]
    }
  },
  "quality_assessment": {
    "overall_score": 0.7005953971279839,
    "breakdown": {
      "frequency_recovery": 0.5962962962962963,
      "mode_shape_match": 0.6748241632661192,
      "damping_recovery": 1.0
    },
    "per_mode_analysis": [
      {
        "mode": 1,
        "frequency_recovery": 0.0,
        "mac_value": 0.9717364310785945,
        "damping_recovery": 1.0
      },
      {
        "mode": 2,
        "frequency_recovery": 0.0,
        "mac_value": 0.7984683726900691,
        "damping_recovery": 1.0
      },
      {
        "mode": 3,
        "frequency_recovery": 1.0,
        "mac_value": 0.5707110611530642,
        "damping_recovery": 1.0
      },
      {
        "mode": 4,
        "frequency_recovery": 0.9814814814814815,
        "mac_value": 0.8057618771951266,
        "damping_recovery": 1.0
      },
      {
        "mode": 5,
        "frequency_recovery": 1.0,
        "mac_value": 0.22744307421374138,
        "damping_recovery": 1.0
      }
    ],
    "interpretation": "Good - Acceptable Repair",
    "interpretation_code": "GOOD",
    "confidence_level": "high"
  },
  "statistics": {
    "frequency_changes": {
      "original_to_damaged_percent": [
        0.0,
        19.9,
        33.6,
        33.0,
        0.0
      ],
      "damaged_to_repaired_percent": [
        0.0,
        1.8,
        1.0,
        0.9,
        13.3
      ],
      "recovery_percent": [
        0.0,
        -11.1,
        -4.1,
        -3.7,
        532.2
      ]
    },
    "average_stiffness_loss_percent": 17.305329331881676,
    "average_stiffness_recovery_percent": 102.66934140695574
  },
  "mode_mapping": {
    "damaged_to_original": null,
    "repaired_to_original": null
  },
  "mac_matrices": {
    "original_vs_damaged": [
      [
        0.9807071222344267,
        0.8355499551242317,
        0.9881730171820828,
        0.9933063068642287,
        0.542375996892089
      ],
      [
        0.7394445012922531,
        0.8006498247161524,
        0.6345923232197932,
        0.6089726774229093,
        0.6890775607208586
      ],
      [
        0.7042192992504942,
        0.8947660513755994,
        0.6792850157275216,
        0.6467901500376392,
        0.8315451618804105
      ],
      [
        0.9719321023821592,
        0.8015558286611332,
        0.9786534144845811,
        0.9882903824143847,
        0.49584530569925506
      ],
      [
        0.9762027354519804,
        0.8964613057179488,
        0.9771624729157165,
        0.9463760571306383,
        0.5515808158976205
      ]
    ],
    "original_vs_repaired": [
      [
        0.971736431075983,
        0.9820688520751675,
        0.8314107963489804,
        0.6326929227123147,
        0.2686490435674154
      ],
      [
        0.5391812235309977,
        0.5695317402191329,
        0.8107159579573673,
        0.7984683726878923,
        0.4448526498887165
      ],
      [
        0.5197620535175457,
        0.5707110611513414,
        0.6072308541575734,
        0.4040600794744244,
        0.3658067447575367
      ],
      [
        0.9825737239942877,
        0.989443471095283,
        0.8057618771931664,
        0.619762316821034,
        0.23137883263948586
      ],
      [
        0.9170168242458586,
        0.9439478286897715,
        0.8038682917661271,
        0.6887500694568889,
        0.2274430742131252
      ]
    ]
  },
  "recommendations": [
    "Structure suitable for normal operating loads",
    "Schedule follow-up inspection in 6 months",
    "Document repair in maintenance records",
    "Monitor vibration behavior periodically"
  ]
}