{
  "names": [
    "S1_Y_band_0_5hz",
    "S2_Z_mean",
    "S1_Y_peak1_power",
    "phase_lag_X",
    "S1_Z_band_0_5hz",
    "S1_Y_peak2_freq",
    "S2_X_skewness",
    "S1_Z_peak3_power",
    "S2_Z_peak2_freq",
    "S1_Y_band_50_200hz",
    "S2_Z_mav",
    "S1_X_band_0_5hz",
    "S2_Y_peak2_freq",
    "S1_X_mean",
    "corr_S1Z_S2X",
    "S2_Y_energy",
    "rms_ratio_Y",
    "S2_Y_skewness",
    "S1_X_peak2_freq",
    "S1_Y_skewness"
  ],
  "importance": [
    0.03452954268537907,
    0.025454507749217106,
    0.022946718205519225,
    0.021876157088888324,
    0.020640201271049447,
    0.019633692023306178,
    0.01906234133994009,
    0.018409264444497357,
    0.016572673386796247,
    0.016436774144888693,
    0.015618768411175689,
    0.01547183473200036,
    0.014520132072232841,
    0.012792233414164,
    0.01251227089178621,
    0.012270534609956764,
    0.012101521292095359,
    0.01127206760628927,
    0.011126669265630643,
    0.011013092692915607
  ],
  "indices": [
    52,
    160,
    59,
    213,
    84,
    60,
    104,
    95,
    188,
    54,
    166,
    20,
    156,
    0,
    201,
    142,
    208,
    136,
    28,
    40
  ]
}